{
  "gen": 9,
  "score": 2878.0,
  "score_SLM": 2878,
  "score_AOD": 2966,
  "survive_SLM": 0.7222,
  "survive_AOD": 0.7385,
  "nzbar_SLM": 35.39642758238715,
  "nzbar_AOD": 31.07596479350034,
  "num_pulses": 260,
  "unique_pairs": [
    [
      0,
      -3
    ],
    [
      0,
      -2
    ],
    [
      0,
      -1
    ],
    [
      1,
      -3
    ],
    [
      1,
      -2
    ],
    [
      1,
      -1
    ],
    [
      2,
      -10
    ],
    [
      2,
      -9
    ],
    [
      2,
      -8
    ],
    [
      2,
      -7
    ],
    [
      2,
      -6
    ],
    [
      2,
      -5
    ],
    [
      2,
      -4
    ],
    [
      2,
      -3
    ],
    [
      2,
      -2
    ],
    [
      2,
      -1
    ]
  ],
  "omega_vector": [
    20000.0,
    17760.42578125,
    5926.83544921875,
    20000.0,
    10060.341796875,
    4332.263671875,
    9999.999999999998,
    7601.838977603778,
    8144.911424948132,
    9218.967529394919,
    8997.078122953546,
    9815.317277933482,
    6036.8053770009765,
    2559.200226030084,
    5744.763804748631,
    82.51295076913728
  ],
  "time_vector": [
    6.814449443481863e-05,
    7.641866250196472e-05,
    0.0001462052168790251,
    5.634267290588468e-05,
    0.00013017933815717697,
    0.0001981102832360193,
    1.3163119211087471e-05,
    4.1593625936121754e-05,
    4.735639529428625e-05,
    1.919870739224522e-05,
    0.0001045503639113334,
    0.0001147954768746314,
    0.0001239341503502084,
    0.0003138666541796888,
    0.00024800850068378005,
    4.3966292797506705e-05
  ],
  "detuning_vector": [
    0.0,
    0.0,
    0.0,
    0.0,
    0.0,
    0.0,
    12028.167720828675,
    13599.710115696025,
    19190.742544340625,
    -16285.202439452274,
    -2719.422087203652,
    14848.499577628023,
    6910.721529516205,
    -1755.0502551719296,
    536.5566320265422,
    14027.355986306637
  ],
  "omega_scales": [
    1.0,
    1.0,
    1.0,
    1.0,
    1.0,
    1.0,
    0.9999999999999998,
    0.7601838977603779,
    0.8144911424948131,
    0.9218967529394919,
    0.8997078122953546,
    0.9815317277933482,
    0.656853188156262,
    0.8110113046458021,
    1.35221186003036,
    1.2529915279863495
  ],
  "time_scales": [
    1.0,
    1.0,
    1.0,
    1.0,
    1.0,
    1.0,
    0.715758252602249,
    0.9662750919572854,
    1.1802335691044856,
    1.0483698705307467,
    1.1822391297214179,
    0.8787427119851476,
    0.9239023621700089,
    1.2461930119776237,
    1.1270595299650088,
    0.9835603082830471
  ],
  "detuning_offsets": [
    0.0,
    0.0,
    0.0,
    0.0,
    0.0,
    0.0,
    1407.2692833286756,
    2782.4659750710252,
    8445.361684965625,
    -11866.361130858524,
    185.85330342134762,
    11468.594060049898,
    3720.699068578705,
    -2550.451683394586,
    132.0969457472453,
    1537.2339159941362
  ],
  "omega_lin_max_xyz": [
    20000.0,
    20000.0,
    10000.0
  ]
}