{
  "gen": 26,
  "fitness": 3527.373307783558,
  "score_list": [
    3558,
    4122,
    4102,
    3760,
    3069
  ],
  "num_pulses": 200,
  "unique_pairs": [
    [
      0,
      -3
    ],
    [
      0,
      -2
    ],
    [
      0,
      -1
    ],
    [
      1,
      -3
    ],
    [
      1,
      -2
    ],
    [
      1,
      -1
    ],
    [
      2,
      -5
    ],
    [
      2,
      -4
    ],
    [
      2,
      -3
    ],
    [
      2,
      -2
    ]
  ],
  "omega_vector": [
    19374.12094061299,
    14748.534037615567,
    2363.155512532358,
    24651.217020568925,
    14162.284525254603,
    993.243170901028,
    11598.760245434309,
    13767.08196820442,
    3181.4518551916026,
    3273.6608542790796
  ],
  "time_vector": [
    6.450892068773182e-05,
    0.0001003824696584265,
    2.3403204887496772e-05,
    7.153706480707539e-05,
    0.00010412527904812054,
    6.510786933089965e-05,
    6.206666059976005e-05,
    6.979246370116682e-05,
    0.0001869936223969516,
    0.00014931623278129576
  ],
  "omega_scales": [
    0.7905856599466117,
    0.6018326999771715,
    0.1730127708056423,
    1.4655164286546154,
    0.8419487208977825,
    0.1,
    2.5302686553362377,
    3.0032878723658802,
    1.347838941251584,
    1.3869037724547104
  ],
  "time_scales": [
    0.9215560098247404,
    1.4340352808346641,
    0.4680640977499354,
    1.0219580686725056,
    1.4875039864017219,
    1.302157386617993,
    1.241333211995201,
    1.3958492740233368,
    0.9349681119847579,
    0.7465811639064788
  ]
}