{
  "gen": 3,
  "fitness": 69.63174203198712,
  "z_mean": 56.461742031987114,
  "good_frac": 0.8691,
  "survive_frac": 0.9984,
  "num_pulses": 200,
  "z_dns": [
    -5,
    -4,
    -3,
    -2
  ],
  "omega_scales_z": [
    0.5151309449319951,
    0.47366077014590763,
    0.1414678559734282,
    0.7384858837736201
  ],
  "time_scales_z": [
    0.8584748040191149,
    0.9783788158257406,
    0.1457216968081414,
    0.6203627249108573
  ]
}