{
  "gen": 9,
  "score": 23163.0,
  "n_bar": 8.402342155662303,
  "num_pulses": 260,
  "good": 0.63702,
  "unique_pairs": [
    [
      0,
      -3
    ],
    [
      0,
      -2
    ],
    [
      0,
      -1
    ],
    [
      1,
      -3
    ],
    [
      1,
      -2
    ],
    [
      1,
      -1
    ],
    [
      2,
      -10
    ],
    [
      2,
      -9
    ],
    [
      2,
      -8
    ],
    [
      2,
      -7
    ],
    [
      2,
      -6
    ],
    [
      2,
      -5
    ],
    [
      2,
      -4
    ],
    [
      2,
      -3
    ],
    [
      2,
      -2
    ],
    [
      2,
      -1
    ]
  ],
  "omega_vector": [
    23328.59392031716,
    25526.425122062898,
    8493.07114353246,
    12444.731666581873,
    15472.386237462559,
    14001.353525236711,
    8857.524024680753,
    12513.28847128303,
    17731.451490717536,
    7280.697213054478,
    15452.479863402448,
    15147.496916635522,
    4475.893051785329,
    3630.945919619353,
    132.52775380600175,
    784.8830754394733
  ],
  "time_vector": [
    8.706590362343759e-05,
    4.48406207688731e-05,
    0.00012422014386609845,
    0.00011623480441919998,
    8.345755327711563e-05,
    9.361434963429633e-05,
    3.657487852001234e-05,
    3.692956988871692e-05,
    3.0890413443488156e-05,
    2.2906133377281757e-05,
    7.826089293741128e-05,
    0.00020438571372438554,
    0.0001251872359811373,
    7.890491105020048e-05,
    8.659870951123109e-05,
    4.3994523672932186e-05
  ],
  "omega_scales": [
    1.3005820506791081,
    1.3811275617715137,
    0.9337797398468383,
    0.8838325296422092,
    1.202232833575001,
    1.7513460707313255,
    0.9416473948699938,
    0.7622733194319543,
    1.3479344539807685,
    0.6299134148357466,
    1.8011866503079128,
    1.17295834559627,
    0.8790259137101827,
    0.588678827470467,
    0.03105811764628369,
    0.976076742939592
  ],
  "time_scales": [
    1.1047711617601066,
    0.3971092122081611,
    1.0457865650615707,
    1.47550174274296,
    0.7329040875039337,
    0.6908976212628921,
    0.9081823448910804,
    1.0883031349388628,
    0.770476992166617,
    0.8697752377419928,
    1.1666708330434599,
    1.9326667972725504,
    1.403359749553004,
    0.6460494213431116,
    0.6141189216277564,
    1.0371689678571319
  ]
}