{
  "gen": 29,
  "score": 2830.0,
  "score_SLM": 2904,
  "score_AOD": 2830,
  "survive_SLM": 0.7417,
  "survive_AOD": 0.7447,
  "nzbar_SLM": 38.519212619657544,
  "nzbar_AOD": 31.19148650463274,
  "num_pulses": 260,
  "unique_pairs": [
    [
      0,
      -3
    ],
    [
      0,
      -2
    ],
    [
      0,
      -1
    ],
    [
      1,
      -3
    ],
    [
      1,
      -2
    ],
    [
      1,
      -1
    ],
    [
      2,
      -10
    ],
    [
      2,
      -9
    ],
    [
      2,
      -8
    ],
    [
      2,
      -7
    ],
    [
      2,
      -6
    ],
    [
      2,
      -5
    ],
    [
      2,
      -4
    ],
    [
      2,
      -3
    ],
    [
      2,
      -2
    ],
    [
      2,
      -1
    ]
  ],
  "omega_vector": [
    20000.0,
    17760.42578125,
    5926.83544921875,
    20000.0,
    10060.341796875,
    4332.263671875,
    9359.301013442619,
    8276.021244252484,
    6731.46389298623,
    7878.78979654997,
    7924.457940784966,
    8193.365260788252,
    6310.943234486804,
    3578.751443214716,
    4454.597028871913,
    53.14227073669531
  ],
  "time_vector": [
    6.814449443481863e-05,
    7.641866250196472e-05,
    0.0001462052168790251,
    5.634267290588468e-05,
    0.00013017933815717697,
    0.0001981102832360193,
    1.0607911526906302e-05,
    4.646850928212892e-05,
    4.611830737978435e-05,
    9.567822797115516e-06,
    0.00012071776224204185,
    0.00016571844044709227,
    8.713942285848048e-05,
    0.000338527319777554,
    0.0002451888272282205,
    2.854693641931051e-05
  ],
  "detuning_vector": [
    0.0,
    0.0,
    0.0,
    0.0,
    0.0,
    0.0,
    6400.358096522185,
    -3429.890820356344,
    19325.941565938363,
    -8686.614960113424,
    -3214.156855407534,
    5003.970948898604,
    4637.365134794136,
    -411.50531067819225,
    663.0636424299303,
    16803.87836129612
  ],
  "omega_scales": [
    1.0,
    1.0,
    1.0,
    1.0,
    1.0,
    1.0,
    0.9359301013442619,
    0.8276021244252484,
    0.673146389298623,
    0.787878979654997,
    0.7924457940784966,
    0.8193365260788252,
    0.686681601437551,
    1.134107385363483,
    1.0485303032158644,
    0.8069862293173731
  ],
  "time_scales": [
    1.0,
    1.0,
    1.0,
    1.0,
    1.0,
    1.0,
    0.5768161859282013,
    1.0795250971546761,
    1.1493774849554033,
    0.5224631503642119,
    1.3650575362509845,
    1.268550606253097,
    0.649605604182415,
    1.3441070424409634,
    1.1142456956378954,
    0.6386172633300993
  ],
  "detuning_offsets": [
    0.0,
    0.0,
    0.0,
    0.0,
    0.0,
    0.0,
    -4220.540340977815,
    -14247.134960981344,
    8580.560706563363,
    -4267.773651519673,
    -308.88146478253384,
    1624.0654313204786,
    1447.3426738566359,
    -1206.9067389008485,
    258.6039561506334,
    4313.756290983618
  ],
  "omega_lin_max_xyz": [
    20000.0,
    20000.0,
    10000.0
  ]
}