{
  "gen": 11,
  "fitness": 2197.821232597305,
  "score_list": [
    2066,
    2447,
    2994,
    2318,
    2033
  ],
  "num_pulses": 200,
  "unique_pairs": [
    [
      0,
      -3
    ],
    [
      0,
      -2
    ],
    [
      0,
      -1
    ],
    [
      1,
      -3
    ],
    [
      1,
      -2
    ],
    [
      1,
      -1
    ],
    [
      2,
      -5
    ],
    [
      2,
      -4
    ],
    [
      2,
      -3
    ],
    [
      2,
      -2
    ]
  ],
  "omega_vector": [
    27010.674412711145,
    24625.9915592461,
    8289.025997147506,
    17806.044275810673,
    16564.275855790776,
    2507.8019746430805,
    6610.240329750786,
    6686.406262842665,
    2609.554434125997,
    2604.2302854861987
  ],
  "time_vector": [
    3.87341884894452e-05,
    7.19481534776696e-05,
    4.250525047275614e-05,
    9.894101354882467e-05,
    9.229718455461131e-05,
    3.832459552547043e-05,
    6.179950245983166e-05,
    7.245003823868896e-05,
    0.0002578539280253807,
    0.0001737155803587786
  ],
  "omega_scales": [
    1.102204942440122,
    1.0048949239237217,
    0.6068611851573418,
    1.0585704711365105,
    0.9847472591382882,
    0.2524862035918263,
    1.4420234194591377,
    1.4586390119042596,
    1.1055515675622045,
    1.1032959637711173
  ],
  "time_scales": [
    0.5533455498492172,
    1.0278307639667086,
    0.8501050094551228,
    1.4134430506974955,
    1.3185312079230187,
    0.7664919105094086,
    1.2359900491966331,
    1.4490007647737795,
    1.2892696401269035,
    0.8685779017938929
  ]
}