{
  "gen": 17,
  "fitness": 2372.757835391149,
  "score_list": [
    2272,
    2825,
    3021,
    2704,
    1987
  ],
  "num_pulses": 200,
  "unique_pairs": [
    [
      0,
      -3
    ],
    [
      0,
      -2
    ],
    [
      0,
      -1
    ],
    [
      1,
      -3
    ],
    [
      1,
      -2
    ],
    [
      1,
      -1
    ],
    [
      2,
      -5
    ],
    [
      2,
      -4
    ],
    [
      2,
      -3
    ],
    [
      2,
      -2
    ]
  ],
  "omega_vector": [
    18278.227721720315,
    15673.363832159088,
    1365.885016191701,
    24340.314248693114,
    7542.252023168548,
    2585.4455085019945,
    6618.032540339268,
    6746.896032845588,
    3540.614265348371,
    3481.830602252465
  ],
  "time_vector": [
    5.520421382734669e-05,
    8.826154454591567e-05,
    3.842995305585754e-05,
    0.00010014539931756362,
    0.00010806094782656904,
    1.7782364269711725e-05,
    7.619833692942086e-05,
    7.628664594549128e-05,
    0.00011997007016175437,
    0.0001732087750807194
  ],
  "omega_scales": [
    0.7458663425466106,
    0.639571556656072,
    0.1,
    1.4470332389801226,
    0.4483873652073312,
    0.26030337627759254,
    1.443723289599619,
    1.4718348505773748,
    1.5,
    1.4750959895555908
  ],
  "time_scales": [
    0.7886316261049529,
    1.2608792077987951,
    0.7685990611171508,
    1.4306485616794804,
    1.5437278260938432,
    0.3556472853942345,
    1.5239667385884172,
    1.5257329189098259,
    0.5998503508087718,
    0.8660438754035971
  ]
}