{
  "gen": 1,
  "fitness_penalized": 286.0,
  "raw_survivors": 286,
  "num_pulses": 280,
  "length_penalty": 0.0,
  "unique_pairs": [
    [
      0,
      -3
    ],
    [
      0,
      -2
    ],
    [
      0,
      -1
    ],
    [
      1,
      -3
    ],
    [
      1,
      -2
    ],
    [
      1,
      -1
    ],
    [
      2,
      -5
    ],
    [
      2,
      -4
    ],
    [
      2,
      -3
    ],
    [
      2,
      -2
    ],
    [
      2,
      -1
    ]
  ],
  "omega_vector": [
    12688.516165537236,
    17379.839712491754,
    3727.087884355658,
    9167.643707345907,
    19011.447589580905,
    6707.6728017896385,
    11060.307411438826,
    7778.233248164054,
    37577.771147702784,
    6129.167167519145,
    5999.014464416408
  ],
  "time_vector": [
    0.00011263290128025047,
    4.821590998660236e-05,
    7.893799942530678e-05,
    0.00010732967438906091,
    4.1137012578534144e-05,
    0.00010047520665914387,
    7.715851162127824e-05,
    5.604555941005195e-05,
    4.5319432651760803e-05,
    0.0002133386290141187,
    0.0002068922159068426
  ],
  "omega_scales": [
    0.9487105933001685,
    1.010704524818751,
    0.657458302800338,
    0.6854576679646323,
    1.105588798286397,
    1.183233482235692,
    1.1945132004353924,
    0.6000351362869412,
    1.4494283156971066,
    0.9456429344172392,
    0.9255622316528169
  ],
  "time_scales": [
    1.2514766808916717,
    0.6887987140943195,
    1.127685706075811,
    1.1925519376562324,
    0.5876716082647735,
    1.4353600951306267,
    1.1022644517325464,
    1.120911188201039,
    0.9063886530352163,
    1.0666931450705934,
    1.034461079534213
  ]
}