{
  "gen": 37,
  "score": 3725.693224085955,
  "score_SLM": 4006,
  "score_AOD": 3465,
  "survive_SLM": 0.696,
  "survive_AOD": 0.7151,
  "nzbar_SLM": 13.071408045977012,
  "nzbar_AOD": 10.558663124038596,
  "num_pulses": 260,
  "unique_pairs": [
    [
      0,
      -3
    ],
    [
      0,
      -2
    ],
    [
      0,
      -1
    ],
    [
      1,
      -3
    ],
    [
      1,
      -2
    ],
    [
      1,
      -1
    ],
    [
      2,
      -10
    ],
    [
      2,
      -9
    ],
    [
      2,
      -8
    ],
    [
      2,
      -7
    ],
    [
      2,
      -6
    ],
    [
      2,
      -5
    ],
    [
      2,
      -4
    ],
    [
      2,
      -3
    ],
    [
      2,
      -2
    ],
    [
      2,
      -1
    ]
  ],
  "omega_vector": [
    20508.373046875,
    17760.42578125,
    5926.83544921875,
    25809.142578125,
    10060.341796875,
    4332.263671875,
    23399.466552472757,
    26067.093100085338,
    40688.117413459855,
    27650.741740145866,
    10741.585130202197,
    59383.242532259916,
    10224.688845771698,
    2676.8705030850097,
    6384.749089557033,
    61.33478282796582
  ],
  "time_vector": [
    6.814449443481863e-05,
    7.641866250196472e-05,
    0.0001462052168790251,
    5.634267290588468e-05,
    0.00013017933815717697,
    0.0001981102832360193,
    1.608669494270307e-05,
    5.449286310813177e-05,
    5.185969934531433e-05,
    1.2893531537620363e-05,
    8.244810359028324e-05,
    0.00010207741436807721,
    0.0001648185165852261,
    0.00014161394710772695,
    0.00020863778512391045,
    3.4147351429395584e-05
  ],
  "detuning_vector": [
    0.0,
    0.0,
    0.0,
    0.0,
    0.0,
    0.0,
    8863.89480266756,
    2949.2358682007343,
    12020.344279631718,
    -17962.351393420795,
    1005.8526229915262,
    -1435.1922197531876,
    3459.0230791643194,
    2852.2107743926063,
    -693.8734992001146,
    18983.278328204466
  ],
  "omega_scales": [
    1.0,
    1.0,
    1.0,
    1.0,
    1.0,
    1.0,
    1.6990206491230009,
    1.5092089930523138,
    1.6668467841788175,
    1.8351092594850278,
    1.0531535505785774,
    2.4175895442726487,
    1.5912298200640391,
    1.3114695203088544,
    1.1574269485569304,
    0.32862138601607216
  ],
  "time_scales": [
    1.0,
    1.0,
    1.0,
    1.0,
    1.0,
    1.0,
    1.0095431040881924,
    1.3277133977014288,
    1.0603141925854567,
    0.7560970247679859,
    1.3832318288869172,
    1.042462469511618,
    1.2634000212094598,
    0.8375330325631599,
    1.2460401002632988,
    0.6747640455131216
  ],
  "detuning_offsets": [
    0.0,
    0.0,
    0.0,
    0.0,
    0.0,
    0.0,
    9082.0974546451,
    2252.054410681203,
    10931.45231185828,
    -17097.30525084267,
    1279.785942083323,
    -2581.53462697975,
    3141.0323565080694,
    1839.2067460722935,
    -1137.5077765438646,
    19341.775032306028
  ]
}