{
  "gen": 39,
  "score": 3692.458311674158,
  "score_SLM": 3764,
  "score_AOD": 3740,
  "survive_SLM": 0.6821,
  "survive_AOD": 0.6938,
  "nzbar_SLM": 10.518692273860138,
  "nzbar_AOD": 7.895647160565004,
  "num_pulses": 260,
  "unique_pairs": [
    [
      0,
      -3
    ],
    [
      0,
      -2
    ],
    [
      0,
      -1
    ],
    [
      1,
      -3
    ],
    [
      1,
      -2
    ],
    [
      1,
      -1
    ],
    [
      2,
      -10
    ],
    [
      2,
      -9
    ],
    [
      2,
      -8
    ],
    [
      2,
      -7
    ],
    [
      2,
      -6
    ],
    [
      2,
      -5
    ],
    [
      2,
      -4
    ],
    [
      2,
      -3
    ],
    [
      2,
      -2
    ],
    [
      2,
      -1
    ]
  ],
  "omega_vector": [
    20508.373046875,
    17760.42578125,
    5926.83544921875,
    25809.142578125,
    10060.341796875,
    4332.263671875,
    11624.90791108952,
    37380.202735256906,
    47485.21873697791,
    37145.78153326295,
    6232.497831269798,
    92547.70630016399,
    15032.985677511177,
    3459.6112988132772,
    3790.3419133975076,
    59.420018235566644
  ],
  "time_vector": [
    6.814449443481863e-05,
    7.641866250196472e-05,
    0.0001462052168790251,
    5.634267290588468e-05,
    0.00013017933815717697,
    0.0001981102832360193,
    1.9297505771906783e-05,
    6.537840848475676e-05,
    5.496058664896575e-05,
    1.6996289088293446e-05,
    0.0001135401243729917,
    8.46831172295326e-05,
    0.00011212831161568641,
    0.0003352095361104511,
    0.00018206021799149766,
    3.516225371063197e-05
  ],
  "detuning_vector": [
    0.0,
    0.0,
    0.0,
    0.0,
    0.0,
    0.0,
    17904.560156310057,
    10191.738075626343,
    11864.890343412715,
    -5804.610498755506,
    767.7314868780022,
    4198.558602559331,
    -4223.987962560295,
    2852.693417137417,
    -3006.5609519767218,
    21428.053613303375
  ],
  "omega_scales": [
    1.0,
    1.0,
    1.0,
    1.0,
    1.0,
    1.0,
    1.1120268186070976,
    1.316621379740222,
    1.2062823206834392,
    1.558496271758793,
    0.5196371328414134,
    1.723183188891749,
    1.6357102727545896,
    1.0963518385469737,
    0.8921768523589533,
    0.9023162879033451
  ],
  "time_scales": [
    1.0,
    1.0,
    1.0,
    1.0,
    1.0,
    1.0,
    1.0493218810361822,
    1.518827133937525,
    1.3697480337700363,
    0.9281040138251487,
    1.283893932124672,
    0.648236969954001,
    0.8358923805515347,
    1.3309339360719443,
    0.8273615749020338,
    0.7866070778093244
  ],
  "detuning_offsets": [
    0.0,
    0.0,
    0.0,
    0.0,
    0.0,
    0.0,
    7283.661718810055,
    -625.5060649986566,
    1119.5094840377155,
    -1385.769190161756,
    3673.006877503002,
    818.6530849812057,
    -7414.010423497795,
    2057.2919889147606,
    -3411.0206382560186,
    8937.931542990873
  ]
}