{
  "gen": 13,
  "score": 2465.234196882287,
  "score_SLM": 2493,
  "score_AOD": 2507,
  "survive_SLM": 0.7323,
  "survive_AOD": 0.7303,
  "nzbar_SLM": 34.84118530656835,
  "nzbar_AOD": 24.28755306038614,
  "num_pulses": 260,
  "unique_pairs": [
    [
      0,
      -3
    ],
    [
      0,
      -2
    ],
    [
      0,
      -1
    ],
    [
      1,
      -3
    ],
    [
      1,
      -2
    ],
    [
      1,
      -1
    ],
    [
      2,
      -10
    ],
    [
      2,
      -9
    ],
    [
      2,
      -8
    ],
    [
      2,
      -7
    ],
    [
      2,
      -6
    ],
    [
      2,
      -5
    ],
    [
      2,
      -4
    ],
    [
      2,
      -3
    ],
    [
      2,
      -2
    ],
    [
      2,
      -1
    ]
  ],
  "omega_vector": [
    20000.0,
    17760.42578125,
    5926.83544921875,
    20000.0,
    10060.341796875,
    4332.263671875,
    8769.37469462369,
    9999.999999999998,
    9999.999999999998,
    9999.999999999998,
    9999.999999999998,
    9999.999999999998,
    7283.574542310233,
    1977.9998419980525,
    4061.4311869314038,
    75.17895769947428
  ],
  "time_vector": [
    6.814449443481863e-05,
    7.641866250196472e-05,
    0.0001462052168790251,
    5.634267290588468e-05,
    0.00013017933815717697,
    0.0001981102832360193,
    7.944793112338488e-06,
    4.842126570966011e-05,
    3.86598707680395e-05,
    3.4325095150804324e-05,
    0.00010393088106623114,
    0.00014767070052824641,
    0.00010711662704937114,
    0.0002684345124897159,
    0.00035172464641409736,
    5.1552623023804765e-05
  ],
  "detuning_vector": [
    0.0,
    0.0,
    0.0,
    0.0,
    0.0,
    0.0,
    19477.349066021532,
    -3091.9095486489514,
    13105.267337761346,
    -10297.019709656108,
    -3067.954382885453,
    -5743.266320207125,
    14903.478721782874,
    12400.227237737417,
    -2831.883630018147,
    11869.13012013085
  ],
  "omega_scales": [
    1.0,
    1.0,
    1.0,
    1.0,
    1.0,
    1.0,
    0.8769374694623691,
    0.9999999999999998,
    0.9999999999999998,
    0.9999999999999998,
    0.9999999999999998,
    0.9999999999999998,
    0.7925117442939703,
    0.6268287319341512,
    0.9559862870473805,
    1.14162196603347
  ],
  "time_scales": [
    1.0,
    1.0,
    1.0,
    1.0,
    1.0,
    1.0,
    0.432006361424116,
    1.1248902187115397,
    0.9634955738108429,
    1.8743655405540263,
    1.1752341147958634,
    1.1303977769494717,
    0.7985313529720861,
    1.0658067978345684,
    1.5983912388955759,
    1.1532724404948822
  ],
  "detuning_offsets": [
    0.0,
    0.0,
    0.0,
    0.0,
    0.0,
    0.0,
    8856.450628521534,
    -13909.153689273951,
    2359.8864783863464,
    -5878.178401062358,
    -162.67899226045287,
    -9123.17183778525,
    11713.456260845374,
    11604.825809514761,
    -3236.343316297444,
    -620.99195018165
  ],
  "omega_lin_max_xyz": [
    20000.0,
    20000.0,
    10000.0
  ]
}