{
  "gen": 1,
  "score": -61.583501986082496,
  "n_bar": 28.22450198608249,
  "num_pulses": 480,
  "good": 0.66966,
  "survive": 0.9935,
  "unique_pairs": [
    [
      0,
      -3
    ],
    [
      0,
      -2
    ],
    [
      0,
      -1
    ],
    [
      1,
      -3
    ],
    [
      1,
      -2
    ],
    [
      1,
      -1
    ],
    [
      2,
      -10
    ],
    [
      2,
      -9
    ],
    [
      2,
      -8
    ],
    [
      2,
      -7
    ],
    [
      2,
      -6
    ],
    [
      2,
      -5
    ],
    [
      2,
      -4
    ],
    [
      2,
      -3
    ],
    [
      2,
      -2
    ],
    [
      2,
      -1
    ]
  ],
  "omega_vector": [
    16153.174948683723,
    17396.16307971012,
    7113.685771766753,
    11085.622608181153,
    19076.441892173993,
    6398.954880825353,
    13014.034445183215,
    10839.15926201773,
    12774.81927284682,
    9907.198783361779,
    5226.385974169695,
    5608.944876018039,
    2618.63435993567,
    2862.584750800992,
    2206.9447409696177,
    977.2926700332522
  ],
  "time_vector": [
    6.979630379518944e-05,
    7.498191060977266e-05,
    0.00010626829916217984,
    7.614746696375191e-05,
    6.701336269577061e-05,
    0.00012750658216067128,
    2.3827716489901406e-05,
    4.5625975219200185e-05,
    3.772599585558044e-05,
    3.1976101419412304e-05,
    3.928411768539793e-05,
    4.909582593553607e-05,
    6.319268273373065e-05,
    7.102415997949797e-05,
    0.00011607861996406458,
    5.700461497914019e-05
  ],
  "omega_scales": [
    1.0095734342927327,
    1.3381663907469323,
    0.7904095301963059,
    0.692851413011322,
    1.4674186070903072,
    0.7109949867583726,
    1.0845028704319346,
    0.9032632718348109,
    1.4194243636496466,
    1.1007998648179753,
    0.8710643290282826,
    0.9348241460030066,
    0.6546585899839176,
    0.715646187700248,
    0.7356482469898725,
    0.3257642233444174
  ],
  "time_scales": [
    0.872453797439868,
    0.8331323401085851,
    0.885569159684832,
    0.9518433370468989,
    0.7445929188418956,
    1.0625548513389274,
    0.7942572163300469,
    1.5208658406400062,
    1.2575331951860145,
    1.0658700473137432,
    0.7856823537079586,
    0.9819165187107214,
    0.9027526104818667,
    1.0146308568499713,
    1.2897624440451618,
    0.6333846108793354
  ]
}