{
  "gen": 27,
  "score": 3845.6749732654216,
  "score_SLM": 3896,
  "score_AOD": 3796,
  "survive_SLM": 0.6921,
  "survive_AOD": 0.7115,
  "nzbar_SLM": 14.299378702499638,
  "nzbar_AOD": 13.415038650737877,
  "num_pulses": 260,
  "unique_pairs": [
    [
      0,
      -3
    ],
    [
      0,
      -2
    ],
    [
      0,
      -1
    ],
    [
      1,
      -3
    ],
    [
      1,
      -2
    ],
    [
      1,
      -1
    ],
    [
      2,
      -10
    ],
    [
      2,
      -9
    ],
    [
      2,
      -8
    ],
    [
      2,
      -7
    ],
    [
      2,
      -6
    ],
    [
      2,
      -5
    ],
    [
      2,
      -4
    ],
    [
      2,
      -3
    ],
    [
      2,
      -2
    ],
    [
      2,
      -1
    ]
  ],
  "omega_vector": [
    20508.373046875,
    17760.42578125,
    5926.83544921875,
    25809.142578125,
    10060.341796875,
    4332.263671875,
    17705.283984124017,
    17070.535247028296,
    37614.72956706608,
    12951.337526679965,
    14472.46656157708,
    49186.239866052056,
    8929.973278938072,
    2035.9045246351277,
    3792.3573116657967,
    180.46564031399348
  ],
  "time_vector": [
    6.814449443481863e-05,
    7.641866250196472e-05,
    0.0001462052168790251,
    5.634267290588468e-05,
    0.00013017933815717697,
    0.0001981102832360193,
    1.6404985365468383e-05,
    2.3790062972656784e-05,
    6.99616489222811e-05,
    2.1370671377848627e-05,
    5.0971644424801164e-05,
    9.682579758267167e-05,
    0.00010605535468243804,
    0.00022409294143569414,
    0.00025569602095609756,
    5.5903208796822114e-05
  ],
  "detuning_vector": [
    0.0,
    0.0,
    0.0,
    0.0,
    0.0,
    0.0,
    -3600.9442325049163,
    3880.854492961055,
    3089.2206987149225,
    -5403.55467628591,
    -3651.196454793298,
    1274.5361500241045,
    2290.506241513942,
    2955.5159703881477,
    544.8542233088062,
    -2965.808407513516
  ],
  "omega_scales": [
    1.0,
    1.0,
    1.0,
    1.0,
    1.0,
    1.0,
    1.2855696098949982,
    0.988334418882605,
    1.5409410659014453,
    0.8595472642753397,
    1.418946027071866,
    2.0024527821574414,
    1.389738112147788,
    0.9974433680078043,
    0.6874783158289213,
    0.9669043585693143
  ],
  "time_scales": [
    1.0,
    1.0,
    1.0,
    1.0,
    1.0,
    1.0,
    1.0295178659982387,
    0.5796426089464103,
    1.4304234352580787,
    1.2532098749624563,
    0.8551512753945338,
    0.9888304938494817,
    0.8129568214253639,
    1.3253301998133118,
    1.5270843457230945,
    1.1046676754096971
  ],
  "detuning_offsets": [
    0.0,
    0.0,
    0.0,
    0.0,
    0.0,
    0.0,
    -3382.741580527377,
    3183.6730354415236,
    2000.328730941485,
    -4538.508533707785,
    -3377.263135701501,
    128.19374279754203,
    1972.5155188576919,
    1942.5119420678352,
    101.21994596505624,
    -2607.3117034119537
  ]
}