{
  "gen": 28,
  "score": 3415.579445981607,
  "score_SLM": 3467,
  "score_AOD": 3493,
  "survive_SLM": 0.6942,
  "survive_AOD": 0.7142,
  "nzbar_SLM": 12.35983866320945,
  "nzbar_AOD": 11.58681041725007,
  "num_pulses": 260,
  "unique_pairs": [
    [
      0,
      -3
    ],
    [
      0,
      -2
    ],
    [
      0,
      -1
    ],
    [
      1,
      -3
    ],
    [
      1,
      -2
    ],
    [
      1,
      -1
    ],
    [
      2,
      -10
    ],
    [
      2,
      -9
    ],
    [
      2,
      -8
    ],
    [
      2,
      -7
    ],
    [
      2,
      -6
    ],
    [
      2,
      -5
    ],
    [
      2,
      -4
    ],
    [
      2,
      -3
    ],
    [
      2,
      -2
    ],
    [
      2,
      -1
    ]
  ],
  "omega_vector": [
    20508.373046875,
    17760.42578125,
    5926.83544921875,
    25809.142578125,
    10060.341796875,
    4332.263671875,
    14097.479912824887,
    44505.69941560538,
    50956.40279995193,
    16329.060989793707,
    8545.221184072861,
    83825.21517982161,
    7135.404306575227,
    4173.857739434262,
    2952.0283514131293,
    86.89492672538977
  ],
  "time_vector": [
    6.814449443481863e-05,
    7.641866250196472e-05,
    0.0001462052168790251,
    5.634267290588468e-05,
    0.00013017933815717697,
    0.0001981102832360193,
    2.0707672399951223e-05,
    3.861885647973193e-05,
    4.596429696735897e-05,
    8.258434143238345e-06,
    9.940590577581964e-05,
    4.519430599832556e-05,
    9.133352866413972e-05,
    0.0002929977129915149,
    0.00020910151553064346,
    3.184918925547874e-05
  ],
  "detuning_vector": [
    0.0,
    0.0,
    0.0,
    0.0,
    0.0,
    0.0,
    18745.56583124245,
    25932.5730695581,
    579.0905533258774,
    -14412.848201578285,
    -6820.373784617809,
    337.7629861791929,
    -3899.779795124463,
    5166.687928978765,
    1779.7846386512724,
    21145.36218788102
  ],
  "omega_scales": [
    1.0,
    1.0,
    1.0,
    1.0,
    1.0,
    1.0,
    1.348550531129915,
    1.567598650705264,
    1.2944619285356607,
    0.6851055388652089,
    0.7124614168831003,
    1.5607755975562854,
    0.7763896257802285,
    1.3226967457390206,
    0.6948532408986255,
    1.3195335519697886
  ],
  "time_scales": [
    1.0,
    1.0,
    1.0,
    1.0,
    1.0,
    1.0,
    1.126001153280174,
    0.897167252346493,
    1.145539180591093,
    0.4509623151520397,
    1.1240664033770502,
    0.3459558520988351,
    0.6808717584271476,
    1.1633338476486041,
    0.9502491050071937,
    0.7124912383893378
  ],
  "detuning_offsets": [
    0.0,
    0.0,
    0.0,
    0.0,
    0.0,
    0.0,
    8124.667393742448,
    15115.328928933102,
    -10166.290306049123,
    -9994.006892984535,
    -3915.098393992809,
    -3042.142531398932,
    -7089.802256061963,
    4371.286500756109,
    1375.3249523719755,
    8655.240117568519
  ]
}