{
  "gen": 16,
  "score": 16804.13044462581,
  "score_SLM": 17704,
  "score_AOD": 15950,
  "survive_SLM": 0.72076,
  "survive_AOD": 0.72158,
  "nzbar_SLM": 17.540401798102003,
  "nzbar_AOD": 17.47983591562959,
  "num_pulses": 260,
  "unique_pairs": [
    [
      0,
      -3
    ],
    [
      0,
      -2
    ],
    [
      0,
      -1
    ],
    [
      1,
      -3
    ],
    [
      1,
      -2
    ],
    [
      1,
      -1
    ],
    [
      2,
      -10
    ],
    [
      2,
      -9
    ],
    [
      2,
      -8
    ],
    [
      2,
      -7
    ],
    [
      2,
      -6
    ],
    [
      2,
      -5
    ],
    [
      2,
      -4
    ],
    [
      2,
      -3
    ],
    [
      2,
      -2
    ],
    [
      2,
      -1
    ]
  ],
  "omega_vector": [
    20438.111179448224,
    16307.28531720306,
    5885.885009728519,
    22021.102901579947,
    12647.678955472757,
    4730.347818500783,
    13721.954892636788,
    27173.049700325424,
    25927.728500436082,
    14061.641125683496,
    9259.78738753255,
    21023.36263375324,
    6003.929143717865,
    2356.840825272003,
    4183.146946253518,
    502.27047717149514
  ],
  "time_vector": [
    8.518163859846507e-05,
    8.961205545993734e-05,
    0.00011450409855724562,
    5.8153117735772314e-05,
    0.00010247988848083387,
    0.00018598593426319125,
    2.111705694611499e-05,
    4.751434620585971e-05,
    5.9294714650304495e-05,
    1.695890549007699e-05,
    4.559879136169404e-05,
    8.277145865058058e-05,
    9.682799188412196e-05,
    0.00015842933723150362,
    0.00022356301310798228,
    3.578133892227493e-05
  ],
  "detuning_vector": [
    1097.5087036392001,
    430.229895231603,
    -764.1786554150416,
    895.5879518638677,
    1107.651399835231,
    -702.6793100754313,
    1322.939426194651,
    -613.5391813629298,
    2445.715201961998,
    1042.4449971208144,
    -1420.4852127854583,
    2598.1064656424137,
    300.1555505873849,
    228.7082527881511,
    244.82995567191813,
    771.5144323581519
  ],
  "omega_scales": [
    1.1096354724744752,
    1.1217903810444443,
    0.750475679434168,
    1.1856985451731141,
    1.0713518867122156,
    0.836016749922768,
    0.9753603837502592,
    1.4566791403300872,
    1.2716011247723238,
    1.202405208484727,
    0.8815310021406446,
    1.4291246201216814,
    1.191455095064742,
    1.041565761630761,
    1.0459262809944136,
    0.8510995315834824
  ],
  "time_scales": [
    1.1150477573495454,
    0.9541589860974395,
    0.851478197495019,
    0.8305132484138958,
    0.9797245223181326,
    1.1710701997473685,
    0.7931827388223323,
    1.110822164890108,
    1.4454606072897263,
    0.7768177569944972,
    0.9270159578671086,
    0.5657847540373397,
    0.8361569332390201,
    0.8496796867614294,
    1.0138453520500688,
    0.7553553257333134
  ],
  "detuning_offsets": [
    1097.5087036392001,
    430.229895231603,
    -764.1786554150416,
    895.5879518638677,
    1107.651399835231,
    -702.6793100754313,
    1322.939426194651,
    -613.5391813629298,
    2445.715201961998,
    1042.4449971208144,
    -1420.4852127854583,
    2598.1064656424137,
    300.1555505873849,
    228.7082527881511,
    244.82995567191813,
    771.5144323581519
  ]
}