{
  "gen": 26,
  "score": 3684.7067725939874,
  "score_SLM": 3831,
  "score_AOD": 3544,
  "survive_SLM": 0.6913,
  "survive_AOD": 0.7077,
  "nzbar_SLM": 15.28945465065818,
  "nzbar_AOD": 11.97795676133955,
  "num_pulses": 260,
  "unique_pairs": [
    [
      0,
      -3
    ],
    [
      0,
      -2
    ],
    [
      0,
      -1
    ],
    [
      1,
      -3
    ],
    [
      1,
      -2
    ],
    [
      1,
      -1
    ],
    [
      2,
      -10
    ],
    [
      2,
      -9
    ],
    [
      2,
      -8
    ],
    [
      2,
      -7
    ],
    [
      2,
      -6
    ],
    [
      2,
      -5
    ],
    [
      2,
      -4
    ],
    [
      2,
      -3
    ],
    [
      2,
      -2
    ],
    [
      2,
      -1
    ]
  ],
  "omega_vector": [
    20508.373046875,
    17760.42578125,
    5926.83544921875,
    25809.142578125,
    10060.341796875,
    4332.263671875,
    13356.778079331538,
    22226.61978109218,
    28909.290239649683,
    19123.024729658253,
    13469.84551626058,
    44057.300938294364,
    7225.905974381176,
    2349.3760141022767,
    3344.537463557504,
    210.04156955195273
  ],
  "time_vector": [
    6.814449443481863e-05,
    7.641866250196472e-05,
    0.0001462052168790251,
    5.634267290588468e-05,
    0.00013017933815717697,
    0.0001981102832360193,
    1.6803963455792474e-05,
    3.2603748984422076e-05,
    6.667774309936405e-05,
    1.7693679048313284e-05,
    6.053187410725369e-05,
    0.00013478746932428688,
    0.0001119981029877556,
    0.00017867534093089806,
    0.00021804010585526237,
    4.588081820349104e-05
  ],
  "detuning_vector": [
    0.0,
    0.0,
    0.0,
    0.0,
    0.0,
    0.0,
    -2020.2206618412065,
    4229.1751789863065,
    -2348.068613043999,
    -4179.8711705806145,
    4742.258937632053,
    7616.509153794266,
    -4196.956053195607,
    857.8183652995211,
    396.6901403024474,
    2752.9226300424175
  ],
  "omega_scales": [
    1.0,
    1.0,
    1.0,
    1.0,
    1.0,
    1.0,
    0.9698273125863031,
    1.2868567404114941,
    1.1843103228194949,
    1.2691464149696228,
    1.3206445286467448,
    1.7936452365232696,
    1.1245405348612756,
    1.151021325345746,
    0.6062975594626332,
    1.125367181958654
  ],
  "time_scales": [
    1.0,
    1.0,
    1.0,
    1.0,
    1.0,
    1.0,
    1.0545562956572572,
    0.794387225644816,
    1.3632812806542156,
    1.0375852454849155,
    1.0155432481917868,
    1.376512904454599,
    0.8585103702045651,
    1.0567214825265352,
    1.3021932494152777,
    0.9066216033314085
  ],
  "detuning_offsets": [
    0.0,
    0.0,
    0.0,
    0.0,
    0.0,
    0.0,
    -1802.0180098636674,
    3531.993721466775,
    -3436.9605808174365,
    -3314.8250280024895,
    5016.19225672385,
    6470.166746567704,
    -4514.946775851857,
    -155.18566302079137,
    -46.94413704130261,
    3111.41933414398
  ]
}