{
  "gen": 31,
  "score": -43.54884914131777,
  "n_bar": 14.465849141317769,
  "num_pulses": 480,
  "good": 0.71272,
  "survive": 0.9929,
  "unique_pairs": [
    [
      0,
      -3
    ],
    [
      0,
      -2
    ],
    [
      0,
      -1
    ],
    [
      1,
      -3
    ],
    [
      1,
      -2
    ],
    [
      1,
      -1
    ],
    [
      2,
      -10
    ],
    [
      2,
      -9
    ],
    [
      2,
      -8
    ],
    [
      2,
      -7
    ],
    [
      2,
      -6
    ],
    [
      2,
      -5
    ],
    [
      2,
      -4
    ],
    [
      2,
      -3
    ],
    [
      2,
      -2
    ],
    [
      2,
      -1
    ]
  ],
  "omega_vector": [
    16955.18217357264,
    20247.13881606071,
    8703.103417159902,
    20222.94696060644,
    9065.214043007589,
    4601.9013766962225,
    15961.482456230824,
    20027.842702617767,
    20740.676287291808,
    7306.078223264627,
    9795.359595787677,
    8429.07493150196,
    1133.8478103609148,
    518.6086577883635,
    1398.2843015137855,
    471.51267117985356
  ],
  "time_vector": [
    7.857438650160327e-05,
    6.397334370605277e-05,
    9.67488529630734e-05,
    7.494621957034587e-05,
    0.0001298519471602741,
    0.00013882020586851492,
    3.1899759158823655e-05,
    4.553781137926126e-05,
    3.555797349488009e-05,
    2.6126825784533934e-05,
    4.26477016296803e-05,
    7.121216810799529e-05,
    6.247000081133062e-05,
    5.227992819332824e-05,
    3.262219237359592e-05,
    6.788154881928866e-05
  ],
  "omega_scales": [
    1.05969888584829,
    1.5574722166200545,
    0.9670114907955447,
    1.2639341850379027,
    0.69732415715443,
    0.5113223751884691,
    1.3301235380192353,
    1.6689868918848139,
    2.3045195874768676,
    0.8117864692516252,
    1.6325599326312794,
    1.4048458219169933,
    0.2834619525902287,
    0.12965216444709088,
    0.46609476717126186,
    0.15717089039328452
  ],
  "time_scales": [
    0.9821798312700408,
    0.710814930067253,
    0.806240441358945,
    0.9368277446293233,
    1.4427994128919344,
    1.156835048904291,
    1.0633253052941218,
    1.5179270459753753,
    1.1852657831626696,
    0.8708941928177977,
    0.8529540325936059,
    1.4242433621599058,
    0.8924285830190092,
    0.7468561170475465,
    0.36246880415106575,
    0.7542394313254296
  ]
}