{
  "gen": 10,
  "fitness": 2705.576569380592,
  "score_list": [
    2811,
    3269,
    3871,
    3168,
    1971
  ],
  "num_pulses": 200,
  "unique_pairs": [
    [
      0,
      -3
    ],
    [
      0,
      -2
    ],
    [
      0,
      -1
    ],
    [
      1,
      -3
    ],
    [
      1,
      -2
    ],
    [
      1,
      -1
    ],
    [
      2,
      -5
    ],
    [
      2,
      -4
    ],
    [
      2,
      -3
    ],
    [
      2,
      -2
    ]
  ],
  "omega_vector": [
    27628.703270924823,
    15726.80313578615,
    6446.332684042362,
    27220.33511080609,
    17593.590756820675,
    8277.719800696636,
    9207.226011110728,
    12186.221831411736,
    3502.848382598532,
    3393.6173406228677
  ],
  "time_vector": [
    4.133354233034444e-05,
    7.907116319857294e-05,
    4.947026482192326e-05,
    5.0839436953555504e-05,
    8.311708521221795e-05,
    5.572093008309133e-05,
    7.068895242157582e-05,
    9.698845728460948e-05,
    0.00019921431873472998,
    0.0001432505569749703
  ],
  "omega_scales": [
    1.127424396485785,
    0.6417522154459386,
    0.4719528077125948,
    1.6182506634493825,
    1.0459400958432528,
    0.8334031426752666,
    2.0085556460812626,
    2.658423355128219,
    1.484000283600737,
    1.4377239737052914
  ],
  "time_scales": [
    0.5904791761477778,
    1.1295880456938991,
    0.9894052964384652,
    0.7262776707650787,
    1.1873869316031134,
    1.1144186016618265,
    1.4137790484315165,
    1.9397691456921902,
    0.9960715936736498,
    0.7162527848748514
  ]
}