{
  "gen": 37,
  "score": 18179.0,
  "n_bar": 18.25444592563179,
  "num_pulses": 260,
  "good": 0.70514,
  "unique_pairs": [
    [
      0,
      -3
    ],
    [
      0,
      -2
    ],
    [
      0,
      -1
    ],
    [
      1,
      -3
    ],
    [
      1,
      -2
    ],
    [
      1,
      -1
    ],
    [
      2,
      -10
    ],
    [
      2,
      -9
    ],
    [
      2,
      -8
    ],
    [
      2,
      -7
    ],
    [
      2,
      -6
    ],
    [
      2,
      -5
    ],
    [
      2,
      -4
    ],
    [
      2,
      -3
    ],
    [
      2,
      -2
    ],
    [
      2,
      -1
    ]
  ],
  "omega_vector": [
    26343.94205331883,
    16389.36694698242,
    7085.67948772656,
    13767.664026961666,
    11360.118967030297,
    6160.43416579448,
    13757.535033106187,
    18186.936842512063,
    22369.238739704786,
    14034.005743116384,
    6933.142878239675,
    15735.222330627112,
    5461.021184704463,
    4762.128054959465,
    3889.1060483440974,
    1035.0582399600387
  ],
  "time_vector": [
    6.356453858977769e-05,
    9.764697182855638e-05,
    0.0001125101126961032,
    7.727624747567279e-05,
    9.503396459038587e-05,
    0.00019124705725950418,
    3.908438930804203e-05,
    4.2753537712765965e-05,
    4.626561038701287e-05,
    3.11989698578535e-05,
    6.205746550401249e-05,
    0.00014629201232877205,
    0.00012695778385868992,
    0.0001450061179403909,
    0.00022234729849707885,
    5.014348576452957e-05
  ],
  "omega_scales": [
    1.4686893816106683,
    0.8867597519912798,
    0.7790425673904634,
    0.9777880030060766,
    0.8827021123874007,
    0.7705720843928745,
    1.462569786732702,
    1.1078955583143775,
    1.7004962973479198,
    1.2141980668582397,
    0.8081475923187517,
    1.2184693255987389,
    1.0724963892425325,
    0.7720753824809491,
    0.9114190025823431,
    1.2871933504838209
  ],
  "time_scales": [
    0.8065645243664582,
    0.8647630517253659,
    0.9472019644251884,
    0.980956077594235,
    0.834565337288607,
    1.4114517427113755,
    0.970495426553272,
    1.2599336862774033,
    1.1539692855503927,
    1.1846648658884218,
    0.9251189484131498,
    1.3833340392629947,
    1.4232077444906688,
    1.1872660058763544,
    1.5767865820467208,
    1.182130479734086
  ]
}