{
  "gen": 27,
  "fitness": 3503.168656207772,
  "score_list": [
    3854,
    3940,
    4102,
    3748,
    2912
  ],
  "num_pulses": 200,
  "unique_pairs": [
    [
      0,
      -3
    ],
    [
      0,
      -2
    ],
    [
      0,
      -1
    ],
    [
      1,
      -3
    ],
    [
      1,
      -2
    ],
    [
      1,
      -1
    ],
    [
      2,
      -5
    ],
    [
      2,
      -4
    ],
    [
      2,
      -3
    ],
    [
      2,
      -2
    ]
  ],
  "omega_vector": [
    20859.6228763784,
    10523.345314409768,
    1365.885016191701,
    19701.429623306758,
    9738.730962827041,
    2994.3442825749416,
    12754.689588167334,
    15353.91458463931,
    2574.3849187464575,
    3663.3789659034023
  ],
  "time_vector": [
    6.871176263296278e-05,
    6.199761086042234e-05,
    2.7947829800381076e-05,
    9.080946588848219e-05,
    9.416431670910748e-05,
    3.5076520033589596e-05,
    5.9490021267905515e-05,
    7.854807156709946e-05,
    0.00019450318610166685,
    0.0001755043684873206
  ],
  "omega_scales": [
    0.8512034568437703,
    0.42941849726966264,
    0.1,
    1.171251251280916,
    0.5789681786648365,
    0.3014714191146766,
    2.7824345525365097,
    3.3494552855780713,
    1.090651815961018,
    1.5520099160856846
  ],
  "time_scales": [
    0.9815966090423254,
    0.8856801551488905,
    0.5589565960076215,
    1.2972780841211742,
    1.345204524415821,
    0.7015304006717918,
    1.1898004253581103,
    1.5709614313419897,
    0.9725159305083342,
    0.8775218424366029
  ]
}