{
  "gen": 29,
  "score": 2692.9053701341595,
  "score_SLM": 2750,
  "score_AOD": 2779,
  "survive_SLM": 0.7092,
  "survive_AOD": 0.7044,
  "nzbar_SLM": 39.97292724196277,
  "nzbar_AOD": 33.53463940942646,
  "num_pulses": 260,
  "unique_pairs": [
    [
      0,
      -3
    ],
    [
      0,
      -2
    ],
    [
      0,
      -1
    ],
    [
      1,
      -3
    ],
    [
      1,
      -2
    ],
    [
      1,
      -1
    ],
    [
      2,
      -10
    ],
    [
      2,
      -9
    ],
    [
      2,
      -8
    ],
    [
      2,
      -7
    ],
    [
      2,
      -6
    ],
    [
      2,
      -5
    ],
    [
      2,
      -4
    ],
    [
      2,
      -3
    ],
    [
      2,
      -2
    ],
    [
      2,
      -1
    ]
  ],
  "omega_vector": [
    20000.0,
    17760.42578125,
    5926.83544921875,
    20000.0,
    10060.341796875,
    4332.263671875,
    3217.4672630623354,
    7343.313841283712,
    5414.858611440311,
    4146.108169619905,
    9907.564103089513,
    9999.999999999998,
    8164.915189274273,
    2816.532385004894,
    3874.8194478946675,
    16.71532673651097
  ],
  "time_vector": [
    6.814449443481863e-05,
    7.641866250196472e-05,
    0.0001462052168790251,
    5.634267290588468e-05,
    0.00013017933815717697,
    0.0001981102832360193,
    2.0398667845850684e-05,
    6.319820387758464e-05,
    4.3869324116229e-05,
    2.7639322253678726e-05,
    0.00010373267961983909,
    9.251131650757519e-05,
    9.573970521308396e-05,
    0.0003640730337063966,
    0.00023954591807820764,
    5.7363732622271835e-05
  ],
  "detuning_vector": [
    0.0,
    0.0,
    0.0,
    0.0,
    0.0,
    0.0,
    30620.8984375,
    6444.75989774398,
    6478.258783866537,
    -19796.414274179293,
    11278.89435455706,
    21977.75518264705,
    -1172.9359130268376,
    14391.432680353435,
    -12488.61915583076,
    25532.851502333266
  ],
  "omega_scales": [
    1.0,
    1.0,
    1.0,
    1.0,
    1.0,
    1.0,
    0.3217467263062335,
    0.7343313841283712,
    0.5414858611440311,
    0.41461081696199054,
    0.9907564103089512,
    0.9999999999999998,
    0.8884087258358251,
    0.8925599415421118,
    0.9120613120052766,
    0.25382879406375336
  ],
  "time_scales": [
    1.0,
    1.0,
    1.0,
    1.0,
    1.0,
    1.0,
    1.1091987103225167,
    1.4681780895258572,
    1.0933274936605117,
    1.5092803958432583,
    1.172992883902676,
    0.7081606991010987,
    0.7137188543260936,
    1.445535116306617,
    1.0886018386059226,
    1.2832715007854276
  ],
  "detuning_offsets": [
    0.0,
    0.0,
    0.0,
    0.0,
    0.0,
    0.0,
    20000.0,
    -4372.48424288102,
    -4267.122075508463,
    -15377.572965585543,
    14184.16974518206,
    18597.849665068927,
    -4362.958373964338,
    13596.031252130779,
    -12893.078842110057,
    13042.729432020767
  ],
  "omega_lin_max_xyz": [
    20000.0,
    20000.0,
    10000.0
  ]
}