{
  "gen": 11,
  "score": 18107.0,
  "n_bar": 22.062144784430792,
  "num_pulses": 260,
  "good": 0.69676,
  "unique_pairs": [
    [
      0,
      -3
    ],
    [
      0,
      -2
    ],
    [
      0,
      -1
    ],
    [
      1,
      -3
    ],
    [
      1,
      -2
    ],
    [
      1,
      -1
    ],
    [
      2,
      -10
    ],
    [
      2,
      -9
    ],
    [
      2,
      -8
    ],
    [
      2,
      -7
    ],
    [
      2,
      -6
    ],
    [
      2,
      -5
    ],
    [
      2,
      -4
    ],
    [
      2,
      -3
    ],
    [
      2,
      -2
    ],
    [
      2,
      -1
    ]
  ],
  "omega_vector": [
    21201.219494398218,
    14735.196216043087,
    7850.3560850890535,
    15317.205346931225,
    13336.330678721439,
    7707.393475937586,
    10267.170743833822,
    16794.585975447364,
    13551.491893852377,
    12791.714825892886,
    8074.42009835904,
    15038.246662176718,
    5827.114311304762,
    4377.519282812318,
    5414.992209541607,
    791.612041909472
  ],
  "time_vector": [
    8.13981513802444e-05,
    9.181071485538358e-05,
    0.00011282940815495597,
    8.206023760780267e-05,
    9.243007522491393e-05,
    0.00012037139722123573,
    2.0364608583215212e-05,
    2.7585867714290222e-05,
    4.931799026128882e-05,
    1.7781285701246357e-05,
    7.199815386530704e-05,
    0.0001374357466013147,
    0.00013002399370316223,
    0.0001605619020805366,
    0.00021786962579636035,
    5.5768773002929704e-05
  ],
  "omega_scales": [
    1.1819797464478925,
    0.7972595271281668,
    0.863115749174165,
    1.0878373846485485,
    1.0362573927059575,
    0.9640720274174591,
    1.091507576685912,
    1.023077573043193,
    1.0301763979179759,
    1.1067171909217184,
    0.9411782327953085,
    1.1644984661567017,
    1.1443938500150783,
    0.7097194438262159,
    1.269013170960697,
    0.9844448526375984
  ],
  "time_scales": [
    1.0328535801386896,
    0.8130770721577087,
    0.9498900542209412,
    1.0416847535918758,
    0.8116986094200618,
    0.8883714124290043,
    0.5056688832410967,
    0.8129470883072311,
    1.2301025645297914,
    0.6751782041703603,
    1.0733093246815624,
    1.2995893860414838,
    1.4575802222092755,
    1.3146320368181503,
    1.5450329503137832,
    1.3147463798930636
  ]
}