{
  "gen": 7,
  "score": 2825.0,
  "score_SLM": 2825,
  "score_AOD": 2959,
  "survive_SLM": 0.7098,
  "survive_AOD": 0.7061,
  "nzbar_SLM": 33.387714849253314,
  "nzbar_AOD": 25.398951989803145,
  "num_pulses": 260,
  "unique_pairs": [
    [
      0,
      -3
    ],
    [
      0,
      -2
    ],
    [
      0,
      -1
    ],
    [
      1,
      -3
    ],
    [
      1,
      -2
    ],
    [
      1,
      -1
    ],
    [
      2,
      -10
    ],
    [
      2,
      -9
    ],
    [
      2,
      -8
    ],
    [
      2,
      -7
    ],
    [
      2,
      -6
    ],
    [
      2,
      -5
    ],
    [
      2,
      -4
    ],
    [
      2,
      -3
    ],
    [
      2,
      -2
    ],
    [
      2,
      -1
    ]
  ],
  "omega_vector": [
    20000.0,
    17760.42578125,
    5926.83544921875,
    20000.0,
    10060.341796875,
    4332.263671875,
    5925.31623570056,
    9999.999999999998,
    9819.140784042535,
    9999.999999999998,
    7558.811526308889,
    8269.75073955978,
    9999.999999999998,
    5324.5841166085465,
    4764.085172220149,
    53.40217200657417
  ],
  "time_vector": [
    6.814449443481863e-05,
    7.641866250196472e-05,
    0.0001462052168790251,
    5.634267290588468e-05,
    0.00013017933815717697,
    0.0001981102832360193,
    1.6373289541460304e-05,
    6.405924877412506e-05,
    3.953573984841328e-05,
    2.008674168610096e-05,
    9.743926955138162e-05,
    0.00013554989482597943,
    0.00020276779219173885,
    0.00024111003551480938,
    0.00031897289657807876,
    4.036365876088237e-05
  ],
  "detuning_vector": [
    0.0,
    0.0,
    0.0,
    0.0,
    0.0,
    0.0,
    5298.816676190046,
    15008.740972348794,
    24254.76329476259,
    -12367.766056684184,
    12688.408136722366,
    14571.54580893288,
    5136.483004669182,
    -8484.164911401105,
    579.0098387070302,
    17965.25035395595
  ],
  "omega_scales": [
    1.0,
    1.0,
    1.0,
    1.0,
    1.0,
    1.0,
    0.5925316235700561,
    0.9999999999999998,
    0.9819140784042535,
    0.9999999999999998,
    0.755881152630889,
    0.826975073955978,
    1.0880807763966376,
    1.6873622732542888,
    1.1213781264158946,
    0.8109329320620398
  ],
  "time_scales": [
    1.0,
    1.0,
    1.0,
    1.0,
    1.0,
    1.0,
    0.8903145921275991,
    1.488181304390118,
    0.9853243064323594,
    1.0968621142352606,
    1.1018279891671292,
    1.037614768731411,
    1.5115901601662933,
    0.9573162276876124,
    1.4495529060402825,
    0.902966571166913
  ],
  "detuning_offsets": [
    0.0,
    0.0,
    0.0,
    0.0,
    0.0,
    0.0,
    -5322.081761309954,
    4191.496831723795,
    13509.38243538759,
    -7948.924748090435,
    15593.683527347366,
    11191.640291354755,
    1946.4605437316818,
    -9279.566339623761,
    174.55015242773334,
    5475.12828364345
  ],
  "omega_lin_max_xyz": [
    20000.0,
    20000.0,
    10000.0
  ]
}