{
  "gen": 43,
  "fitness": 2452.65104490878,
  "score_list": [
    2413,
    2810,
    2936,
    2695,
    2133
  ],
  "num_pulses": 200,
  "unique_pairs": [
    [
      0,
      -3
    ],
    [
      0,
      -2
    ],
    [
      0,
      -1
    ],
    [
      1,
      -3
    ],
    [
      1,
      -2
    ],
    [
      1,
      -1
    ],
    [
      2,
      -5
    ],
    [
      2,
      -4
    ],
    [
      2,
      -3
    ],
    [
      2,
      -2
    ]
  ],
  "omega_vector": [
    17175.38326371059,
    10791.287762364194,
    4947.724124045256,
    14521.617006817412,
    9674.560457474287,
    2950.431138665959,
    5817.038498414693,
    6724.553391319684,
    3540.614265348371,
    3540.614265348371
  ],
  "time_vector": [
    6.984789608067476e-05,
    0.00010559520703900804,
    5e-06,
    0.00012742253606203214,
    9.670722552810046e-05,
    1.626503546273644e-05,
    6.581813319332834e-05,
    7.701175537034525e-05,
    0.0001230574332892677,
    7.353611781017722e-05
  ],
  "omega_scales": [
    0.7008633709884855,
    0.44035222983451466,
    0.3622357713418862,
    0.8633110599109082,
    0.5751532380170356,
    0.2970502315147512,
    1.268986500968211,
    1.46696080504715,
    1.5,
    1.5
  ],
  "time_scales": [
    0.9978270868667823,
    1.5085029577001148,
    0.1,
    1.8203219437433165,
    1.3815317932585778,
    0.3253007092547288,
    1.3163626638665669,
    1.5402351074069054,
    0.6152871664463385,
    0.3676805890508861
  ]
}