{
  "gen": 25,
  "score": 16685.1281085882,
  "score_SLM": 19250,
  "score_AOD": 14462,
  "survive_SLM": 0.69866,
  "survive_AOD": 0.73252,
  "nzbar_SLM": 15.176051298199411,
  "nzbar_AOD": 20.371839676732375,
  "num_pulses": 260,
  "unique_pairs": [
    [
      0,
      -3
    ],
    [
      0,
      -2
    ],
    [
      0,
      -1
    ],
    [
      1,
      -3
    ],
    [
      1,
      -2
    ],
    [
      1,
      -1
    ],
    [
      2,
      -10
    ],
    [
      2,
      -9
    ],
    [
      2,
      -8
    ],
    [
      2,
      -7
    ],
    [
      2,
      -6
    ],
    [
      2,
      -5
    ],
    [
      2,
      -4
    ],
    [
      2,
      -3
    ],
    [
      2,
      -2
    ],
    [
      2,
      -1
    ]
  ],
  "omega_vector": [
    18086.29367232487,
    17235.17368714461,
    5128.948283534623,
    25148.88446605197,
    11807.118997656426,
    5721.861659415,
    12621.630162994019,
    19709.560520746625,
    27558.306404234238,
    14955.011198397446,
    9211.120178400584,
    23094.953673927812,
    6417.704142756435,
    2658.8154729017383,
    5422.057090519608,
    316.31260783596366
  ],
  "time_vector": [
    5.790757806454371e-05,
    6.118589044410619e-05,
    0.00014242322320099794,
    5.481774849152821e-05,
    0.00010480094769803458,
    0.0001687986187490969,
    1.2896584155479332e-05,
    3.979550850964389e-05,
    5.52705911245512e-05,
    2.097909887504625e-05,
    7.26929820170256e-05,
    0.00010404423239262444,
    0.00015192219494626987,
    0.00021178775176949587,
    0.0002196590361042085,
    5.4817646985376095e-05
  ],
  "detuning_vector": [
    760.1105515129243,
    1534.4077223451789,
    -525.9110422939233,
    -1559.3188363324216,
    914.7974270108809,
    -258.69352179387295,
    1607.310727367048,
    520.8347258986821,
    724.4946058227779,
    -182.476620570415,
    -1851.057223413025,
    968.0162130987705,
    1125.184366842562,
    657.4359710305368,
    -331.71202485265263,
    -292.27909985183214
  ],
  "omega_scales": [
    0.9819494985712344,
    1.1856205175654115,
    0.6539629879799325,
    1.3541100033634161,
    1.0001502456939957,
    1.011251682022805,
    0.8971489948518627,
    1.0565801775021662,
    1.3515712886246551,
    1.2787969197319744,
    0.8768978878106921,
    1.56994708558131,
    1.27356704525835,
    1.1750183268099756,
    1.3556951455185318,
    0.5359931045105369
  ],
  "time_scales": [
    0.7580238666079935,
    0.6514867546556575,
    1.0590910797135193,
    0.7828792013747808,
    1.0019142286747056,
    1.0628493652420625,
    0.4844116283816593,
    0.9303660145940021,
    1.3473622848734912,
    0.9609662923951598,
    1.477836415009443,
    0.7111949142006806,
    1.3119222462987414,
    1.135848661163428,
    0.9961410418211014,
    1.1572177800421997
  ],
  "detuning_offsets": [
    760.1105515129243,
    1534.4077223451789,
    -525.9110422939233,
    -1559.3188363324216,
    914.7974270108809,
    -258.69352179387295,
    1607.310727367048,
    520.8347258986821,
    724.4946058227779,
    -182.476620570415,
    -1851.057223413025,
    968.0162130987705,
    1125.184366842562,
    657.4359710305368,
    -331.71202485265263,
    -292.27909985183214
  ]
}