{
  "gen": 22,
  "fitness": 3417.313416394306,
  "score_list": [
    3484,
    3948,
    4002,
    3650,
    2951
  ],
  "num_pulses": 200,
  "unique_pairs": [
    [
      0,
      -3
    ],
    [
      0,
      -2
    ],
    [
      0,
      -1
    ],
    [
      1,
      -3
    ],
    [
      1,
      -2
    ],
    [
      1,
      -1
    ],
    [
      2,
      -5
    ],
    [
      2,
      -4
    ],
    [
      2,
      -3
    ],
    [
      2,
      -2
    ]
  ],
  "omega_vector": [
    24189.286627292753,
    16514.05806450346,
    3775.012689847687,
    19746.19803472369,
    13451.967297384572,
    993.243170901028,
    10714.684903473146,
    13239.074615800953,
    3518.406228116911,
    3201.7498530850426
  ],
  "time_vector": [
    6.163881116909212e-05,
    0.00010223473405064955,
    3.8890751309778004e-05,
    7.89170011336712e-05,
    0.0001216760486848024,
    6.471987485043185e-05,
    6.905534322218462e-05,
    7.313092556662165e-05,
    0.00019772431225176495,
    0.00019209128777964818
  ],
  "omega_scales": [
    0.9870746234368724,
    0.673877154650871,
    0.2763785124734004,
    1.1739127362032034,
    0.7997203162664273,
    0.1,
    2.3374076874926666,
    2.8881031090546925,
    1.4905914473165822,
    1.3564382956455776
  ],
  "time_scales": [
    0.8805544452727447,
    1.460496200723565,
    0.77781502619556,
    1.1273857304810173,
    1.7382292669257484,
    1.294397497008637,
    1.3811068644436924,
    1.4626185113324333,
    0.9886215612588247,
    0.9604564388982408
  ]
}