{
  "gen": 29,
  "score": 3796.909401078725,
  "score_SLM": 4053,
  "score_AOD": 3557,
  "survive_SLM": 0.6879,
  "survive_AOD": 0.7068,
  "nzbar_SLM": 11.974124145951446,
  "nzbar_AOD": 12.849462365591398,
  "num_pulses": 260,
  "unique_pairs": [
    [
      0,
      -3
    ],
    [
      0,
      -2
    ],
    [
      0,
      -1
    ],
    [
      1,
      -3
    ],
    [
      1,
      -2
    ],
    [
      1,
      -1
    ],
    [
      2,
      -10
    ],
    [
      2,
      -9
    ],
    [
      2,
      -8
    ],
    [
      2,
      -7
    ],
    [
      2,
      -6
    ],
    [
      2,
      -5
    ],
    [
      2,
      -4
    ],
    [
      2,
      -3
    ],
    [
      2,
      -2
    ],
    [
      2,
      -1
    ]
  ],
  "omega_vector": [
    20508.373046875,
    17760.42578125,
    5926.83544921875,
    25809.142578125,
    10060.341796875,
    4332.263671875,
    11389.824961843175,
    13406.337475597484,
    35041.8742052305,
    16975.226939782864,
    12772.872924910018,
    54858.02664212574,
    9112.42544131481,
    2219.093801778647,
    3483.903824742267,
    244.4491474797116
  ],
  "time_vector": [
    6.814449443481863e-05,
    7.641866250196472e-05,
    0.0001462052168790251,
    5.634267290588468e-05,
    0.00013017933815717697,
    0.0001981102832360193,
    1.5204393306043348e-05,
    4.982216029085011e-05,
    6.355720842340058e-05,
    1.6898159875144647e-05,
    7.323480022755818e-05,
    0.000103738045257859,
    0.0001299587827184662,
    0.00020930167844232823,
    0.00022442894103920914,
    5.4396238367283505e-05
  ],
  "detuning_vector": [
    0.0,
    0.0,
    0.0,
    0.0,
    0.0,
    0.0,
    2255.3821789458752,
    5386.977282977147,
    4008.833856988076,
    -4299.774013024204,
    337.6377742285672,
    2179.8831319016354,
    -1810.6221608987703,
    3689.6431039730815,
    276.7961454274342,
    -2714.0916716007578
  ],
  "omega_scales": [
    1.0,
    1.0,
    1.0,
    1.0,
    1.0,
    1.0,
    0.8270080754479063,
    0.7761880085508935,
    1.4355403750202744,
    1.1266025494653111,
    1.252310185964588,
    2.23336055718725,
    1.4181324550845995,
    1.0871926304933297,
    0.6315618854204688,
    1.3097171613136087
  ],
  "time_scales": [
    1.0,
    1.0,
    1.0,
    1.0,
    1.0,
    1.0,
    0.9541730273764699,
    1.2139121702841589,
    1.299479383474916,
    0.9909347464944964,
    1.228660238934494,
    1.059421611639444,
    0.9961861825031335,
    1.2378517303314238,
    1.340349064904034,
    1.0748893933193102
  ],
  "detuning_offsets": [
    0.0,
    0.0,
    0.0,
    0.0,
    0.0,
    0.0,
    2473.5848309234143,
    4689.795825457616,
    2919.9418892146386,
    -3434.727870446078,
    611.5710933203641,
    1033.5407246750729,
    -2128.6128835550203,
    2676.639075652769,
    -166.83813191631577,
    -2355.5949674991953
  ]
}