{
  "gen": 23,
  "score": -45.82555135344804,
  "n_bar": 17.700551353448038,
  "num_pulses": 480,
  "good": 0.72186,
  "survive": 0.99378,
  "unique_pairs": [
    [
      0,
      -3
    ],
    [
      0,
      -2
    ],
    [
      0,
      -1
    ],
    [
      1,
      -3
    ],
    [
      1,
      -2
    ],
    [
      1,
      -1
    ],
    [
      2,
      -10
    ],
    [
      2,
      -9
    ],
    [
      2,
      -8
    ],
    [
      2,
      -7
    ],
    [
      2,
      -6
    ],
    [
      2,
      -5
    ],
    [
      2,
      -4
    ],
    [
      2,
      -3
    ],
    [
      2,
      -2
    ],
    [
      2,
      -1
    ]
  ],
  "omega_vector": [
    19031.994604520874,
    20608.756054899717,
    8119.9759305683865,
    18862.061102219184,
    10129.539692593353,
    6587.2833935928975,
    18534.514756868324,
    17844.950439611825,
    20431.02469413247,
    10151.11154973496,
    6777.877175677919,
    7577.466502103165,
    1681.8672790317153,
    1578.44969555073,
    988.8702599127241,
    865.3602348883168
  ],
  "time_vector": [
    7.221541279186952e-05,
    8.006603597292206e-05,
    0.00010965426127234938,
    8.728518099718951e-05,
    0.00013283693396988223,
    0.00011820819963449302,
    2.9260896123639416e-05,
    4.226442197070946e-05,
    3.5992191971666635e-05,
    2.9706950343677495e-05,
    3.128783744139429e-05,
    4.182893777497222e-05,
    6.41531082065674e-05,
    3.619320292743585e-05,
    2.228856675669637e-05,
    3.841450301859409e-05
  ],
  "omega_scales": [
    1.1894996627825547,
    1.5852889272999782,
    0.9022195478409318,
    1.178878818888699,
    0.7791953609687194,
    0.7319203770658775,
    1.5445428964056938,
    1.4870792033009854,
    2.2701138549036077,
    1.1279012833038844,
    1.1296461959463198,
    1.2629110836838608,
    0.4204668197579288,
    0.3946124238876825,
    0.32962341997090805,
    0.28845341162943894
  ],
  "time_scales": [
    0.9026926598983689,
    0.8896226219213561,
    0.9137855106029115,
    1.0910647624648688,
    1.4759659329986914,
    0.9850683302874418,
    0.9753632041213138,
    1.4088140656903152,
    1.1997397323888876,
    0.9902316781225831,
    0.6257567488278858,
    0.8365787554994444,
    0.9164729743795346,
    0.5170457561062266,
    0.24765074174107077,
    0.4268278113177121
  ]
}