{
  "gen": 1,
  "fitness": 73.22115567721971,
  "z_mean": 57.14615567721971,
  "good_frac": 0.8402,
  "survive_frac": 0.9981,
  "num_pulses": 200,
  "z_dns": [
    -5,
    -4,
    -3,
    -2
  ],
  "omega_scales_z": [
    0.5712131454358939,
    0.7858147906136048,
    0.8747411073724338,
    0.9391211082484551
  ],
  "time_scales_z": [
    1.0529642297570039,
    1.303129025715446,
    0.8935516138549014,
    0.4904304581056567
  ]
}