{
  "gen": 0,
  "score": 3376.5805188089325,
  "score_SLM": 3532,
  "score_AOD": 3228,
  "survive_SLM": 0.7006,
  "survive_AOD": 0.7408,
  "nzbar_SLM": 16.776334570368256,
  "nzbar_AOD": 20.204508639308855,
  "num_pulses": 260,
  "unique_pairs": [
    [
      0,
      -3
    ],
    [
      0,
      -2
    ],
    [
      0,
      -1
    ],
    [
      1,
      -3
    ],
    [
      1,
      -2
    ],
    [
      1,
      -1
    ],
    [
      2,
      -10
    ],
    [
      2,
      -9
    ],
    [
      2,
      -8
    ],
    [
      2,
      -7
    ],
    [
      2,
      -6
    ],
    [
      2,
      -5
    ],
    [
      2,
      -4
    ],
    [
      2,
      -3
    ],
    [
      2,
      -2
    ],
    [
      2,
      -1
    ]
  ],
  "omega_vector": [
    20508.373046875,
    17760.42578125,
    5926.83544921875,
    25809.142578125,
    10060.341796875,
    4332.263671875,
    13772.326171875,
    17272.0234375,
    24410.232421875,
    15067.626953125,
    10199.4482421875,
    24562.99609375,
    6425.65185546875,
    2041.1229248046875,
    5516.330078125,
    186.6427001953125
  ],
  "time_vector": [
    6.814449443481863e-05,
    7.641866250196472e-05,
    0.0001462052168790251,
    5.634267290588468e-05,
    0.00013017933815717697,
    0.0001981102832360193,
    1.5934629118419252e-05,
    4.1042640077648684e-05,
    4.890974742011167e-05,
    1.7052747352863662e-05,
    5.960541238891892e-05,
    9.791951015358791e-05,
    0.0001304563193116337,
    0.00016908461111597717,
    0.00016744066670071334,
    5.060635885456577e-05
  ],
  "detuning_vector": [
    0.0,
    0.0,
    0.0,
    0.0,
    0.0,
    0.0,
    -218.20265197753906,
    697.1814575195312,
    1088.8919677734375,
    -865.046142578125,
    -273.9333190917969,
    1146.3424072265625,
    317.99072265625,
    1013.0040283203125,
    443.63427734375,
    -358.4967041015625
  ],
  "omega_scales": [
    1.0,
    1.0,
    1.0,
    1.0,
    1.0,
    1.0,
    1.0,
    1.0,
    1.0,
    1.0,
    1.0,
    1.0,
    1.0,
    1.0,
    1.0,
    1.0
  ],
  "time_scales": [
    1.0,
    1.0,
    1.0,
    1.0,
    1.0,
    1.0,
    1.0,
    1.0,
    1.0,
    1.0,
    1.0,
    1.0,
    1.0,
    1.0,
    1.0,
    1.0
  ],
  "detuning_offsets": [
    0.0,
    0.0,
    0.0,
    0.0,
    0.0,
    0.0,
    0.0,
    0.0,
    0.0,
    0.0,
    0.0,
    0.0,
    0.0,
    0.0,
    0.0,
    0.0
  ]
}