{
  "gen": 22,
  "score": 3764.837845113651,
  "score_SLM": 4226,
  "score_AOD": 3354,
  "survive_SLM": 0.7033,
  "survive_AOD": 0.7258,
  "nzbar_SLM": 13.304990757855823,
  "nzbar_AOD": 15.178423808211628,
  "num_pulses": 260,
  "unique_pairs": [
    [
      0,
      -3
    ],
    [
      0,
      -2
    ],
    [
      0,
      -1
    ],
    [
      1,
      -3
    ],
    [
      1,
      -2
    ],
    [
      1,
      -1
    ],
    [
      2,
      -10
    ],
    [
      2,
      -9
    ],
    [
      2,
      -8
    ],
    [
      2,
      -7
    ],
    [
      2,
      -6
    ],
    [
      2,
      -5
    ],
    [
      2,
      -4
    ],
    [
      2,
      -3
    ],
    [
      2,
      -2
    ],
    [
      2,
      -1
    ]
  ],
  "omega_vector": [
    20508.373046875,
    17760.42578125,
    5926.83544921875,
    25809.142578125,
    10060.341796875,
    4332.263671875,
    14778.614082042044,
    16521.681177177354,
    32914.55755801438,
    15391.753242484598,
    12113.240532328968,
    46211.28751194388,
    6775.078328343703,
    1653.5746153605921,
    4975.465020756559,
    202.56394426539265
  ],
  "time_vector": [
    6.814449443481863e-05,
    7.641866250196472e-05,
    0.0001462052168790251,
    5.634267290588468e-05,
    0.00013017933815717697,
    0.0001981102832360193,
    1.7368006559663542e-05,
    3.4548996432126706e-05,
    3.459139629570061e-05,
    1.7929050838064177e-05,
    5.0824898686980356e-05,
    8.420859665327632e-05,
    0.00016401317409923093,
    0.0002803224549388714,
    0.00022190552608327004,
    5.752431526966347e-05
  ],
  "detuning_vector": [
    0.0,
    0.0,
    0.0,
    0.0,
    0.0,
    0.0,
    2549.211257874367,
    1090.560929100005,
    1084.1219832041565,
    -1686.6503419488529,
    1072.5650624975867,
    -379.250046182859,
    -119.29618290038115,
    5713.671058577435,
    195.12298581298705,
    -4071.8034960852256
  ],
  "omega_scales": [
    1.0,
    1.0,
    1.0,
    1.0,
    1.0,
    1.0,
    1.073065936546146,
    0.9565573620810666,
    1.3483918132839368,
    1.0215114357667565,
    1.1876368451212427,
    1.881337575252159,
    1.05437992607358,
    0.8101298531634593,
    0.9019520134385648,
    1.0853033311960196
  ],
  "time_scales": [
    1.0,
    1.0,
    1.0,
    1.0,
    1.0,
    1.0,
    1.0899536117591473,
    0.8417829936564355,
    0.7072495385955855,
    1.051387818459256,
    0.8526893221600975,
    0.8599777155869566,
    1.2572267481151043,
    1.6578827197147756,
    1.3252785625842511,
    1.1367013270995994
  ],
  "detuning_offsets": [
    0.0,
    0.0,
    0.0,
    0.0,
    0.0,
    0.0,
    2767.4139098519063,
    393.3794715804738,
    -4.76998456928095,
    -821.6041993707279,
    1346.4983815893836,
    -1525.5924534094215,
    -437.28690555663115,
    4700.667030257123,
    -248.51129153076295,
    -3713.306791983663
  ]
}