{
  "gen": 32,
  "score": 3828.8914844899955,
  "score_SLM": 4078,
  "score_AOD": 3595,
  "survive_SLM": 0.7034,
  "survive_AOD": 0.7107,
  "nzbar_SLM": 11.731020756326414,
  "nzbar_AOD": 13.533277050794991,
  "num_pulses": 260,
  "unique_pairs": [
    [
      0,
      -3
    ],
    [
      0,
      -2
    ],
    [
      0,
      -1
    ],
    [
      1,
      -3
    ],
    [
      1,
      -2
    ],
    [
      1,
      -1
    ],
    [
      2,
      -10
    ],
    [
      2,
      -9
    ],
    [
      2,
      -8
    ],
    [
      2,
      -7
    ],
    [
      2,
      -6
    ],
    [
      2,
      -5
    ],
    [
      2,
      -4
    ],
    [
      2,
      -3
    ],
    [
      2,
      -2
    ],
    [
      2,
      -1
    ]
  ],
  "omega_vector": [
    20508.373046875,
    17760.42578125,
    5926.83544921875,
    25809.142578125,
    10060.341796875,
    4332.263671875,
    15189.688287506438,
    15434.425010999608,
    29121.845065107747,
    16454.973138382742,
    13430.524000857631,
    62510.80146266754,
    11834.609177331607,
    2419.1012686486215,
    3851.327555117947,
    315.47783307089304
  ],
  "time_vector": [
    6.814449443481863e-05,
    7.641866250196472e-05,
    0.0001462052168790251,
    5.634267290588468e-05,
    0.00013017933815717697,
    0.0001981102832360193,
    1.2315987080416386e-05,
    2.4414528340646583e-05,
    6.093890707486518e-05,
    1.8797425644267787e-05,
    4.611407525721119e-05,
    8.035452459520154e-05,
    0.00019949497988399365,
    0.00017841430858177296,
    0.0003433769053564682,
    6.794473044692194e-05
  ],
  "detuning_vector": [
    0.0,
    0.0,
    0.0,
    0.0,
    0.0,
    0.0,
    -2128.5051448119707,
    5697.181457519531,
    -1001.6614599516697,
    -5865.046142578125,
    3502.1312499505884,
    -1248.579236254573,
    965.351317031085,
    -2432.772488954366,
    723.56689345411,
    1937.8938496958435
  ],
  "omega_scales": [
    1.0,
    1.0,
    1.0,
    1.0,
    1.0,
    1.0,
    1.1029137778137936,
    0.8936083873930656,
    1.1930179345203809,
    1.0920746305688176,
    1.3167892695710326,
    2.5449176160791427,
    1.8417756584897138,
    1.1851815680724385,
    0.6981684381778352,
    1.6902768377266342
  ],
  "time_scales": [
    1.0,
    1.0,
    1.0,
    1.0,
    1.0,
    1.0,
    0.7729070434516745,
    0.5948576479109694,
    1.245946059615248,
    1.1023106866771906,
    0.7736558377672449,
    0.8206181226720245,
    1.5292090175213404,
    1.0551776853270014,
    2.0507378053518304,
    1.3426125092734642
  ],
  "detuning_offsets": [
    0.0,
    0.0,
    0.0,
    0.0,
    0.0,
    0.0,
    -1910.3024928344316,
    5000.0,
    -2090.553427725107,
    -5000.0,
    3776.0645690423853,
    -2394.9216434811356,
    647.360594374835,
    -3445.7765172746786,
    279.9326161103599,
    2296.390553797406
  ]
}