{
  "gen": 9,
  "score": 2771.0,
  "score_SLM": 2771,
  "score_AOD": 2771,
  "survive_SLM": 0.7357,
  "survive_AOD": 0.7325,
  "nzbar_SLM": 38.62498300937882,
  "nzbar_AOD": 28.397679180887373,
  "num_pulses": 260,
  "unique_pairs": [
    [
      0,
      -3
    ],
    [
      0,
      -2
    ],
    [
      0,
      -1
    ],
    [
      1,
      -3
    ],
    [
      1,
      -2
    ],
    [
      1,
      -1
    ],
    [
      2,
      -10
    ],
    [
      2,
      -9
    ],
    [
      2,
      -8
    ],
    [
      2,
      -7
    ],
    [
      2,
      -6
    ],
    [
      2,
      -5
    ],
    [
      2,
      -4
    ],
    [
      2,
      -3
    ],
    [
      2,
      -2
    ],
    [
      2,
      -1
    ]
  ],
  "omega_vector": [
    20000.0,
    17760.42578125,
    5926.83544921875,
    20000.0,
    10060.341796875,
    4332.263671875,
    7911.946741017704,
    9199.065792082201,
    9999.999999999998,
    7795.602867732514,
    7639.464582936416,
    8362.143240870822,
    8514.273536753652,
    2466.9665413986054,
    5488.501034371672,
    45.41299867590519
  ],
  "time_vector": [
    6.814449443481863e-05,
    7.641866250196472e-05,
    0.0001462052168790251,
    5.634267290588468e-05,
    0.00013017933815717697,
    0.0001981102832360193,
    1.9107644118159528e-05,
    4.105230479417692e-05,
    3.824234143179707e-05,
    2.021252609070068e-05,
    0.00011469429582665007,
    0.00014050061144383447,
    6.707339758347687e-05,
    0.00018276843404917348,
    0.00020682231366115172,
    4.1520931024571595e-05
  ],
  "detuning_vector": [
    0.0,
    0.0,
    0.0,
    0.0,
    0.0,
    0.0,
    12694.565667537401,
    2364.916424625113,
    20551.399130208534,
    -7824.866084139778,
    -13364.510731137068,
    -4173.040925208893,
    10525.617005185546,
    11038.86761984802,
    130.81734441225785,
    20429.794381222604
  ],
  "omega_scales": [
    1.0,
    1.0,
    1.0,
    1.0,
    1.0,
    1.0,
    0.7911946741017704,
    0.9199065792082202,
    0.9999999999999998,
    0.7795602867732514,
    0.7639464582936416,
    0.8362143240870823,
    0.9264217360324261,
    0.7817824228473266,
    1.291892311800801,
    0.6896142008128
  ],
  "time_scales": [
    1.0,
    1.0,
    1.0,
    1.0,
    1.0,
    1.0,
    1.0389979567942866,
    0.9536994839298807,
    0.953089753527079,
    1.1037307318599168,
    1.2969451220380768,
    1.0755117858046095,
    0.5000177133665905,
    0.7256736014771984,
    0.9398914108933132,
    0.9288556555544452
  ],
  "detuning_offsets": [
    0.0,
    0.0,
    0.0,
    0.0,
    0.0,
    0.0,
    2073.6672300374007,
    -8452.327715999887,
    9806.018270833534,
    -3406.0247755460277,
    -10459.235340512068,
    -7552.946442787018,
    7335.594544248046,
    10243.466191625364,
    -273.642341867039,
    7939.672310910104
  ],
  "omega_lin_max_xyz": [
    20000.0,
    20000.0,
    10000.0
  ]
}