{
  "gen": 22,
  "fitness": 67.71018264840183,
  "z_mean": 55.24018264840183,
  "good_frac": 0.876,
  "survive_frac": 0.9986,
  "num_pulses": 200,
  "z_dns": [
    -5,
    -4,
    -3,
    -2
  ],
  "omega_scales_z": [
    0.19425973886617115,
    0.1,
    0.2029800282684861,
    0.1
  ],
  "time_scales_z": [
    0.5549271181117827,
    0.6338192277062424,
    0.38872588791907486,
    0.8046223485691485
  ]
}