{
  "gen": 17,
  "score": 2810.0,
  "score_SLM": 2957,
  "score_AOD": 2810,
  "survive_SLM": 0.7426,
  "survive_AOD": 0.7251,
  "nzbar_SLM": 31.132238082413142,
  "nzbar_AOD": 28.378154737277615,
  "num_pulses": 260,
  "unique_pairs": [
    [
      0,
      -3
    ],
    [
      0,
      -2
    ],
    [
      0,
      -1
    ],
    [
      1,
      -3
    ],
    [
      1,
      -2
    ],
    [
      1,
      -1
    ],
    [
      2,
      -10
    ],
    [
      2,
      -9
    ],
    [
      2,
      -8
    ],
    [
      2,
      -7
    ],
    [
      2,
      -6
    ],
    [
      2,
      -5
    ],
    [
      2,
      -4
    ],
    [
      2,
      -3
    ],
    [
      2,
      -2
    ],
    [
      2,
      -1
    ]
  ],
  "omega_vector": [
    20000.0,
    17760.42578125,
    5926.83544921875,
    20000.0,
    10060.341796875,
    4332.263671875,
    7338.703829390199,
    9588.348855548951,
    7800.694090183731,
    7322.933398848814,
    8414.743796058749,
    8209.906012477066,
    8320.331484279619,
    3575.4376183925046,
    3690.3979730184774,
    59.158535287617546
  ],
  "time_vector": [
    6.814449443481863e-05,
    7.641866250196472e-05,
    0.0001462052168790251,
    5.634267290588468e-05,
    0.00013017933815717697,
    0.0001981102832360193,
    2.118494298103601e-05,
    4.132659201868342e-05,
    5.066428437940189e-05,
    1.9797374026176032e-05,
    0.00010550414749595085,
    0.00014136367005203356,
    0.0001273982478412791,
    0.00026081459714813796,
    0.00016134006844197634,
    3.7931489425233495e-05
  ],
  "detuning_vector": [
    0.0,
    0.0,
    0.0,
    0.0,
    0.0,
    0.0,
    17555.974849539198,
    14204.54165308652,
    15430.402872433058,
    -6796.014165188773,
    -1557.182707142576,
    12254.04016060706,
    3876.272243775565,
    3020.7636379431183,
    350.41035342628817,
    11905.604570272119
  ],
  "omega_scales": [
    1.0,
    1.0,
    1.0,
    1.0,
    1.0,
    1.0,
    0.7338703829390198,
    0.9588348855548952,
    0.7800694090183731,
    0.7322933398848814,
    0.8414743796058749,
    0.8209906012477066,
    0.9053192741292357,
    1.1330572333022673,
    0.8686518849082496,
    0.8983455667566755
  ],
  "time_scales": [
    1.0,
    1.0,
    1.0,
    1.0,
    1.0,
    1.0,
    1.151953235887461,
    0.9600715399148473,
    1.2626740022680893,
    1.0810608245977187,
    1.1930243650169832,
    1.0821183741704494,
    0.9497264618692733,
    1.0355522769286964,
    0.733200116937075,
    0.8485570435639163
  ],
  "detuning_offsets": [
    0.0,
    0.0,
    0.0,
    0.0,
    0.0,
    0.0,
    6935.0764120392,
    3387.29751246152,
    4685.022013058058,
    -2377.1728565950234,
    1348.092683482424,
    8874.134643028936,
    686.2497828380652,
    2225.362209720462,
    -54.04933285300869,
    -584.5175000403812
  ],
  "omega_lin_max_xyz": [
    20000.0,
    20000.0,
    10000.0
  ]
}