{
  "gen": 28,
  "score": 2785.0,
  "score_SLM": 2785,
  "score_AOD": 2840,
  "survive_SLM": 0.7579,
  "survive_AOD": 0.7377,
  "nzbar_SLM": 41.196463913445044,
  "nzbar_AOD": 31.397722651484344,
  "num_pulses": 260,
  "unique_pairs": [
    [
      0,
      -3
    ],
    [
      0,
      -2
    ],
    [
      0,
      -1
    ],
    [
      1,
      -3
    ],
    [
      1,
      -2
    ],
    [
      1,
      -1
    ],
    [
      2,
      -10
    ],
    [
      2,
      -9
    ],
    [
      2,
      -8
    ],
    [
      2,
      -7
    ],
    [
      2,
      -6
    ],
    [
      2,
      -5
    ],
    [
      2,
      -4
    ],
    [
      2,
      -3
    ],
    [
      2,
      -2
    ],
    [
      2,
      -1
    ]
  ],
  "omega_vector": [
    20000.0,
    17760.42578125,
    5926.83544921875,
    20000.0,
    10060.341796875,
    4332.263671875,
    3708.763875442838,
    2034.0348272110937,
    6821.364687763449,
    6032.403125018088,
    9999.999999999998,
    8149.520587157839,
    6892.506738825969,
    4295.0727822209,
    3377.8499969151085,
    82.48559216278579
  ],
  "time_vector": [
    6.814449443481863e-05,
    7.641866250196472e-05,
    0.0001462052168790251,
    5.634267290588468e-05,
    0.00013017933815717697,
    0.0001981102832360193,
    9.307477003079198e-06,
    5.246877609083015e-05,
    3.230712408462675e-05,
    1.4937051387219652e-05,
    8.48210331319504e-05,
    0.0001621339309905356,
    0.00017872264404097452,
    0.00015568036997416903,
    0.00022259552366729124,
    3.636282313709271e-05
  ],
  "detuning_vector": [
    0.0,
    0.0,
    0.0,
    0.0,
    0.0,
    0.0,
    21119.325148324442,
    15288.864821851832,
    12686.874830019064,
    801.9946429266001,
    7233.736224331384,
    8069.167278010548,
    -2403.9435089979534,
    1984.6442062744209,
    717.4459023347299,
    12856.46066439877
  ],
  "omega_scales": [
    1.0,
    1.0,
    1.0,
    1.0,
    1.0,
    1.0,
    0.3708763875442838,
    0.20340348272110936,
    0.6821364687763449,
    0.6032403125018088,
    0.9999999999999998,
    0.8149520587157839,
    0.7499604083700817,
    1.3611098284643162,
    0.7950838332912078,
    1.2525760768158802
  ],
  "time_scales": [
    1.0,
    1.0,
    1.0,
    1.0,
    1.0,
    1.0,
    0.5061037106044115,
    1.2189192526738484,
    0.8051700753182339,
    0.8156567163087145,
    0.9591429492969774,
    1.2411117066836392,
    1.3323387664830864,
    0.6181216977985529,
    1.0115718033256103,
    0.8134647535438564
  ],
  "detuning_offsets": [
    0.0,
    0.0,
    0.0,
    0.0,
    0.0,
    0.0,
    10498.426710824442,
    4471.620681226832,
    1941.4939706440637,
    5220.83595152035,
    10139.011614956384,
    4689.261760432423,
    -5593.965969935453,
    1189.2427780517646,
    312.98621605543303,
    366.33859408626995
  ],
  "omega_lin_max_xyz": [
    20000.0,
    20000.0,
    10000.0
  ]
}