{
  "gen": 20,
  "fitness": 3324.3944445245675,
  "score_list": [
    3459,
    3712,
    4069,
    3454,
    2891
  ],
  "num_pulses": 200,
  "unique_pairs": [
    [
      0,
      -3
    ],
    [
      0,
      -2
    ],
    [
      0,
      -1
    ],
    [
      1,
      -3
    ],
    [
      1,
      -2
    ],
    [
      1,
      -1
    ],
    [
      2,
      -5
    ],
    [
      2,
      -4
    ],
    [
      2,
      -3
    ],
    [
      2,
      -2
    ]
  ],
  "omega_vector": [
    22365.676371196918,
    23719.430367370267,
    1399.3332569847519,
    22582.37687345589,
    13532.385379642501,
    1069.8238090512489,
    9779.777443389889,
    13433.765554382597,
    3604.414194975218,
    2891.002657609492
  ],
  "time_vector": [
    4.960789417892945e-05,
    5.747542091326968e-05,
    4.989353510226761e-05,
    9.028365563366155e-05,
    9.428388341042258e-05,
    5.192454913342615e-05,
    6.369267314070362e-05,
    7.509157468736402e-05,
    0.00021615928997807609,
    0.0001009687492297261
  ],
  "omega_scales": [
    0.9126598862614308,
    0.9679015408247894,
    0.10244883283706485,
    1.3425237495781805,
    0.8045011764004951,
    0.10771016004879755,
    2.1334576969908925,
    2.9305749223301705,
    1.5270291783481964,
    1.2247885992143108
  ],
  "time_scales": [
    0.7086842025561351,
    0.8210774416181382,
    0.9978707020453521,
    1.289766509052308,
    1.346912620148894,
    1.038490982668523,
    1.2738534628140723,
    1.5018314937472808,
    1.0807964498903804,
    0.5048437461486305
  ]
}