{
  "gen": 13,
  "score": 3842.9578452020523,
  "score_SLM": 3861,
  "score_AOD": 3825,
  "survive_SLM": 0.7188,
  "survive_AOD": 0.7175,
  "nzbar_SLM": 14.173900946021146,
  "nzbar_AOD": 12.374634146341464,
  "num_pulses": 260,
  "unique_pairs": [
    [
      0,
      -3
    ],
    [
      0,
      -2
    ],
    [
      0,
      -1
    ],
    [
      1,
      -3
    ],
    [
      1,
      -2
    ],
    [
      1,
      -1
    ],
    [
      2,
      -10
    ],
    [
      2,
      -9
    ],
    [
      2,
      -8
    ],
    [
      2,
      -7
    ],
    [
      2,
      -6
    ],
    [
      2,
      -5
    ],
    [
      2,
      -4
    ],
    [
      2,
      -3
    ],
    [
      2,
      -2
    ],
    [
      2,
      -1
    ]
  ],
  "omega_vector": [
    20508.373046875,
    17760.42578125,
    5926.83544921875,
    25809.142578125,
    10060.341796875,
    4332.263671875,
    13051.440382606816,
    6196.057399025793,
    40402.7665048915,
    20537.53672684721,
    16166.24134309224,
    45144.023849761055,
    8424.71035823334,
    1314.8942782637378,
    3902.262446172139,
    240.62819660875138
  ],
  "time_vector": [
    6.814449443481863e-05,
    7.641866250196472e-05,
    0.0001462052168790251,
    5.634267290588468e-05,
    0.00013017933815717697,
    0.0001981102832360193,
    1.2506383814376732e-05,
    4.092558817194823e-05,
    6.705193995573276e-05,
    2.1171075896050516e-05,
    4.976760090476032e-05,
    0.00010858253057225086,
    0.00019811010293756693,
    0.00018159471617150191,
    0.00026184288636993543,
    3.826942862905192e-05
  ],
  "detuning_vector": [
    0.0,
    0.0,
    0.0,
    0.0,
    0.0,
    0.0,
    3537.847366716078,
    2308.878997451564,
    614.2221335257924,
    -2773.420484402757,
    -4744.901580684824,
    234.7371445307606,
    -4682.00927734375,
    1094.8040089195742,
    1346.1647038238027,
    1751.3680799328868
  ],
  "omega_scales": [
    1.0,
    1.0,
    1.0,
    1.0,
    1.0,
    1.0,
    0.9476569331664295,
    0.35873373038466805,
    1.6551569770669181,
    1.3630239712423833,
    1.5850113613229169,
    1.8378875149211888,
    1.311105946560617,
    0.6442014159385125,
    0.7074019123051675,
    1.2892451532095586
  ],
  "time_scales": [
    1.0,
    1.0,
    1.0,
    1.0,
    1.0,
    1.0,
    0.7848556575389808,
    0.9971480415129484,
    1.3709320430504008,
    1.241505281112094,
    0.8349510373325171,
    1.1088957696166768,
    1.5185933803967138,
    1.0739872479994286,
    1.5637950536709129,
    0.7562177855757588
  ],
  "detuning_offsets": [
    0.0,
    0.0,
    0.0,
    0.0,
    0.0,
    0.0,
    3756.050018693617,
    1611.697539932033,
    -474.6698342476451,
    -1908.3743418246322,
    -4470.968261593027,
    -911.6052626958019,
    -5000.0,
    81.79998059926174,
    902.5304264800527,
    2109.8647840344493
  ]
}