{
  "gen": 3,
  "score": 10089.0,
  "n_bar": 33.0068373812038,
  "num_pulses": 260,
  "good": 0.7576,
  "unique_pairs": [
    [
      0,
      -3
    ],
    [
      0,
      -2
    ],
    [
      0,
      -1
    ],
    [
      1,
      -3
    ],
    [
      1,
      -2
    ],
    [
      1,
      -1
    ],
    [
      2,
      -10
    ],
    [
      2,
      -9
    ],
    [
      2,
      -8
    ],
    [
      2,
      -7
    ],
    [
      2,
      -6
    ],
    [
      2,
      -5
    ],
    [
      2,
      -4
    ],
    [
      2,
      -3
    ],
    [
      2,
      -2
    ],
    [
      2,
      -1
    ]
  ],
  "omega_vector": [
    17936.874789408015,
    8857.06114847103,
    10466.60300074161,
    18465.536410539702,
    18856.823318940504,
    5514.768627196195,
    8919.345935689833,
    14860.59364603423,
    7448.760643693113,
    8604.676525890613,
    8068.999150825368,
    4818.203277401729,
    3909.6145265657337,
    6983.291399160671,
    3340.838411314902,
    1658.1149568402823
  ],
  "time_vector": [
    6.864876325737996e-05,
    0.00011177610273193782,
    0.00011306771329948288,
    6.1997241806528e-05,
    0.00012467298643793238,
    0.00012759606369874517,
    2.9823038933259745e-05,
    3.572090877687002e-05,
    4.0008971692529235e-05,
    1.1707511819439762e-05,
    0.00010217693960272144,
    8.921629025094067e-05,
    9.687003019405299e-05,
    9.821370882563285e-05,
    8.8220944447364e-05,
    8.013145402026184e-05
  ],
  "omega_scales": [
    1.121054674338001,
    0.6813123960362331,
    1.16295588897129,
    1.1540960256587314,
    1.4505248706877312,
    0.6127520696884661,
    0.7432788279741527,
    1.2383828038361857,
    0.827640071521457,
    0.9560751695434014,
    1.344833191804228,
    0.8030338795669548,
    0.9774036316414334,
    1.7458228497901678,
    1.113612803771634,
    0.5527049856134274
  ],
  "time_scales": [
    0.8581095407172494,
    1.2419566970215312,
    0.9422309441623571,
    0.7749655225815999,
    1.3852554048659154,
    1.0633005308228762,
    0.994101297775325,
    1.1906969592290007,
    1.3336323897509745,
    0.39025039398132544,
    2.0435387920544286,
    1.7843258050188133,
    1.383857574200757,
    1.4030529832233265,
    0.9802327160818222,
    0.8903494891140203
  ]
}