{
  "gen": 4,
  "score": 3582.923666504772,
  "score_SLM": 3869,
  "score_AOD": 3318,
  "survive_SLM": 0.7157,
  "survive_AOD": 0.7292,
  "nzbar_SLM": 15.386474779935726,
  "nzbar_AOD": 12.148107515085025,
  "num_pulses": 260,
  "unique_pairs": [
    [
      0,
      -3
    ],
    [
      0,
      -2
    ],
    [
      0,
      -1
    ],
    [
      1,
      -3
    ],
    [
      1,
      -2
    ],
    [
      1,
      -1
    ],
    [
      2,
      -10
    ],
    [
      2,
      -9
    ],
    [
      2,
      -8
    ],
    [
      2,
      -7
    ],
    [
      2,
      -6
    ],
    [
      2,
      -5
    ],
    [
      2,
      -4
    ],
    [
      2,
      -3
    ],
    [
      2,
      -2
    ],
    [
      2,
      -1
    ]
  ],
  "omega_vector": [
    20508.373046875,
    17760.42578125,
    5926.83544921875,
    25809.142578125,
    10060.341796875,
    4332.263671875,
    13956.084609017826,
    20881.72000994096,
    27887.8447385891,
    15277.008346637625,
    11893.646925048708,
    33066.44464606997,
    8040.05929268159,
    1586.7928037654738,
    3985.200024422318,
    215.44502358775273
  ],
  "time_vector": [
    6.814449443481863e-05,
    7.641866250196472e-05,
    0.0001462052168790251,
    5.634267290588468e-05,
    0.00013017933815717697,
    0.0001981102832360193,
    1.6749179134879048e-05,
    3.83314878444651e-05,
    5.6140254392832925e-05,
    1.7232318023890548e-05,
    7.365268134336743e-05,
    0.00010950717074453566,
    0.00013900801538932443,
    0.00013715399897162913,
    0.00021516025631548454,
    4.3447778750189184e-05
  ],
  "detuning_vector": [
    0.0,
    0.0,
    0.0,
    0.0,
    0.0,
    0.0,
    -1867.3073779074261,
    658.1131445187996,
    -831.965972326765,
    -3404.01175313409,
    -598.3316630039903,
    -1750.118099319202,
    4086.374171967036,
    -2461.204727730815,
    -857.9729196890021,
    4023.2460397517807
  ],
  "omega_scales": [
    1.0,
    1.0,
    1.0,
    1.0,
    1.0,
    1.0,
    1.0133425853301445,
    1.2089909491787627,
    1.1424653504567892,
    1.0138961094646162,
    1.1661068954547535,
    1.346189386663773,
    1.2512441497805158,
    0.7774116808360829,
    0.7224368317308683,
    1.1543179741950798
  ],
  "time_scales": [
    1.0,
    1.0,
    1.0,
    1.0,
    1.0,
    1.0,
    1.0511182287586622,
    0.933943035144563,
    1.1478336600394725,
    1.0105303073640348,
    1.2356710303888443,
    1.1183386290716975,
    1.0655521796323446,
    0.8111560127583317,
    1.28499402537656,
    0.8585438615540559
  ],
  "detuning_offsets": [
    0.0,
    0.0,
    0.0,
    0.0,
    0.0,
    0.0,
    -1649.104725929887,
    -39.06831300073168,
    -1920.8579401002025,
    -2538.965610555965,
    -324.39834391219347,
    -2896.4605065457645,
    3768.383449310786,
    -3474.2087560511277,
    -1301.607197032752,
    4381.742743853343
  ]
}