{
  "gen": 24,
  "score": 25875.0,
  "n_bar": 7.388667659665015,
  "num_pulses": 260,
  "good": 0.65794,
  "unique_pairs": [
    [
      0,
      -3
    ],
    [
      0,
      -2
    ],
    [
      0,
      -1
    ],
    [
      1,
      -3
    ],
    [
      1,
      -2
    ],
    [
      1,
      -1
    ],
    [
      2,
      -10
    ],
    [
      2,
      -9
    ],
    [
      2,
      -8
    ],
    [
      2,
      -7
    ],
    [
      2,
      -6
    ],
    [
      2,
      -5
    ],
    [
      2,
      -4
    ],
    [
      2,
      -3
    ],
    [
      2,
      -2
    ],
    [
      2,
      -1
    ]
  ],
  "omega_vector": [
    21950.442038057397,
    20845.58642249968,
    8028.403785288843,
    12011.123709992351,
    7179.408182466978,
    8532.232121176183,
    6517.185262214414,
    21214.72773742001,
    14111.845811666602,
    7099.770120325324,
    14569.38930482131,
    14211.123487608216,
    2967.5712310944214,
    94.36164312809497,
    937.2961857043903,
    830.466832877951
  ],
  "time_vector": [
    7.953379900569381e-05,
    6.366268747335644e-05,
    0.00012976358890566452,
    0.00010071655548278147,
    0.00013740105339187807,
    0.00012845306499523668,
    3.988033656698847e-05,
    4.94693412148358e-05,
    5.370279372093946e-05,
    3.147390062320087e-05,
    0.00010974514721422197,
    0.00016483160040622758,
    0.0001486284872563723,
    7.746521172829466e-05,
    3.5571343374835634e-05,
    5.307347370306582e-05
  ],
  "omega_scales": [
    1.2237493188265618,
    1.1278670558738106,
    0.8826913929387287,
    0.8530374247405406,
    0.5578532044204154,
    1.067246189667001,
    0.6928449199741809,
    1.2923398170161575,
    1.0727741712948657,
    0.6142599136005933,
    1.6982510089616654,
    1.1004495321456496,
    0.5828048129685153,
    0.015298685980059156,
    0.21965704819560286,
    1.0327644801118898
  ],
  "time_scales": [
    1.009196986075523,
    0.5637977181428366,
    1.0924558102106061,
    1.2785108030290169,
    1.2066228843766793,
    0.9480161684168047,
    0.990259408753352,
    1.4578463624055122,
    1.3394695105894137,
    1.1951043393627954,
    1.6360209744257574,
    1.55864397487193,
    1.6661382050480957,
    0.6342616010231119,
    0.25225589569982665,
    1.2512048170001846
  ]
}