{
  "gen": 39,
  "score": 3838.6056062065036,
  "score_SLM": 4101,
  "score_AOD": 3593,
  "survive_SLM": 0.6874,
  "survive_AOD": 0.7169,
  "nzbar_SLM": 11.554116962467267,
  "nzbar_AOD": 14.603012972520574,
  "num_pulses": 260,
  "unique_pairs": [
    [
      0,
      -3
    ],
    [
      0,
      -2
    ],
    [
      0,
      -1
    ],
    [
      1,
      -3
    ],
    [
      1,
      -2
    ],
    [
      1,
      -1
    ],
    [
      2,
      -10
    ],
    [
      2,
      -9
    ],
    [
      2,
      -8
    ],
    [
      2,
      -7
    ],
    [
      2,
      -6
    ],
    [
      2,
      -5
    ],
    [
      2,
      -4
    ],
    [
      2,
      -3
    ],
    [
      2,
      -2
    ],
    [
      2,
      -1
    ]
  ],
  "omega_vector": [
    20508.373046875,
    17760.42578125,
    5926.83544921875,
    25809.142578125,
    10060.341796875,
    4332.263671875,
    11819.519906275862,
    14267.947071816114,
    40886.8312629482,
    12384.700768108194,
    13246.222145901987,
    59310.34302801681,
    10307.15145462545,
    1352.917236931746,
    4138.106099788779,
    150.6455585764195
  ],
  "time_vector": [
    6.814449443481863e-05,
    7.641866250196472e-05,
    0.0001462052168790251,
    5.634267290588468e-05,
    0.00013017933815717697,
    0.0001981102832360193,
    1.3828877756437408e-05,
    3.9066453444834674e-05,
    5.3929685744540814e-05,
    1.9587841494415565e-05,
    6.208493890591993e-05,
    0.00012473453052123546,
    0.000166200448421622,
    0.00016522575440105076,
    0.00026347290736703654,
    4.2243775300683586e-05
  ],
  "detuning_vector": [
    0.0,
    0.0,
    0.0,
    0.0,
    0.0,
    0.0,
    3587.0345479835987,
    4838.0049816034225,
    5511.863595682092,
    4134.953857421875,
    -4256.543117716326,
    1863.5567795132076,
    -464.1435645061622,
    1357.1652985910764,
    1040.238384796783,
    -5358.4967041015625
  ],
  "omega_scales": [
    1.0,
    1.0,
    1.0,
    1.0,
    1.0,
    1.0,
    0.8582079569399802,
    0.8260727021038188,
    1.6749873805506192,
    0.8219410267215056,
    1.2987194827963595,
    2.414621685467279,
    1.6040631653352382,
    0.6628298670748627,
    0.7501556362985662,
    0.8071334074077167
  ],
  "time_scales": [
    1.0,
    1.0,
    1.0,
    1.0,
    1.0,
    1.0,
    0.8678506197833151,
    0.9518504017023453,
    1.1026367664774517,
    1.1486619187568146,
    1.0415990162239355,
    1.2738475746619635,
    1.2739930828847226,
    0.9771779543421633,
    1.5735299706968622,
    0.8347523168399676
  ],
  "detuning_offsets": [
    0.0,
    0.0,
    0.0,
    0.0,
    0.0,
    0.0,
    3805.237199961138,
    4140.823524083891,
    4422.971627908654,
    5000.0,
    -3982.6097986245295,
    717.2143722866451,
    -782.1342871624122,
    344.1612702707639,
    596.6041074530331,
    -5000.0
  ]
}