{
  "gen": 39,
  "fitness": 2391.6494078792084,
  "score_list": [
    2278,
    2609,
    3330,
    2551,
    2193
  ],
  "num_pulses": 200,
  "unique_pairs": [
    [
      0,
      -3
    ],
    [
      0,
      -2
    ],
    [
      0,
      -1
    ],
    [
      1,
      -3
    ],
    [
      1,
      -2
    ],
    [
      1,
      -1
    ],
    [
      2,
      -5
    ],
    [
      2,
      -4
    ],
    [
      2,
      -3
    ],
    [
      2,
      -2
    ]
  ],
  "omega_vector": [
    19139.870390105923,
    19145.355477788547,
    1365.885016191701,
    16471.04131107844,
    8986.601958172278,
    5085.874561406748,
    6876.005174968068,
    6876.005174968068,
    3421.040825184524,
    3540.614265348371
  ],
  "time_vector": [
    7.261361930237902e-05,
    8.964330763301255e-05,
    2.742937252241279e-05,
    0.00010997656212936388,
    0.0001362812701427042,
    5e-06,
    5.755830987299645e-05,
    6.349472249667014e-05,
    0.0002376591480304795,
    0.00017153234298991835
  ],
  "omega_scales": [
    0.7810267681324665,
    0.7812505941155254,
    0.1,
    0.9792044594915181,
    0.5342540612291952,
    0.5120472720485014,
    1.5,
    1.5,
    1.4493420782938287,
    1.5
  ],
  "time_scales": [
    1.0373374186054147,
    1.2806186804716078,
    0.5485874504482557,
    1.5710937447051985,
    1.9468752877529167,
    0.1,
    1.151166197459929,
    1.269894449933403,
    1.1882957401523975,
    0.8576617149495918
  ]
}