{
  "gen": 24,
  "score": 16927.53378375007,
  "score_SLM": 18300,
  "score_AOD": 15658,
  "survive_SLM": 0.70012,
  "survive_AOD": 0.73116,
  "nzbar_SLM": 15.819173855910416,
  "nzbar_AOD": 19.090595765632692,
  "num_pulses": 260,
  "unique_pairs": [
    [
      0,
      -3
    ],
    [
      0,
      -2
    ],
    [
      0,
      -1
    ],
    [
      1,
      -3
    ],
    [
      1,
      -2
    ],
    [
      1,
      -1
    ],
    [
      2,
      -10
    ],
    [
      2,
      -9
    ],
    [
      2,
      -8
    ],
    [
      2,
      -7
    ],
    [
      2,
      -6
    ],
    [
      2,
      -5
    ],
    [
      2,
      -4
    ],
    [
      2,
      -3
    ],
    [
      2,
      -2
    ],
    [
      2,
      -1
    ]
  ],
  "omega_vector": [
    17407.233731523644,
    18520.960613709627,
    4628.009468857733,
    26791.198328779046,
    12270.017126767478,
    5416.207813908278,
    13628.692310319282,
    18347.05755544403,
    29348.835188027948,
    14712.03688321649,
    9306.303631650704,
    23805.613184149614,
    5727.291900299308,
    2989.6427484246533,
    5133.258852537931,
    310.8275128175839
  ],
  "time_vector": [
    7.096177427952896e-05,
    6.154891180014171e-05,
    0.000148552940782161,
    5.05115194368756e-05,
    0.00010325342890160008,
    0.00017170596082026972,
    8.863253117851257e-06,
    5.035608146405836e-05,
    5.6285110743378444e-05,
    1.7814726434218866e-05,
    5.8540936460439676e-05,
    9.633587249397041e-05,
    0.00015609842534052327,
    0.00017167038919251994,
    0.0002513491477487147,
    5.2322304333739136e-05
  ],
  "detuning_vector": [
    -86.29878040165701,
    960.5843684989318,
    -803.3579844004576,
    -2253.7274922810125,
    648.7665786919647,
    -9.593995167437214,
    930.398527196093,
    739.3014305417876,
    1276.750752101244,
    425.5447405994246,
    -2258.6390588833274,
    601.3974190599703,
    1388.312157038025,
    564.2564635336987,
    121.76323351990514,
    105.479935146103
  ],
  "omega_scales": [
    0.9450816592864006,
    1.2740707640801838,
    0.59009113240032,
    1.4425383244359913,
    1.0393611385166734,
    0.957232031813888,
    0.9687312533682935,
    0.9835398058809267,
    1.439386093356624,
    1.258020284950137,
    0.8859593447771619,
    1.6182562462172494,
    1.136557569583353,
    1.321221820700356,
    1.2834859520833248,
    0.5266985868890285
  ],
  "time_scales": [
    0.9289063766537972,
    0.6553520837927782,
    1.104673036542365,
    0.7213798283429912,
    0.9871196954634534,
    1.081155597234877,
    0.3329147333755811,
    1.177258152410178,
    1.372093800203076,
    0.8160193969002212,
    1.1901276473942026,
    0.6585043783518156,
    1.3479860325139663,
    0.9206933833357465,
    1.1398538677938481,
    1.104540311333222
  ],
  "detuning_offsets": [
    -86.29878040165701,
    960.5843684989318,
    -803.3579844004576,
    -2253.7274922810125,
    648.7665786919647,
    -9.593995167437214,
    930.398527196093,
    739.3014305417876,
    1276.750752101244,
    425.5447405994246,
    -2258.6390588833274,
    601.3974190599703,
    1388.312157038025,
    564.2564635336987,
    121.76323351990514,
    105.479935146103
  ]
}