{
  "gen": 25,
  "score": -45.005670977812464,
  "n_bar": 16.428670977812466,
  "num_pulses": 480,
  "good": 0.71752,
  "survive": 0.99342,
  "unique_pairs": [
    [
      0,
      -3
    ],
    [
      0,
      -2
    ],
    [
      0,
      -1
    ],
    [
      1,
      -3
    ],
    [
      1,
      -2
    ],
    [
      1,
      -1
    ],
    [
      2,
      -10
    ],
    [
      2,
      -9
    ],
    [
      2,
      -8
    ],
    [
      2,
      -7
    ],
    [
      2,
      -6
    ],
    [
      2,
      -5
    ],
    [
      2,
      -4
    ],
    [
      2,
      -3
    ],
    [
      2,
      -2
    ],
    [
      2,
      -1
    ]
  ],
  "omega_vector": [
    14040.18758657474,
    21415.219375732657,
    8280.125406664569,
    25156.451900187025,
    9626.694125385027,
    7028.124898773478,
    16726.001748605806,
    19100.912020979114,
    19863.663134399674,
    9656.262911198113,
    8731.002602049342,
    5214.338035048466,
    2095.0778744642107,
    400.0,
    1168.6574842700245,
    300.0
  ],
  "time_vector": [
    9.449702417952747e-05,
    7.529487897818218e-05,
    0.0001301765956153717,
    5.977602204058626e-05,
    0.00010005716371522124,
    7.931132465548892e-05,
    2.2686443585625272e-05,
    4.232953963414413e-05,
    4.818855262611129e-05,
    3.7939225479323144e-05,
    3.5209297095035545e-05,
    4.8831390947847785e-05,
    8.259127224457776e-05,
    7.07538542207245e-05,
    3.355586488286269e-05,
    2.897793811249507e-05
  ],
  "omega_scales": [
    0.8775117241609213,
    1.6473245673640504,
    0.920013934073841,
    1.5722782437616891,
    0.7405149327219251,
    0.7809027665303865,
    1.3938334790504838,
    1.5917426684149263,
    2.207073681599964,
    1.0729181012442348,
    1.4551671003415572,
    0.8690563391747443,
    0.5237694686160527,
    0.1,
    0.38955249475667486,
    0.1
  ],
  "time_scales": [
    1.1812128022440933,
    0.8366097664242463,
    1.0848049634614307,
    0.7472002755073281,
    1.1117462635024582,
    0.6609277054624076,
    0.756214786187509,
    1.4109846544714708,
    1.6062850875370427,
    1.2646408493107713,
    0.7041859419007108,
    0.9766278189569556,
    1.1798753177796826,
    1.0107693460103504,
    0.37284294314291877,
    0.3219770901388341
  ]
}