{
  "gen": 36,
  "score": 3877.4785621586616,
  "score_SLM": 4090,
  "score_AOD": 3676,
  "survive_SLM": 0.6979,
  "survive_AOD": 0.7219,
  "nzbar_SLM": 12.312365668433873,
  "nzbar_AOD": 13.963983931292423,
  "num_pulses": 260,
  "unique_pairs": [
    [
      0,
      -3
    ],
    [
      0,
      -2
    ],
    [
      0,
      -1
    ],
    [
      1,
      -3
    ],
    [
      1,
      -2
    ],
    [
      1,
      -1
    ],
    [
      2,
      -10
    ],
    [
      2,
      -9
    ],
    [
      2,
      -8
    ],
    [
      2,
      -7
    ],
    [
      2,
      -6
    ],
    [
      2,
      -5
    ],
    [
      2,
      -4
    ],
    [
      2,
      -3
    ],
    [
      2,
      -2
    ],
    [
      2,
      -1
    ]
  ],
  "omega_vector": [
    20508.373046875,
    17760.42578125,
    5926.83544921875,
    25809.142578125,
    10060.341796875,
    4332.263671875,
    12552.238146006182,
    17223.126950990507,
    31158.51771202538,
    14187.121285286728,
    13744.393921433846,
    49537.92767848942,
    8922.702626016184,
    918.1701017593651,
    3715.217351286804,
    225.68408260513797
  ],
  "time_vector": [
    6.814449443481863e-05,
    7.641866250196472e-05,
    0.0001462052168790251,
    5.634267290588468e-05,
    0.00013017933815717697,
    0.0001981102832360193,
    1.2832180342382385e-05,
    4.079434154950718e-05,
    5.633426212980464e-05,
    2.2512371979185278e-05,
    5.44579798711506e-05,
    0.0001315448041608349,
    0.00012939586134346734,
    0.00019620218608217064,
    0.00025405322974859224,
    6.501452366129342e-05
  ],
  "detuning_vector": [
    0.0,
    0.0,
    0.0,
    0.0,
    0.0,
    0.0,
    3660.043924740583,
    -2822.577192564082,
    230.460090221746,
    2780.2978860898347,
    -1648.1839714254436,
    789.9910106257717,
    684.5533806645025,
    -3780.7274253153937,
    930.8822814140894,
    -5152.088396123032
  ],
  "omega_scales": [
    1.0,
    1.0,
    1.0,
    1.0,
    1.0,
    1.0,
    0.9114101706100741,
    0.9971690354238791,
    1.2764531354524493,
    0.9415630828545529,
    1.3475624950557181,
    2.016770571856022,
    1.388606607813998,
    0.44983576961550403,
    0.6734943882382045,
    1.2091771195389402
  ],
  "time_scales": [
    1.0,
    1.0,
    1.0,
    1.0,
    1.0,
    1.0,
    0.8053014756113359,
    0.993950230110155,
    1.151800307736613,
    1.3201609988905854,
    0.9136415249645137,
    1.3433972857350422,
    0.9918711644344866,
    1.160378728656703,
    1.517273161619046,
    1.284710560744635
  ],
  "detuning_offsets": [
    0.0,
    0.0,
    0.0,
    0.0,
    0.0,
    0.0,
    3878.246576718122,
    -3519.7586500836132,
    -858.4318775516915,
    3645.3440286679597,
    -1374.2506523336467,
    -356.35139660079085,
    366.56265800825247,
    -4793.731453635706,
    487.2480040703394,
    -4793.5916920214695
  ]
}