{
  "gen": 37,
  "fitness": 67.61954788748434,
  "z_mean": 55.369547887484345,
  "good_frac": 0.8781,
  "survive_frac": 0.9988,
  "num_pulses": 200,
  "z_dns": [
    -5,
    -4,
    -3,
    -2
  ],
  "omega_scales_z": [
    0.23341011357168784,
    0.23693797453859816,
    0.5025092553812398,
    0.3898544050878912
  ],
  "time_scales_z": [
    0.7136577922263421,
    0.6178912420198536,
    0.1,
    0.35333675669219294
  ]
}