{
  "gen": 6,
  "fitness": 68.5316080863772,
  "z_mean": 55.50160808637721,
  "good_frac": 0.8706,
  "survive_frac": 0.9982,
  "num_pulses": 200,
  "z_dns": [
    -5,
    -4,
    -3,
    -2
  ],
  "omega_scales_z": [
    0.8725667902772627,
    0.5559435626593999,
    0.1,
    0.1
  ],
  "time_scales_z": [
    0.7108678353572946,
    1.2130263293244166,
    0.5255949865752721,
    0.9436414210707105
  ]
}