{
  "gen": 19,
  "fitness": 3247.9106709022185,
  "score_list": [
    3371,
    3612,
    3793,
    3368,
    2871
  ],
  "num_pulses": 200,
  "unique_pairs": [
    [
      0,
      -3
    ],
    [
      0,
      -2
    ],
    [
      0,
      -1
    ],
    [
      1,
      -3
    ],
    [
      1,
      -2
    ],
    [
      1,
      -1
    ],
    [
      2,
      -5
    ],
    [
      2,
      -4
    ],
    [
      2,
      -3
    ],
    [
      2,
      -2
    ]
  ],
  "omega_vector": [
    25382.14174163535,
    21971.782218707274,
    1365.885016191701,
    13877.912346584646,
    12604.802966272202,
    3259.752011733103,
    9324.61645292168,
    14540.001196943638,
    3099.6102971298073,
    3031.642699968827
  ],
  "time_vector": [
    7.750165310412164e-05,
    3.895547253440839e-05,
    6.597843302511998e-05,
    8.15116036034019e-05,
    0.00011254319042953264,
    5.977890571642001e-05,
    4.7702722669990146e-05,
    7.099170371826581e-05,
    0.00018197167975965518,
    7.464798301592992e-05
  ],
  "omega_scales": [
    1.0357505943717062,
    0.8965865341104,
    0.1,
    0.8250427766863713,
    0.7493563425940749,
    0.3281927434523405,
    2.0341643619323593,
    3.1719001426604865,
    1.3131663313900255,
    1.2843714986009078
  ],
  "time_scales": [
    1.1071664729160235,
    0.5565067504915483,
    1.3195686605023995,
    1.1644514800485988,
    1.6077598632790375,
    1.1955781143284,
    0.9540544533998029,
    1.4198340743653166,
    0.9098583987982759,
    0.3732399150796496
  ]
}