{
  "gen": 14,
  "fitness_penalized": 16066.0,
  "raw_survivors": 16066,
  "num_pulses": 280,
  "length_penalty": 0.0,
  "unique_pairs": [
    [
      0,
      -3
    ],
    [
      0,
      -2
    ],
    [
      0,
      -1
    ],
    [
      1,
      -3
    ],
    [
      1,
      -2
    ],
    [
      1,
      -1
    ],
    [
      2,
      -5
    ],
    [
      2,
      -4
    ],
    [
      2,
      -3
    ],
    [
      2,
      -2
    ],
    [
      2,
      -1
    ]
  ],
  "omega_vector": [
    12035.733639179587,
    22395.21520270452,
    5252.154211940939,
    13167.909923244415,
    15789.413769037692,
    3730.5875935148933,
    7547.168897417467,
    19444.444444444453,
    27380.864224072484,
    9383.966387899336,
    2655.9526660024376
  ],
  "time_vector": [
    0.00012926107302979107,
    6.109442592203144e-05,
    6.882377048343567e-05,
    9.035475098443616e-05,
    0.00010208344763188569,
    9.252657861611469e-05,
    4.374471965042933e-05,
    0.00011032396789774763,
    4.5803240799414285e-05,
    0.00017896363637271505,
    0.00021976702232265924
  ],
  "omega_scales": [
    0.899902545944812,
    1.302367899480355,
    0.9264800029863814,
    0.9845544957995053,
    0.9182151391840379,
    0.6580756514960271,
    0.815094240921086,
    1.5,
    1.0561190486427954,
    1.447811956990183,
    0.4097755541832331
  ],
  "time_scales": [
    1.4362341447754563,
    0.8727775131718778,
    0.983196721191938,
    1.0039416776048462,
    1.4583349661697957,
    1.3218082659444954,
    0.6249245664347047,
    2.2064793579549526,
    0.9160648159882859,
    0.8948181818635752,
    1.0988351116132962
  ]
}