{
  "gen": 16,
  "score": 16098.0,
  "n_bar": 25.833333333333332,
  "num_pulses": 260,
  "good": 0.71988,
  "unique_pairs": [
    [
      0,
      -3
    ],
    [
      0,
      -2
    ],
    [
      0,
      -1
    ],
    [
      1,
      -3
    ],
    [
      1,
      -2
    ],
    [
      1,
      -1
    ],
    [
      2,
      -10
    ],
    [
      2,
      -9
    ],
    [
      2,
      -8
    ],
    [
      2,
      -7
    ],
    [
      2,
      -6
    ],
    [
      2,
      -5
    ],
    [
      2,
      -4
    ],
    [
      2,
      -3
    ],
    [
      2,
      -2
    ],
    [
      2,
      -1
    ]
  ],
  "omega_vector": [
    17649.778389974315,
    13884.484763658582,
    6738.037495377033,
    19568.04384177848,
    13245.892671615577,
    6818.4071246584845,
    6285.681717536453,
    17203.082229311953,
    11924.664911830332,
    7887.477572227289,
    9327.02881599726,
    10445.199498959579,
    5605.285597211555,
    6037.325572964775,
    5113.898331165046,
    117.54287613631446
  ],
  "time_vector": [
    9.323793980998042e-05,
    7.740482215987479e-05,
    0.00012288913267072352,
    7.162769196720626e-05,
    8.330963964558346e-05,
    8.266413415772964e-05,
    3.688408618720487e-05,
    3.3663685954541045e-05,
    4.87236480614034e-05,
    4.1482347040961276e-05,
    6.872607842763e-05,
    8.436616692275715e-05,
    8.771383580081669e-05,
    0.00015000326705296,
    0.0002154101995190741,
    4.250871388975999e-05
  ],
  "omega_scales": [
    1.1031111493733947,
    1.0680372895121986,
    0.7486708328196704,
    1.223002740111155,
    1.018914820893506,
    0.7576007916287205,
    0.5238068097947044,
    1.433590185775996,
    1.324962767981148,
    0.8763863969141432,
    1.55450480266621,
    1.74086658315993,
    1.4013213993028888,
    1.5093313932411938,
    1.7046327770550154,
    0.03918095871210482
  ],
  "time_scales": [
    1.1654742476247553,
    0.8600535795541642,
    1.0240761055893624,
    0.8953461495900782,
    0.9256626627287051,
    0.6888677846477468,
    1.2294695395734958,
    1.1221228651513684,
    1.6241216020467801,
    1.382744901365376,
    1.3745215685526,
    1.687323338455143,
    1.2530547971545243,
    2.1429038150422857,
    2.3934466613230456,
    0.4723190432195554
  ]
}