{
  "gen": 28,
  "score": 3823.2960910711586,
  "score_SLM": 4161,
  "score_AOD": 3513,
  "survive_SLM": 0.695,
  "survive_AOD": 0.7182,
  "nzbar_SLM": 12.79611510791367,
  "nzbar_AOD": 12.81203007518797,
  "num_pulses": 260,
  "unique_pairs": [
    [
      0,
      -3
    ],
    [
      0,
      -2
    ],
    [
      0,
      -1
    ],
    [
      1,
      -3
    ],
    [
      1,
      -2
    ],
    [
      1,
      -1
    ],
    [
      2,
      -10
    ],
    [
      2,
      -9
    ],
    [
      2,
      -8
    ],
    [
      2,
      -7
    ],
    [
      2,
      -6
    ],
    [
      2,
      -5
    ],
    [
      2,
      -4
    ],
    [
      2,
      -3
    ],
    [
      2,
      -2
    ],
    [
      2,
      -1
    ]
  ],
  "omega_vector": [
    20508.373046875,
    17760.42578125,
    5926.83544921875,
    25809.142578125,
    10060.341796875,
    4332.263671875,
    15004.57439839126,
    17952.187829797997,
    33780.360468334264,
    10713.62042949551,
    13263.25004307335,
    53026.18748181828,
    10709.573386650378,
    2274.666892550349,
    3210.988651157723,
    199.4246219394826
  ],
  "time_vector": [
    6.814449443481863e-05,
    7.641866250196472e-05,
    0.0001462052168790251,
    5.634267290588468e-05,
    0.00013017933815717697,
    0.0001981102832360193,
    1.886259835728429e-05,
    2.2966944290295954e-05,
    6.075498783792361e-05,
    2.738772073703615e-05,
    4.7394165999623255e-05,
    9.562293451224856e-05,
    9.063401863076559e-05,
    0.00028217471621576134,
    0.0002996946038957957,
    5.963851841329666e-05
  ],
  "detuning_vector": [
    0.0,
    0.0,
    0.0,
    0.0,
    0.0,
    0.0,
    1495.738289636784,
    3202.7442328485704,
    6088.8919677734375,
    -5409.765306268485,
    -2399.5792057503286,
    -1894.4726337832008,
    -4682.00927734375,
    -552.7656361422983,
    647.5090245948305,
    -5358.4967041015625
  ],
  "omega_scales": [
    1.0,
    1.0,
    1.0,
    1.0,
    1.0,
    1.0,
    1.0894727739626644,
    1.0393795431530775,
    1.383860664844072,
    0.7110356835104364,
    1.3003889747891646,
    2.1587833698882797,
    1.6666905751415189,
    1.1144193546148178,
    0.5820878384146907,
    1.0684833734766719
  ],
  "time_scales": [
    1.0,
    1.0,
    1.0,
    1.0,
    1.0,
    1.0,
    1.1837488163110443,
    0.5595874009772454,
    1.2421856795960713,
    1.6060591393466543,
    0.7951319200743282,
    0.9765462915639882,
    0.6947460966935552,
    1.668837361090267,
    1.789855533909666,
    1.1784787477930947
  ],
  "detuning_offsets": [
    0.0,
    0.0,
    0.0,
    0.0,
    0.0,
    0.0,
    1713.940941614323,
    2505.562775329039,
    5000.0,
    -4544.71916369036,
    -2125.6458866585317,
    -3040.8150410097633,
    -5000.0,
    -1565.7696644626108,
    203.87474725108052,
    -5000.0
  ]
}