{
  "gen": 5,
  "score": 3574.561371693036,
  "score_SLM": 3631,
  "score_AOD": 3519,
  "survive_SLM": 0.7005,
  "survive_AOD": 0.7189,
  "nzbar_SLM": 15.764168451106352,
  "nzbar_AOD": 16.579635554319097,
  "num_pulses": 260,
  "unique_pairs": [
    [
      0,
      -3
    ],
    [
      0,
      -2
    ],
    [
      0,
      -1
    ],
    [
      1,
      -3
    ],
    [
      1,
      -2
    ],
    [
      1,
      -1
    ],
    [
      2,
      -10
    ],
    [
      2,
      -9
    ],
    [
      2,
      -8
    ],
    [
      2,
      -7
    ],
    [
      2,
      -6
    ],
    [
      2,
      -5
    ],
    [
      2,
      -4
    ],
    [
      2,
      -3
    ],
    [
      2,
      -2
    ],
    [
      2,
      -1
    ]
  ],
  "omega_vector": [
    20508.373046875,
    17760.42578125,
    5926.83544921875,
    25809.142578125,
    10060.341796875,
    4332.263671875,
    14499.24587159175,
    16922.326434201317,
    27201.493301323906,
    14172.417952950558,
    11083.221497979648,
    29639.764702837816,
    6377.368689539263,
    2081.2539566305695,
    5099.426833000969,
    175.7607103850744
  ],
  "time_vector": [
    6.814449443481863e-05,
    7.641866250196472e-05,
    0.0001462052168790251,
    5.634267290588468e-05,
    0.00013017933815717697,
    0.0001981102832360193,
    2.262571226318421e-05,
    5.348227320412831e-05,
    4.5773112706476595e-05,
    1.7268141712726285e-05,
    5.4748430769441126e-05,
    8.222978238166762e-05,
    0.00012381665782817944,
    0.0002219622966982073,
    0.00017210598158658727,
    5.317794146069426e-05
  ],
  "detuning_vector": [
    0.0,
    0.0,
    0.0,
    0.0,
    0.0,
    0.0,
    53.0773514808472,
    -646.5133247579729,
    -1530.6864451360807,
    -2817.6810245517518,
    243.4126066179315,
    2118.9045960141198,
    1334.2315712191312,
    405.46465498168436,
    675.8088884416102,
    -513.2413478059758
  ],
  "omega_scales": [
    1.0,
    1.0,
    1.0,
    1.0,
    1.0,
    1.0,
    1.0527811853019586,
    0.9797535590103796,
    1.114347984534041,
    0.9405872601598504,
    1.086649124031694,
    1.2066836060923198,
    0.9924858727152492,
    1.0196612518228034,
    0.9244238036485053,
    0.9416961402784538
  ],
  "time_scales": [
    1.0,
    1.0,
    1.0,
    1.0,
    1.0,
    1.0,
    1.419908307563341,
    1.3030904713474827,
    0.9358689243129215,
    1.0126310649777177,
    0.9185144196673531,
    0.8397691354122303,
    0.9491043322509087,
    1.3127291433160684,
    1.0278624958786913,
    1.0508154047106766
  ],
  "detuning_offsets": [
    0.0,
    0.0,
    0.0,
    0.0,
    0.0,
    0.0,
    271.28000345838626,
    -1343.6947822775041,
    -2619.578412909518,
    -1952.6348819736265,
    517.3459257097284,
    972.5621887875573,
    1016.2408485628811,
    -607.5393733386281,
    232.17461109786024,
    -154.7446437044133
  ]
}