{
  "gen": 33,
  "score": 3630.9965574205658,
  "score_SLM": 3737,
  "score_AOD": 3528,
  "survive_SLM": 0.7076,
  "survive_AOD": 0.7214,
  "nzbar_SLM": 13.485019785189372,
  "nzbar_AOD": 13.084557804269476,
  "num_pulses": 260,
  "unique_pairs": [
    [
      0,
      -3
    ],
    [
      0,
      -2
    ],
    [
      0,
      -1
    ],
    [
      1,
      -3
    ],
    [
      1,
      -2
    ],
    [
      1,
      -1
    ],
    [
      2,
      -10
    ],
    [
      2,
      -9
    ],
    [
      2,
      -8
    ],
    [
      2,
      -7
    ],
    [
      2,
      -6
    ],
    [
      2,
      -5
    ],
    [
      2,
      -4
    ],
    [
      2,
      -3
    ],
    [
      2,
      -2
    ],
    [
      2,
      -1
    ]
  ],
  "omega_vector": [
    20508.373046875,
    17760.42578125,
    5926.83544921875,
    25809.142578125,
    10060.341796875,
    4332.263671875,
    12183.532858087818,
    27067.789554100094,
    35995.39434212307,
    22255.820278910895,
    8832.874696696954,
    45750.47379106115,
    6251.259366909739,
    2419.360455210535,
    3607.540289320354,
    208.5603636907142
  ],
  "time_vector": [
    6.814449443481863e-05,
    7.641866250196472e-05,
    0.0001462052168790251,
    5.634267290588468e-05,
    0.00013017933815717697,
    0.0001981102832360193,
    1.7392088280847133e-05,
    2.888885518798498e-05,
    4.3683448479358104e-05,
    1.9525007753365434e-05,
    5.7907523594289175e-05,
    0.00012475780333674893,
    0.00015797851586555361,
    0.00020588734582689626,
    0.00017280625672351851,
    3.3279767607357056e-05
  ],
  "detuning_vector": [
    0.0,
    0.0,
    0.0,
    0.0,
    0.0,
    0.0,
    2675.1994846577136,
    6984.847459697861,
    3525.17974192797,
    -139.29393084166873,
    1344.8791690237977,
    -354.2452671501851,
    2412.378821307993,
    4720.99667475186,
    1280.140748164702,
    3783.9493921034527
  ],
  "omega_scales": [
    1.0,
    1.0,
    1.0,
    1.0,
    1.0,
    1.0,
    0.8846387099782955,
    1.567146411770847,
    1.4746026879230425,
    1.4770620714295741,
    0.8660149536483697,
    1.8625770902069336,
    0.9728599537476359,
    1.1853085504108187,
    0.6539746966241289,
    1.11743113163529
  ],
  "time_scales": [
    1.0,
    1.0,
    1.0,
    1.0,
    1.0,
    1.0,
    1.0914648939486873,
    0.7038741936028012,
    0.8931440210504028,
    1.1449772490816037,
    0.9715145197964372,
    1.2740852475779836,
    1.210968672879502,
    1.21765868855845,
    1.032044724430032,
    0.6576202746180091
  ],
  "detuning_offsets": [
    0.0,
    0.0,
    0.0,
    0.0,
    0.0,
    0.0,
    2893.4021366352526,
    6287.66600217833,
    2436.2877741545326,
    725.7522117364563,
    1618.8124881155945,
    -1500.5876743767476,
    2094.388098651743,
    3707.9926464315477,
    836.506470820952,
    4142.446096205015
  ]
}