{
  "gen": 13,
  "score": 3616.2251759981878,
  "score_SLM": 3720,
  "score_AOD": 3773,
  "survive_SLM": 0.6944,
  "survive_AOD": 0.7065,
  "nzbar_SLM": 12.496687788018432,
  "nzbar_AOD": 11.381882519462136,
  "num_pulses": 260,
  "unique_pairs": [
    [
      0,
      -3
    ],
    [
      0,
      -2
    ],
    [
      0,
      -1
    ],
    [
      1,
      -3
    ],
    [
      1,
      -2
    ],
    [
      1,
      -1
    ],
    [
      2,
      -10
    ],
    [
      2,
      -9
    ],
    [
      2,
      -8
    ],
    [
      2,
      -7
    ],
    [
      2,
      -6
    ],
    [
      2,
      -5
    ],
    [
      2,
      -4
    ],
    [
      2,
      -3
    ],
    [
      2,
      -2
    ],
    [
      2,
      -1
    ]
  ],
  "omega_vector": [
    20508.373046875,
    17760.42578125,
    5926.83544921875,
    25809.142578125,
    10060.341796875,
    4332.263671875,
    12451.940132076043,
    33645.84003453465,
    60140.840542233695,
    28503.24638694984,
    3787.38075880894,
    35457.41280905387,
    9898.213097986782,
    3979.0125960634155,
    3056.821454085015,
    79.46656032176352
  ],
  "time_vector": [
    6.814449443481863e-05,
    7.641866250196472e-05,
    0.0001462052168790251,
    5.634267290588468e-05,
    0.00013017933815717697,
    0.0001981102832360193,
    2.3335670053099258e-05,
    7.13110377640141e-05,
    5.0907444259417054e-05,
    1.1891041855550598e-05,
    5.9733080759403565e-05,
    0.00011641857599076243,
    0.0001411424031707199,
    0.0003362812288558237,
    0.00024815838397014415,
    5.0119156962651385e-05
  ],
  "detuning_vector": [
    0.0,
    0.0,
    0.0,
    0.0,
    0.0,
    0.0,
    10640.757758774238,
    2194.472548200294,
    17900.638264803267,
    -9052.845223116623,
    -2162.445887742356,
    7536.618352588883,
    -13535.387718535796,
    1961.7066690694364,
    1097.9798529827053,
    11491.522146742369
  ],
  "omega_scales": [
    1.0,
    1.0,
    1.0,
    1.0,
    1.0,
    1.0,
    1.1911398762436127,
    1.1850880703492084,
    1.527777161541099,
    1.195888238003684,
    0.3157744666371179,
    0.6601959153475891,
    1.0770055392596827,
    1.2609502624737325,
    0.719519612066953,
    1.2067308939171875
  ],
  "time_scales": [
    1.0,
    1.0,
    1.0,
    1.0,
    1.0,
    1.0,
    1.26890124997425,
    1.6566499799468333,
    1.268734122580666,
    0.6493254861321887,
    0.6754523157132816,
    0.8911673001131915,
    1.0521861756690583,
    1.3351890424761623,
    1.1277406654334035,
    1.121204685146147
  ],
  "detuning_offsets": [
    0.0,
    0.0,
    0.0,
    0.0,
    0.0,
    0.0,
    19.859321274237573,
    -8622.771592424706,
    7155.257405428265,
    -4634.003914522873,
    742.8295028826443,
    4156.712835010758,
    -16725.410179473296,
    1166.3052408467802,
    693.5201667034084,
    -998.5999235701315
  ]
}