{
  "gen": 32,
  "score": 2881.0,
  "score_SLM": 3079,
  "score_AOD": 2881,
  "survive_SLM": 0.7307,
  "survive_AOD": 0.7192,
  "nzbar_SLM": 33.746544409470374,
  "nzbar_AOD": 31.95342046718576,
  "num_pulses": 260,
  "unique_pairs": [
    [
      0,
      -3
    ],
    [
      0,
      -2
    ],
    [
      0,
      -1
    ],
    [
      1,
      -3
    ],
    [
      1,
      -2
    ],
    [
      1,
      -1
    ],
    [
      2,
      -10
    ],
    [
      2,
      -9
    ],
    [
      2,
      -8
    ],
    [
      2,
      -7
    ],
    [
      2,
      -6
    ],
    [
      2,
      -5
    ],
    [
      2,
      -4
    ],
    [
      2,
      -3
    ],
    [
      2,
      -2
    ],
    [
      2,
      -1
    ]
  ],
  "omega_vector": [
    20000.0,
    17760.42578125,
    5926.83544921875,
    20000.0,
    10060.341796875,
    4332.263671875,
    9925.02129891167,
    7222.511900985752,
    7544.062704283203,
    8623.329313513294,
    6375.328248852252,
    9702.791419735477,
    9209.075646327125,
    3886.358621175442,
    4662.169832918662,
    54.566716665501815
  ],
  "time_vector": [
    6.814449443481863e-05,
    7.641866250196472e-05,
    0.0001462052168790251,
    5.634267290588468e-05,
    0.00013017933815717697,
    0.0001981102832360193,
    1.4370024659738787e-05,
    3.848956174049214e-05,
    3.289904769750368e-05,
    1.3734132425200704e-05,
    0.00011509636224289085,
    0.00016794869813500267,
    0.0001287159052114719,
    0.0002690479421356263,
    0.0002604872561280696,
    5.513557225740562e-05
  ],
  "detuning_vector": [
    0.0,
    0.0,
    0.0,
    0.0,
    0.0,
    0.0,
    7985.141294935645,
    10068.21921389508,
    4247.199040101714,
    -6804.74876994594,
    -1724.0797442459898,
    13646.44714601263,
    -4665.045794555589,
    4655.483227304218,
    1001.7091803049202,
    12223.88182657524
  ],
  "omega_scales": [
    1.0,
    1.0,
    1.0,
    1.0,
    1.0,
    1.0,
    0.992502129891167,
    0.7222511900985752,
    0.7544062704283203,
    0.8623329313513294,
    0.6375328248852252,
    0.9702791419735477,
    1.0020218179150986,
    1.231588190569308,
    1.09738912787629,
    0.828616999568978
  ],
  "time_scales": [
    1.0,
    1.0,
    1.0,
    1.0,
    1.0,
    1.0,
    0.7813849875067818,
    0.8941635640832866,
    0.8199222141565388,
    0.749969794230816,
    1.3014916260600984,
    1.285622905114144,
    0.9595493133868881,
    1.0682423918293222,
    1.1837684742423735,
    1.2334258131932239
  ],
  "detuning_offsets": [
    0.0,
    0.0,
    0.0,
    0.0,
    0.0,
    0.0,
    -2635.757142564354,
    -749.0249267299205,
    -6498.181819273286,
    -2385.9074613521902,
    1181.1956463790102,
    10266.541628434505,
    -7855.068255493089,
    3860.081799081562,
    597.2494940256233,
    -266.2402437372598
  ],
  "omega_lin_max_xyz": [
    20000.0,
    20000.0,
    10000.0
  ]
}