{
  "gen": 17,
  "score": -46.660544556064,
  "n_bar": 20.21954455606401,
  "num_pulses": 480,
  "good": 0.73862,
  "survive": 0.99394,
  "unique_pairs": [
    [
      0,
      -3
    ],
    [
      0,
      -2
    ],
    [
      0,
      -1
    ],
    [
      1,
      -3
    ],
    [
      1,
      -2
    ],
    [
      1,
      -1
    ],
    [
      2,
      -10
    ],
    [
      2,
      -9
    ],
    [
      2,
      -8
    ],
    [
      2,
      -7
    ],
    [
      2,
      -6
    ],
    [
      2,
      -5
    ],
    [
      2,
      -4
    ],
    [
      2,
      -3
    ],
    [
      2,
      -2
    ],
    [
      2,
      -1
    ]
  ],
  "omega_vector": [
    21838.323940507806,
    16762.584297840218,
    7558.785179494536,
    24730.812982484174,
    15279.517356192078,
    4859.7367811423865,
    13645.988283858882,
    16731.75952882934,
    15045.469603938782,
    7789.44012917016,
    7458.033783213433,
    6289.670993231538,
    715.7482898583027,
    575.4184595783149,
    901.3586803064103,
    478.8590922354309
  ],
  "time_vector": [
    5.8619212172832217e-05,
    7.640762341312168e-05,
    8.375835301909199e-05,
    6.153960237081517e-05,
    0.00010961676741220284,
    0.00015313566204150998,
    3.7010982995795886e-05,
    4.501220470822369e-05,
    3.4689289116346857e-05,
    3.067225519855637e-05,
    3.7413046207795236e-05,
    4.213973149893846e-05,
    7.338780842936721e-05,
    6.358754384627257e-05,
    2.3318580457230485e-05,
    6.384337054003182e-05
  ],
  "omega_scales": [
    1.3648952462817379,
    1.2894295613723243,
    0.8398650199438373,
    1.545675811405261,
    1.1753474889378521,
    0.5399707534602651,
    1.1371656903215734,
    1.3943132940691119,
    1.6717188448820868,
    0.8654933476855733,
    1.2430056305355721,
    1.048278498871923,
    0.17893707246457566,
    0.14385461489457874,
    0.3004528934354701,
    0.1596196974118103
  ],
  "time_scales": [
    0.7327401521604027,
    0.8489735934791297,
    0.6979862751591,
    0.7692450296351895,
    1.2179640823578093,
    1.2761305170125832,
    1.233699433193196,
    1.5004068236074561,
    1.1563096372115618,
    1.0224085066185455,
    0.7482609241559047,
    0.8427946299787692,
    1.0483972632766747,
    0.9083934835181797,
    0.25909533841367205,
    0.7093707837781313
  ]
}