{
  "gen": 28,
  "fitness": 2489.407758909007,
  "score_list": [
    2553,
    2805,
    2736,
    2664,
    2211
  ],
  "num_pulses": 200,
  "unique_pairs": [
    [
      0,
      -3
    ],
    [
      0,
      -2
    ],
    [
      0,
      -1
    ],
    [
      1,
      -3
    ],
    [
      1,
      -2
    ],
    [
      1,
      -1
    ],
    [
      2,
      -5
    ],
    [
      2,
      -4
    ],
    [
      2,
      -3
    ],
    [
      2,
      -2
    ]
  ],
  "omega_vector": [
    16374.497088262631,
    6558.376221397864,
    1365.885016191701,
    13963.883621784147,
    9145.421362350036,
    1486.215554589466,
    6774.96853334205,
    6876.005174968068,
    3521.960208144769,
    3419.513271998508
  ],
  "time_vector": [
    7.484349364731232e-05,
    9.55791035589801e-05,
    3.488644613295076e-05,
    0.00010795728965623515,
    0.00012958894668955507,
    2.9482259357359204e-05,
    6.22800710441783e-05,
    6.745410488692801e-05,
    8.444582125169132e-05,
    0.00013193192041127525
  ],
  "omega_scales": [
    0.6681821914139654,
    0.2676228877204453,
    0.1,
    0.8301537744960181,
    0.5436958849662316,
    0.14963259734685458,
    1.4779588644012722,
    1.5,
    1.4920971097927125,
    1.4486949222900107
  ],
  "time_scales": [
    1.0691927663901761,
    1.365415765128287,
    0.6977289226590151,
    1.5422469950890738,
    1.8512706669936438,
    0.5896451871471841,
    1.2456014208835662,
    1.3490820977385605,
    0.4222291062584566,
    0.6596596020563762
  ]
}