{
  "gen": 7,
  "score": 15213.047919467026,
  "score_SLM": 16371,
  "score_AOD": 14137,
  "survive_SLM": 0.72294,
  "survive_AOD": 0.74258,
  "nzbar_SLM": 20.589343513984563,
  "nzbar_AOD": 23.638180398071587,
  "num_pulses": 260,
  "unique_pairs": [
    [
      0,
      -3
    ],
    [
      0,
      -2
    ],
    [
      0,
      -1
    ],
    [
      1,
      -3
    ],
    [
      1,
      -2
    ],
    [
      1,
      -1
    ],
    [
      2,
      -10
    ],
    [
      2,
      -9
    ],
    [
      2,
      -8
    ],
    [
      2,
      -7
    ],
    [
      2,
      -6
    ],
    [
      2,
      -5
    ],
    [
      2,
      -4
    ],
    [
      2,
      -3
    ],
    [
      2,
      -2
    ],
    [
      2,
      -1
    ]
  ],
  "omega_vector": [
    16835.91711203312,
    17508.59874274775,
    6355.924829220463,
    15734.307517814595,
    11807.963536022151,
    6445.879273851876,
    13355.840338258524,
    20292.068938325672,
    19364.37987918181,
    13534.60385033093,
    10330.439287047215,
    17677.525731319405,
    6159.866239411557,
    2308.6725259847894,
    4094.481233226641,
    525.3963327854874
  ],
  "time_vector": [
    7.101071618770575e-05,
    8.829408683698169e-05,
    0.00010062936101378571,
    5.619436553418526e-05,
    0.00010411330426477184,
    0.00015743455067399566,
    2.6480895921011577e-05,
    2.425654363142407e-05,
    4.346950543405323e-05,
    1.73039018336859e-05,
    4.930516037416748e-05,
    0.00013185232549167854,
    8.051760517481052e-05,
    0.0001590473586071188,
    0.00022032627948046215,
    4.985211457582213e-05
  ],
  "detuning_vector": [
    218.90804092329807,
    806.5184412020275,
    -907.1104084868493,
    -503.962738765891,
    806.0257935641905,
    -507.7442079146566,
    952.9300694745174,
    -169.37202584231298,
    -585.4112908904865,
    1624.7367861398661,
    -247.27931245886091,
    -224.59912233828163,
    -404.9262822433878,
    1189.6721151579786,
    321.8040624591159,
    -286.03094326182287
  ],
  "omega_scales": [
    0.9140634706957461,
    1.204429632102003,
    0.8104077800972423,
    0.8471939673757501,
    1.0002217843355683,
    1.1392107404541978,
    0.9493368590375701,
    1.0878069948933669,
    0.9497078478923442,
    1.1573384656141488,
    0.9834569754295891,
    1.2016815618688157,
    1.222400171651505,
    1.0202786001069213,
    1.0237568949629292,
    0.8902863955842819
  ],
  "time_scales": [
    0.929547037785126,
    0.9401257000787988,
    0.7483025324919418,
    0.8025393457734663,
    0.9953402448017183,
    0.9912949139693175,
    0.9946551551522588,
    0.5670857006570131,
    1.0596805818841726,
    0.7926206215113369,
    1.002365832670882,
    0.9012772852352934,
    0.6953087893766385,
    0.8529942257099654,
    0.99916695199424,
    1.0523938281267777
  ],
  "detuning_offsets": [
    218.90804092329807,
    806.5184412020275,
    -907.1104084868493,
    -503.962738765891,
    806.0257935641905,
    -507.7442079146566,
    952.9300694745174,
    -169.37202584231298,
    -585.4112908904865,
    1624.7367861398661,
    -247.27931245886091,
    -224.59912233828163,
    -404.9262822433878,
    1189.6721151579786,
    321.8040624591159,
    -286.03094326182287
  ]
}