{
  "gen": 9,
  "fitness": 68.27825963653201,
  "z_mean": 54.563259636532,
  "good_frac": 0.8639,
  "survive_frac": 0.9979,
  "num_pulses": 200,
  "z_dns": [
    -5,
    -4,
    -3,
    -2
  ],
  "omega_scales_z": [
    1.1976105767311833,
    0.6387523363245329,
    0.1,
    0.18386343807522637
  ],
  "time_scales_z": [
    0.9307743734200167,
    0.5340572126386798,
    0.20753746869868261,
    0.6580511872351698
  ]
}