{
  "rank": 1,
  "score": 3809.019606199902,
  "score_SLM": 3824,
  "score_AOD": 3819,
  "survive_SLM": 0.6969,
  "survive_AOD": 0.6986,
  "nzbar_SLM": 12.206916343808293,
  "nzbar_AOD": 13.287002576581735,
  "num_pulses": 260,
  "unique_pairs": [
    [
      0,
      -3
    ],
    [
      0,
      -2
    ],
    [
      0,
      -1
    ],
    [
      1,
      -3
    ],
    [
      1,
      -2
    ],
    [
      1,
      -1
    ],
    [
      2,
      -10
    ],
    [
      2,
      -9
    ],
    [
      2,
      -8
    ],
    [
      2,
      -7
    ],
    [
      2,
      -6
    ],
    [
      2,
      -5
    ],
    [
      2,
      -4
    ],
    [
      2,
      -3
    ],
    [
      2,
      -2
    ],
    [
      2,
      -1
    ]
  ],
  "omega_vector": [
    20508.373046875,
    17760.42578125,
    5926.83544921875,
    25809.142578125,
    10060.341796875,
    4332.263671875,
    11286.029081999914,
    19859.206666296657,
    56310.75179804484,
    16846.419220267813,
    5953.411910667257,
    57255.53698627481,
    9549.372510093955,
    3284.6203052041615,
    3662.7224287377867,
    62.977449044288555
  ],
  "time_vector": [
    6.814449443481863e-05,
    7.641866250196472e-05,
    0.0001462052168790251,
    5.634267290588468e-05,
    0.00013017933815717697,
    0.0001981102832360193,
    1.468059046920412e-05,
    3.5839522903519096e-05,
    4.155079042504681e-05,
    8.46951718704277e-06,
    5.117718523908493e-05,
    0.0001504512597916088,
    0.0001680943401550497,
    0.00031020333929556186,
    0.00026708752415115407,
    2.947355555257058e-05
  ],
  "detuning_vector": [
    0.0,
    0.0,
    0.0,
    0.0,
    0.0,
    0.0,
    14156.585990224074,
    9964.543126311019,
    17583.35659551823,
    -13406.564337737107,
    -313.5188308254228,
    3141.660699549266,
    -1783.2566732215473,
    3464.0796527577286,
    1559.015175281955,
    13059.971452397911
  ],
  "omega_scales": [
    1.0,
    1.0,
    1.0,
    1.0,
    1.0,
    1.0,
    1.0796100159031101,
    0.699489413332258,
    1.4304801823620643,
    0.7068119302796849,
    0.49636822661401026,
    1.0660640090390192,
    1.039048865488374,
    1.0408971411830459,
    0.8621375702242915,
    0.9563372703452118
  ],
  "time_scales": [
    1.0,
    1.0,
    1.0,
    1.0,
    1.0,
    1.0,
    0.7982723253433692,
    0.8325996474192502,
    1.0355441409279378,
    0.46248877361527274,
    0.5787035900703248,
    1.1516825544898877,
    1.2531070532037438,
    1.23164798991657,
    1.2137629903788407,
    0.6593464570460164
  ],
  "detuning_offsets": [
    0.0,
    0.0,
    0.0,
    0.0,
    0.0,
    0.0,
    3535.6875527240745,
    -852.7010143139819,
    6837.975736143231,
    -8987.723029143357,
    2591.756559799577,
    -238.24481802885884,
    -4973.279134159047,
    2668.6782245350723,
    1154.555489002658,
    569.8493820854112
  ]
}