{
  "rank": 2,
  "score": 3763.064075879045,
  "score_SLM": 3790,
  "score_AOD": 3781,
  "survive_SLM": 0.6694,
  "survive_AOD": 0.7114,
  "nzbar_SLM": 10.846130863459814,
  "nzbar_AOD": 10.42690469496767,
  "num_pulses": 260,
  "unique_pairs": [
    [
      0,
      -3
    ],
    [
      0,
      -2
    ],
    [
      0,
      -1
    ],
    [
      1,
      -3
    ],
    [
      1,
      -2
    ],
    [
      1,
      -1
    ],
    [
      2,
      -10
    ],
    [
      2,
      -9
    ],
    [
      2,
      -8
    ],
    [
      2,
      -7
    ],
    [
      2,
      -6
    ],
    [
      2,
      -5
    ],
    [
      2,
      -4
    ],
    [
      2,
      -3
    ],
    [
      2,
      -2
    ],
    [
      2,
      -1
    ]
  ],
  "omega_vector": [
    20508.373046875,
    17760.42578125,
    5926.83544921875,
    25809.142578125,
    10060.341796875,
    4332.263671875,
    12040.510397449865,
    41925.13977406257,
    50198.06484994612,
    11824.955004468256,
    5090.252982764798,
    91994.78240757978,
    10263.18307773063,
    3521.187568163425,
    1926.8025738601223,
    52.21148378122395
  ],
  "time_vector": [
    6.814449443481863e-05,
    7.641866250196472e-05,
    0.0001462052168790251,
    5.634267290588468e-05,
    0.00013017933815717697,
    0.0001981102832360193,
    1.83176353914979e-05,
    5.647665031951635e-05,
    6.557743502109875e-05,
    1.4495260182937164e-05,
    7.940834611046851e-05,
    0.00010518097308080131,
    7.806401948114017e-05,
    0.00026802765394925944,
    0.00022207287248677832,
    3.3875469266117504e-05
  ],
  "detuning_vector": [
    0.0,
    0.0,
    0.0,
    0.0,
    0.0,
    0.0,
    18416.56882858938,
    8816.080631405337,
    20175.727813754576,
    -1244.0546323547924,
    -1447.403182844213,
    5782.599369882073,
    -6789.763910520471,
    -14234.579507554125,
    1515.88968446547,
    18058.253969694306
  ],
  "omega_scales": [
    1.0,
    1.0,
    1.0,
    1.0,
    1.0,
    1.0,
    1.1517829280100478,
    1.4767050827967785,
    1.2751976251055286,
    0.4961303148697114,
    0.42440198729478695,
    1.7128880752198072,
    1.1167172211517977,
    1.115865376422184,
    0.4535339277407743,
    0.7928518642426234
  ],
  "time_scales": [
    1.0,
    1.0,
    1.0,
    1.0,
    1.0,
    1.0,
    0.9960404133224048,
    1.312027486248497,
    1.6343450489992657,
    0.7915321448897898,
    0.8979371327475671,
    0.8051450810662171,
    0.5819504292828657,
    1.0641913848455546,
    1.009196646860326,
    0.7578207047855736
  ],
  "detuning_offsets": [
    0.0,
    0.0,
    0.0,
    0.0,
    0.0,
    0.0,
    7795.67039108938,
    -2001.163509219662,
    9430.346954379576,
    3174.7866762389576,
    1457.872207780787,
    2402.6938523039476,
    -9979.78637145797,
    -15029.98093577678,
    1111.4299981861732,
    5568.131899381806
  ]
}