{
  "rank": 3,
  "score": 3746.0127691623184,
  "score_SLM": 3758,
  "score_AOD": 3754,
  "survive_SLM": 0.6476,
  "survive_AOD": 0.6866,
  "nzbar_SLM": 10.476219888820259,
  "nzbar_AOD": 11.269297990096126,
  "num_pulses": 260,
  "unique_pairs": [
    [
      0,
      -3
    ],
    [
      0,
      -2
    ],
    [
      0,
      -1
    ],
    [
      1,
      -3
    ],
    [
      1,
      -2
    ],
    [
      1,
      -1
    ],
    [
      2,
      -10
    ],
    [
      2,
      -9
    ],
    [
      2,
      -8
    ],
    [
      2,
      -7
    ],
    [
      2,
      -6
    ],
    [
      2,
      -5
    ],
    [
      2,
      -4
    ],
    [
      2,
      -3
    ],
    [
      2,
      -2
    ],
    [
      2,
      -1
    ]
  ],
  "omega_vector": [
    20508.373046875,
    17760.42578125,
    5926.83544921875,
    25809.142578125,
    10060.341796875,
    4332.263671875,
    8795.948390075266,
    27921.571420627562,
    31546.76945316727,
    17316.664674526888,
    16839.998961949394,
    96685.5693488125,
    17219.34723460605,
    3913.8969205474355,
    2862.804059012187,
    50.784974388506456
  ],
  "time_vector": [
    6.814449443481863e-05,
    7.641866250196472e-05,
    0.0001462052168790251,
    5.634267290588468e-05,
    0.00013017933815717697,
    0.0001981102832360193,
    2.3153651609980962e-05,
    3.017944943495662e-05,
    4.0280888473551675e-05,
    1.4990608178071977e-05,
    7.498757073181392e-05,
    8.955635130402212e-05,
    0.00012893033452008522,
    7.467893529794356e-05,
    0.00033655400011284173,
    4.354836051828897e-05
  ],
  "detuning_vector": [
    0.0,
    0.0,
    0.0,
    0.0,
    0.0,
    0.0,
    14128.48554619784,
    -61.54283660175497,
    19691.66063529665,
    -15263.8104336118,
    305.68257834419,
    10088.3735058071,
    -12190.393915341576,
    2613.1299341693884,
    920.5387644970914,
    17074.272898107833
  ],
  "omega_scales": [
    1.0,
    1.0,
    1.0,
    1.0,
    1.0,
    1.0,
    0.8414114399578831,
    0.9834654495778821,
    0.8013927550132188,
    0.7265416480840612,
    1.4040420092463812,
    1.8002277351957003,
    1.8736040708073451,
    1.2403150857431382,
    0.6738514816465495,
    0.7711897594820152
  ],
  "time_scales": [
    1.0,
    1.0,
    1.0,
    1.0,
    1.0,
    1.0,
    1.2590038084409396,
    0.7011086343558637,
    1.003895175602093,
    0.8185812530884444,
    0.8479476976004369,
    0.6855408694049532,
    0.9611478376369557,
    0.296509253439032,
    1.5294491605296434,
    0.9742108367849147
  ],
  "detuning_offsets": [
    0.0,
    0.0,
    0.0,
    0.0,
    0.0,
    0.0,
    3507.5871086978404,
    -10878.786977226755,
    8946.279775921646,
    -10844.96912501805,
    3210.95796896919,
    6708.467988228976,
    -15380.416376279076,
    1817.7285059467322,
    516.0790782177945,
    4584.150827795332
  ]
}