{
  "rank": 4,
  "score": 3703.0394540894868,
  "score_SLM": 3717,
  "score_AOD": 3724,
  "survive_SLM": 0.6858,
  "survive_AOD": 0.7062,
  "nzbar_SLM": 13.455963837853602,
  "nzbar_AOD": 11.479892381761541,
  "num_pulses": 260,
  "unique_pairs": [
    [
      0,
      -3
    ],
    [
      0,
      -2
    ],
    [
      0,
      -1
    ],
    [
      1,
      -3
    ],
    [
      1,
      -2
    ],
    [
      1,
      -1
    ],
    [
      2,
      -10
    ],
    [
      2,
      -9
    ],
    [
      2,
      -8
    ],
    [
      2,
      -7
    ],
    [
      2,
      -6
    ],
    [
      2,
      -5
    ],
    [
      2,
      -4
    ],
    [
      2,
      -3
    ],
    [
      2,
      -2
    ],
    [
      2,
      -1
    ]
  ],
  "omega_vector": [
    20508.373046875,
    17760.42578125,
    5926.83544921875,
    25809.142578125,
    10060.341796875,
    4332.263671875,
    14288.6831029989,
    37603.752543622926,
    36079.598438318244,
    14528.590932099045,
    5000.8702735194265,
    69116.96915816898,
    10675.961343095652,
    3409.1559633826223,
    2206.3937339659574,
    70.77813679695097
  ],
  "time_vector": [
    6.814449443481863e-05,
    7.641866250196472e-05,
    0.0001462052168790251,
    5.634267290588468e-05,
    0.00013017933815717697,
    0.0001981102832360193,
    1.2827810938726681e-05,
    4.614318003440977e-05,
    5.864988647869837e-05,
    1.7127568185120288e-05,
    7.027667666310633e-05,
    6.525850273492044e-05,
    0.0001053850068978484,
    0.0003083761781765164,
    0.0002004690492812404,
    4.0696781126536444e-05
  ],
  "detuning_vector": [
    0.0,
    0.0,
    0.0,
    0.0,
    0.0,
    0.0,
    8900.066985815352,
    13741.877647350924,
    8144.168886361023,
    -8817.719555463036,
    -6266.1379627087745,
    6516.820474433548,
    -1751.5908931586364,
    2865.451442082107,
    -28.631505243981678,
    19594.635578312897
  ],
  "omega_scales": [
    1.0,
    1.0,
    1.0,
    1.0,
    1.0,
    1.0,
    1.3668408330319117,
    1.324495346053784,
    0.9165416710949954,
    0.6095646360626186,
    0.4169496662486681,
    1.2869168138453937,
    1.1616308306976009,
    1.0803625279030649,
    0.5193445503363016,
    1.0747937741478704
  ],
  "time_scales": [
    1.0,
    1.0,
    1.0,
    1.0,
    1.0,
    1.0,
    0.6975255176965374,
    1.0719672672785554,
    1.4616941263407108,
    0.9352726761174519,
    0.7946776457742957,
    0.4995443656373443,
    0.7856224981983837,
    1.2243933313283146,
    0.9110193877730404,
    0.9104187786606792
  ],
  "detuning_offsets": [
    0.0,
    0.0,
    0.0,
    0.0,
    0.0,
    0.0,
    -1720.831451684648,
    2924.6335067259242,
    -2601.211973013977,
    -4398.878246869286,
    -3360.8625720837745,
    3136.914956855423,
    -4941.613354096136,
    2070.0500138594507,
    -433.09119152327855,
    7104.513508000395
  ]
}