{
  "rank": 5,
  "score": 3692.9655064932103,
  "score_SLM": 3797,
  "score_AOD": 3762,
  "survive_SLM": 0.6801,
  "survive_AOD": 0.6999,
  "nzbar_SLM": 11.118364946331422,
  "nzbar_AOD": 11.495499357051008,
  "num_pulses": 260,
  "unique_pairs": [
    [
      0,
      -3
    ],
    [
      0,
      -2
    ],
    [
      0,
      -1
    ],
    [
      1,
      -3
    ],
    [
      1,
      -2
    ],
    [
      1,
      -1
    ],
    [
      2,
      -10
    ],
    [
      2,
      -9
    ],
    [
      2,
      -8
    ],
    [
      2,
      -7
    ],
    [
      2,
      -6
    ],
    [
      2,
      -5
    ],
    [
      2,
      -4
    ],
    [
      2,
      -3
    ],
    [
      2,
      -2
    ],
    [
      2,
      -1
    ]
  ],
  "omega_vector": [
    20508.373046875,
    17760.42578125,
    5926.83544921875,
    25809.142578125,
    10060.341796875,
    4332.263671875,
    15076.218888369796,
    22256.56718328126,
    59943.49443314342,
    20786.589255698924,
    2854.895021946507,
    79897.99796448852,
    11915.38237297588,
    2694.3906896457465,
    3399.188600744584,
    121.28925882353904
  ],
  "time_vector": [
    6.814449443481863e-05,
    7.641866250196472e-05,
    0.0001462052168790251,
    5.634267290588468e-05,
    0.00013017933815717697,
    0.0001981102832360193,
    2.7366744245389982e-05,
    5.971262577074262e-05,
    6.607912124868355e-05,
    1.7367387870507097e-05,
    5.902584539818157e-05,
    8.241271722062505e-05,
    0.00013910678956981977,
    0.0001981944674915537,
    0.00017681128595634324,
    2.7051080745859623e-05
  ],
  "detuning_vector": [
    0.0,
    0.0,
    0.0,
    0.0,
    0.0,
    0.0,
    21353.545238961968,
    21856.467292173515,
    23319.186659896073,
    -13850.351157115416,
    -10191.860331766886,
    3797.2263196191907,
    -10845.83283802125,
    -2414.9556263448367,
    1770.5688944566655,
    22050.398627728693
  ],
  "omega_scales": [
    1.0,
    1.0,
    1.0,
    1.0,
    1.0,
    1.0,
    1.442175701973954,
    0.7839302638531107,
    1.5227639147080192,
    0.8721265382067316,
    0.23802807540893428,
    1.4876531512512465,
    1.2964898503450408,
    0.8538532023439309,
    0.8001065486116976,
    1.8418249780794624
  ],
  "time_scales": [
    1.0,
    1.0,
    1.0,
    1.0,
    1.0,
    1.0,
    1.4880950879783703,
    1.3872034875306958,
    1.6468482584026307,
    0.9483683354961269,
    0.6674550090882334,
    0.6308573874527028,
    1.037011115292055,
    0.7869219527194482,
    0.8035081228790228,
    0.6051538036269484
  ],
  "detuning_offsets": [
    0.0,
    0.0,
    0.0,
    0.0,
    0.0,
    0.0,
    10732.64680146197,
    11039.223151548515,
    12573.805800521073,
    -9431.509848521666,
    -7286.584941141886,
    417.3208020410657,
    -14035.85529895875,
    -3210.357054567493,
    1366.1092081773686,
    9560.276557416193
  ]
}