{
  "gen": 19,
  "fitness_penalized": 16354.0,
  "raw_survivors": 16354,
  "num_pulses": 280,
  "length_penalty": 0.0,
  "unique_pairs": [
    [
      0,
      -3
    ],
    [
      0,
      -2
    ],
    [
      0,
      -1
    ],
    [
      1,
      -3
    ],
    [
      1,
      -2
    ],
    [
      1,
      -1
    ],
    [
      2,
      -5
    ],
    [
      2,
      -4
    ],
    [
      2,
      -3
    ],
    [
      2,
      -2
    ],
    [
      2,
      -1
    ]
  ],
  "omega_vector": [
    16294.761429892136,
    14771.594741276962,
    8503.40136054422,
    8893.433029662998,
    22461.57334586841,
    7635.919841846479,
    13888.888888888898,
    17994.446876247068,
    38888.888888888905,
    8622.749141146562,
    648.1481481481484
  ],
  "time_vector": [
    0.00014996919577086183,
    9.774031017009723e-05,
    0.00011804297855967106,
    0.00014766337381861931,
    0.00010427072920760184,
    9.186242069308595e-05,
    4.817063302736555e-05,
    0.00011216463048699468,
    4.2817361758739955e-05,
    0.0003181505069805719,
    0.000312411293027753
  ],
  "omega_scales": [
    1.2183467776811656,
    0.8590250480311832,
    1.5,
    0.6649551465255716,
    1.3062268807289628,
    1.3469762601017188,
    1.5,
    1.388143044739059,
    1.5,
    1.3303670103483265,
    0.1
  ],
  "time_scales": [
    1.6663243974540203,
    1.3962901452871035,
    1.6863282651381577,
    1.6407041535402145,
    1.4895818458228836,
    1.3123202956155136,
    0.6881519003909364,
    2.2432926097398935,
    0.8563472351747993,
    1.5907525349028595,
    1.562056465138765
  ]
}