{
  "gen": 11,
  "score": 3583.595724565222,
  "score_SLM": 3664,
  "score_AOD": 3637,
  "survive_SLM": 0.6756,
  "survive_AOD": 0.6981,
  "nzbar_SLM": 14.904677323860273,
  "nzbar_AOD": 12.727402950866638,
  "num_pulses": 260,
  "unique_pairs": [
    [
      0,
      -3
    ],
    [
      0,
      -2
    ],
    [
      0,
      -1
    ],
    [
      1,
      -3
    ],
    [
      1,
      -2
    ],
    [
      1,
      -1
    ],
    [
      2,
      -10
    ],
    [
      2,
      -9
    ],
    [
      2,
      -8
    ],
    [
      2,
      -7
    ],
    [
      2,
      -6
    ],
    [
      2,
      -5
    ],
    [
      2,
      -4
    ],
    [
      2,
      -3
    ],
    [
      2,
      -2
    ],
    [
      2,
      -1
    ]
  ],
  "omega_vector": [
    20508.373046875,
    17760.42578125,
    5926.83544921875,
    25809.142578125,
    10060.341796875,
    4332.263671875,
    9094.443665312347,
    23141.14185354081,
    43693.98560055422,
    30928.239358566032,
    9089.588140764807,
    53071.74641839429,
    11147.017780341024,
    2319.024947711458,
    3423.920335980352,
    53.74651919054906
  ],
  "time_vector": [
    6.814449443481863e-05,
    7.641866250196472e-05,
    0.0001462052168790251,
    5.634267290588468e-05,
    0.00013017933815717697,
    0.0001981102832360193,
    1.663161926221982e-05,
    5.489700798888329e-05,
    5.254903755719005e-05,
    8.871799938997878e-06,
    6.301171236096118e-05,
    0.00017522945953749725,
    0.00017504311109805727,
    0.0003160676240658125,
    0.00027747904023820645,
    3.681768047882299e-05
  ],
  "detuning_vector": [
    0.0,
    0.0,
    0.0,
    0.0,
    0.0,
    0.0,
    3093.1111875956294,
    5194.063002985044,
    15217.912839059252,
    185.7524873585935,
    -6091.220873862227,
    5690.454725720521,
    -2807.933682289763,
    -4277.889434145956,
    471.8702479370171,
    8480.097133106783
  ],
  "omega_scales": [
    1.0,
    1.0,
    1.0,
    1.0,
    1.0,
    1.0,
    0.8699651931428434,
    0.8150871286536829,
    1.1099724030354072,
    1.2976317563604272,
    0.7578482412747224,
    0.988164319671971,
    1.2128855760940587,
    0.7348996882776625,
    0.8059279447285044,
    0.8161619791411303
  ],
  "time_scales": [
    1.0,
    1.0,
    1.0,
    1.0,
    1.0,
    1.0,
    0.9043615384904575,
    1.2753302999864427,
    1.309646516879444,
    0.48445593567297884,
    0.7125265680285566,
    1.3413560767889483,
    1.3049086419529439,
    1.2549318609605749,
    1.2609866024905485,
    0.8236402675294798
  ],
  "detuning_offsets": [
    0.0,
    0.0,
    0.0,
    0.0,
    0.0,
    0.0,
    -7527.787249904371,
    -5623.181137639956,
    4472.531979684251,
    4604.5937959523435,
    -3185.9454832372267,
    2310.5492081423963,
    -5997.956143227263,
    -5073.290862368613,
    67.41056165772025,
    -4010.024937205717
  ]
}