{
  "gen": 0,
  "score": -64.70678758889798,
  "n_bar": 27.87478758889798,
  "num_pulses": 480,
  "good": 0.63556,
  "survive": 0.99224,
  "unique_pairs": [
    [
      0,
      -3
    ],
    [
      0,
      -2
    ],
    [
      0,
      -1
    ],
    [
      1,
      -3
    ],
    [
      1,
      -2
    ],
    [
      1,
      -1
    ],
    [
      2,
      -10
    ],
    [
      2,
      -9
    ],
    [
      2,
      -8
    ],
    [
      2,
      -7
    ],
    [
      2,
      -6
    ],
    [
      2,
      -5
    ],
    [
      2,
      -4
    ],
    [
      2,
      -3
    ],
    [
      2,
      -2
    ],
    [
      2,
      -1
    ]
  ],
  "omega_vector": [
    15965.956234821782,
    9421.392502397335,
    8430.844131753862,
    17169.163974604056,
    14593.709989233957,
    8746.221784600048,
    15676.269337442527,
    14418.025850367743,
    8538.022590480445,
    10350.2192618465,
    8320.552182225823,
    8352.581520939631,
    3017.600095342002,
    3258.7735110742797,
    3890.9512720403104,
    2365.0313694974175
  ],
  "time_vector": [
    5.883934186733314e-05,
    8.124850564741716e-05,
    0.00013008544102739006,
    7.836165269422246e-05,
    7.828985483269935e-05,
    0.00010381890091861178,
    2.572597761352375e-05,
    2.4722942228046343e-05,
    4.368979726365638e-05,
    3.178506642711333e-05,
    5.886759054404739e-05,
    4.510922531881077e-05,
    6.73966065193953e-05,
    6.0010244260815014e-05,
    4.226924997145436e-05,
    6.519583301673841e-05
  ],
  "omega_scales": [
    0.9978722646763614,
    0.7247225001844104,
    0.9367604590837624,
    1.0730727484127536,
    1.1225930760949199,
    0.9718024205111163,
    1.3063557781202106,
    1.2015021541973119,
    0.9486691767200495,
    1.150024362427389,
    1.3867586970376373,
    1.3920969201566054,
    0.7544000238355005,
    0.8146933777685699,
    1.2969837573467702,
    0.7883437898324726
  ],
  "time_scales": [
    0.7354917733416642,
    0.9027611738601906,
    1.0840453418949172,
    0.9795206586777807,
    0.8698872759188816,
    0.8651575076550981,
    0.8575325871174583,
    0.8240980742682115,
    1.4563265754552124,
    1.0595022142371109,
    1.1773518108809478,
    0.9021845063762153,
    0.9628086645627902,
    0.857289203725929,
    0.46965833301615956,
    0.7243981446304267
  ]
}