{
  "gen": 32,
  "score": 3546.0679648238224,
  "score_SLM": 3564,
  "score_AOD": 3573,
  "survive_SLM": 0.6662,
  "survive_AOD": 0.7031,
  "nzbar_SLM": 16.32542779945962,
  "nzbar_AOD": 10.851230265965013,
  "num_pulses": 260,
  "unique_pairs": [
    [
      0,
      -3
    ],
    [
      0,
      -2
    ],
    [
      0,
      -1
    ],
    [
      1,
      -3
    ],
    [
      1,
      -2
    ],
    [
      1,
      -1
    ],
    [
      2,
      -10
    ],
    [
      2,
      -9
    ],
    [
      2,
      -8
    ],
    [
      2,
      -7
    ],
    [
      2,
      -6
    ],
    [
      2,
      -5
    ],
    [
      2,
      -4
    ],
    [
      2,
      -3
    ],
    [
      2,
      -2
    ],
    [
      2,
      -1
    ]
  ],
  "omega_vector": [
    20508.373046875,
    17760.42578125,
    5926.83544921875,
    25809.142578125,
    10060.341796875,
    4332.263671875,
    13137.421065402092,
    41854.41664687599,
    25622.40716014145,
    22387.098526327234,
    10022.675500330914,
    99120.42782307531,
    6454.521407951278,
    3823.9103098290398,
    2443.690253508691,
    73.9120456453962
  ],
  "time_vector": [
    6.814449443481863e-05,
    7.641866250196472e-05,
    0.0001462052168790251,
    5.634267290588468e-05,
    0.00013017933815717697,
    0.0001981102832360193,
    2.961134039489427e-05,
    7.165068527512571e-05,
    6.874552280357111e-05,
    4.007382210698288e-06,
    6.334135481369285e-05,
    8.456220556343031e-05,
    6.77825259819157e-05,
    0.00027868318485021017,
    0.0002831871001215217,
    6.380916981373108e-05
  ],
  "detuning_vector": [
    0.0,
    0.0,
    0.0,
    0.0,
    0.0,
    0.0,
    13831.950025071716,
    24397.907303720254,
    19425.696183293538,
    -12860.618201835448,
    -10469.899969095073,
    7778.680043594,
    -8437.3418996222,
    -10459.553847969568,
    -767.8153232674117,
    13462.931268153305
  ],
  "omega_scales": [
    1.0,
    1.0,
    1.0,
    1.0,
    1.0,
    1.0,
    1.2567122822645864,
    1.4742140427680386,
    0.650894269684867,
    0.9392778439063023,
    0.8356447930493278,
    1.8455633502845519,
    0.7023040664832346,
    1.2117983023288958,
    0.5751997915569023,
    1.1223834094715421
  ],
  "time_scales": [
    1.0,
    1.0,
    1.0,
    1.0,
    1.0,
    1.0,
    1.6101473304600515,
    1.66454044207044,
    1.713301302479032,
    0.2188282098144767,
    0.7162541132216775,
    0.6473114087012924,
    0.5053041126403027,
    1.1064986767188554,
    1.2869265330629451,
    1.4274609647515635
  ],
  "detuning_offsets": [
    0.0,
    0.0,
    0.0,
    0.0,
    0.0,
    0.0,
    3211.051587571715,
    13580.663163095256,
    8680.315323918538,
    -8441.776893241698,
    -7564.624578470073,
    4398.774526015875,
    -11627.3643605597,
    -11254.955276192224,
    -1172.2750095467086,
    972.8091978408056
  ]
}