{
  "gen": 21,
  "score": 2851.6900597290273,
  "score_SLM": 2973,
  "score_AOD": 2932,
  "survive_SLM": 0.7372,
  "survive_AOD": 0.7333,
  "nzbar_SLM": 33.93624525230602,
  "nzbar_AOD": 28.69384972044184,
  "num_pulses": 260,
  "unique_pairs": [
    [
      0,
      -3
    ],
    [
      0,
      -2
    ],
    [
      0,
      -1
    ],
    [
      1,
      -3
    ],
    [
      1,
      -2
    ],
    [
      1,
      -1
    ],
    [
      2,
      -10
    ],
    [
      2,
      -9
    ],
    [
      2,
      -8
    ],
    [
      2,
      -7
    ],
    [
      2,
      -6
    ],
    [
      2,
      -5
    ],
    [
      2,
      -4
    ],
    [
      2,
      -3
    ],
    [
      2,
      -2
    ],
    [
      2,
      -1
    ]
  ],
  "omega_vector": [
    20000.0,
    17760.42578125,
    5926.83544921875,
    20000.0,
    10060.341796875,
    4332.263671875,
    1195.9986705087479,
    2744.1494925512657,
    7310.211485722035,
    9999.999999999998,
    9999.999999999998,
    8736.615336985647,
    9032.888934339077,
    2220.4684048403706,
    3735.5082720949013,
    37.59431707571113
  ],
  "time_vector": [
    6.814449443481863e-05,
    7.641866250196472e-05,
    0.0001462052168790251,
    5.634267290588468e-05,
    0.00013017933815717697,
    0.0001981102832360193,
    8.607535539607634e-06,
    3.3955612716517215e-05,
    5.96008137789833e-05,
    2.9179910946017352e-05,
    8.87045027399391e-05,
    0.0001427750270918019,
    0.00015173453939147796,
    0.00027070744180633725,
    0.00026845672969236066,
    3.761796575883195e-05
  ],
  "detuning_vector": [
    0.0,
    0.0,
    0.0,
    0.0,
    0.0,
    0.0,
    28164.459069188928,
    1026.799461057315,
    21410.34088847045,
    -11223.292971625391,
    -1135.1082576521421,
    2956.742709990877,
    6202.2132989277,
    201.18512103437843,
    659.3053529706791,
    17718.599184796585
  ],
  "omega_scales": [
    1.0,
    1.0,
    1.0,
    1.0,
    1.0,
    1.0,
    0.11959986705087478,
    0.27441494925512655,
    0.7310211485722035,
    0.9999999999999998,
    0.9999999999999998,
    0.8736615336985648,
    0.982851280478026,
    0.7036670908426227,
    0.8792700205694992,
    0.5708844533762287
  ],
  "time_scales": [
    1.0,
    1.0,
    1.0,
    1.0,
    1.0,
    1.0,
    0.4680436679363882,
    0.7888339153337574,
    1.4853934876328823,
    1.5934062036349097,
    1.0030566149972884,
    1.0929221074400086,
    1.131148266804808,
    1.0748313584031182,
    1.2199852615890738,
    0.8415432742793378
  ],
  "detuning_offsets": [
    0.0,
    0.0,
    0.0,
    0.0,
    0.0,
    0.0,
    17543.560631688928,
    -9790.444679567685,
    10664.960029095451,
    -6804.451663031641,
    1770.1671329728579,
    -423.16280758724815,
    3012.1908379901997,
    -594.2163071882778,
    254.84566669138223,
    5228.477114484083
  ],
  "omega_lin_max_xyz": [
    20000.0,
    20000.0,
    10000.0
  ]
}