{
  "gen": 30,
  "fitness_penalized": 15829.0,
  "raw_survivors": 15829,
  "num_pulses": 280,
  "length_penalty": 0.0,
  "unique_pairs": [
    [
      0,
      -3
    ],
    [
      0,
      -2
    ],
    [
      0,
      -1
    ],
    [
      1,
      -3
    ],
    [
      1,
      -2
    ],
    [
      1,
      -1
    ],
    [
      2,
      -5
    ],
    [
      2,
      -4
    ],
    [
      2,
      -3
    ],
    [
      2,
      -2
    ],
    [
      2,
      -1
    ]
  ],
  "omega_vector": [
    9081.194067458222,
    19717.613846302178,
    5173.046922406035,
    8209.946023913606,
    21478.14369652787,
    6755.74563555002,
    12380.687878424718,
    17941.274238875496,
    32919.53049143966,
    5740.05024190159,
    1791.2676270485833
  ],
  "time_vector": [
    0.0001189432958235651,
    9.414149361871333e-05,
    0.00010113105507666722,
    0.00014183961392908145,
    5.468914976535582e-05,
    9.172716185054818e-05,
    8.573733210819817e-05,
    0.00010020238933333588,
    4.28837518253029e-05,
    0.0002459097345319963,
    0.00043377752826464464
  ],
  "omega_scales": [
    0.6789938948899531,
    1.1466550821388033,
    0.9125254771124245,
    0.6138513488649249,
    1.2490366641980821,
    1.1917135301110233,
    1.3371142908698688,
    1.384041155570395,
    1.2697533189555292,
    0.8856077516076738,
    0.27636700531606706
  ],
  "time_scales": [
    1.3215921758173899,
    1.3448784802673335,
    1.444729358238103,
    1.575995710323127,
    0.7812735680765118,
    1.3103880264364025,
    1.224819030117117,
    2.0040477866667175,
    0.8576750365060581,
    1.2295486726599814,
    2.168887641323223
  ]
}