{
  "gen": 17,
  "score": 16981.642352846793,
  "score_SLM": 17767,
  "score_AOD": 16231,
  "survive_SLM": 0.71294,
  "survive_AOD": 0.73528,
  "nzbar_SLM": 16.98008247538362,
  "nzbar_AOD": 19.486698944619736,
  "num_pulses": 260,
  "unique_pairs": [
    [
      0,
      -3
    ],
    [
      0,
      -2
    ],
    [
      0,
      -1
    ],
    [
      1,
      -3
    ],
    [
      1,
      -2
    ],
    [
      1,
      -1
    ],
    [
      2,
      -10
    ],
    [
      2,
      -9
    ],
    [
      2,
      -8
    ],
    [
      2,
      -7
    ],
    [
      2,
      -6
    ],
    [
      2,
      -5
    ],
    [
      2,
      -4
    ],
    [
      2,
      -3
    ],
    [
      2,
      -2
    ],
    [
      2,
      -1
    ]
  ],
  "omega_vector": [
    17148.892659079098,
    15184.580801020054,
    6421.70507750245,
    24454.707853175503,
    12663.50376398205,
    4844.386185302916,
    14954.218828386525,
    24733.53739243453,
    26305.44641850668,
    10487.213066204755,
    9207.89691281264,
    19415.359678114408,
    5221.637086106817,
    2599.3146274363453,
    4160.279272631207,
    467.0548728147759
  ],
  "time_vector": [
    8.696028198424022e-05,
    8.64055387098051e-05,
    0.00012409631338110454,
    5.265958099972015e-05,
    0.00010920382450904234,
    0.00019465340507225014,
    2.3139887827361247e-05,
    4.900206670016497e-05,
    6.10156517371903e-05,
    1.803156731736236e-05,
    6.0125396137519425e-05,
    9.140677597770365e-05,
    0.00010805154732752466,
    0.00016963169045070193,
    0.0002458147263677972,
    4.291251853668159e-05
  ],
  "detuning_vector": [
    728.9333180279474,
    93.16071032509734,
    119.9696201443204,
    -207.68340887128397,
    670.3329835862473,
    -524.7628006808626,
    1222.4388006684112,
    -447.529714805363,
    2141.657338358414,
    727.8735782403979,
    -1120.3909976534683,
    94.91970795033944,
    813.6219111875401,
    -211.76633057452193,
    897.9528572193317,
    -366.16848614970314
  ],
  "omega_scales": [
    0.9310556851900358,
    1.0445586957877553,
    0.8187950449590562,
    1.316732938115618,
    1.0726923649543483,
    0.856171290019702,
    1.062950048244741,
    1.3259029951909342,
    1.2901259457745629,
    0.8967573201866045,
    0.8765910331902791,
    1.3198159118448065,
    1.0362124471989491,
    1.1487229390348237,
    1.0402085997524964,
    0.7914265351907452
  ],
  "time_scales": [
    1.1383306191383644,
    0.920017075664658,
    0.9228080615882337,
    0.752057350990305,
    1.0440064522752115,
    1.2256453847573563,
    0.8691627649526534,
    1.1456030896465081,
    1.487412858538221,
    0.8259519865102521,
    1.2223394530449068,
    0.6248115124104863,
    0.9330778082564914,
    0.9097595440694897,
    1.114755586484589,
    0.9058967717145203
  ],
  "detuning_offsets": [
    728.9333180279474,
    93.16071032509734,
    119.9696201443204,
    -207.68340887128397,
    670.3329835862473,
    -524.7628006808626,
    1222.4388006684112,
    -447.529714805363,
    2141.657338358414,
    727.8735782403979,
    -1120.3909976534683,
    94.91970795033944,
    813.6219111875401,
    -211.76633057452193,
    897.9528572193317,
    -366.16848614970314
  ]
}