{
  "gen": 28,
  "score": 16684.628854127983,
  "score_SLM": 16856,
  "score_AOD": 16515,
  "survive_SLM": 0.69418,
  "survive_AOD": 0.72816,
  "nzbar_SLM": 17.661413466247947,
  "nzbar_AOD": 16.647989452867503,
  "num_pulses": 260,
  "unique_pairs": [
    [
      0,
      -3
    ],
    [
      0,
      -2
    ],
    [
      0,
      -1
    ],
    [
      1,
      -3
    ],
    [
      1,
      -2
    ],
    [
      1,
      -1
    ],
    [
      2,
      -10
    ],
    [
      2,
      -9
    ],
    [
      2,
      -8
    ],
    [
      2,
      -7
    ],
    [
      2,
      -6
    ],
    [
      2,
      -5
    ],
    [
      2,
      -4
    ],
    [
      2,
      -3
    ],
    [
      2,
      -2
    ],
    [
      2,
      -1
    ]
  ],
  "omega_vector": [
    16402.260920337387,
    17837.91199530973,
    5562.461039929632,
    24044.592182902386,
    11260.626802662715,
    4836.678748448192,
    13081.246932063032,
    16702.623002677898,
    30850.603089920613,
    15244.7575169401,
    8740.606454569455,
    24015.199644369437,
    6136.879696003754,
    2899.2033517370996,
    5778.333621325198,
    246.85624996843814
  ],
  "time_vector": [
    7.725315330506087e-05,
    8.975463934500274e-05,
    0.00017064799654672752,
    6.402490988653527e-05,
    0.00010789861346788877,
    0.00019615788440360225,
    2.14048874215562e-05,
    4.883030579888687e-05,
    6.219111971278136e-05,
    2.5743820288723263e-05,
    6.525599162105308e-05,
    8.86558276032037e-05,
    0.00010259008119142864,
    0.00019313957141930713,
    0.000165859202688936,
    4.4362524725442025e-05
  ],
  "detuning_vector": [
    526.5705430247306,
    460.1830395599044,
    202.10186884143823,
    233.16059582779235,
    68.03161050706319,
    548.2425376126857,
    -670.9394955678022,
    384.03352348205203,
    437.9130361776498,
    -1135.2512672386176,
    -974.3318491256184,
    1429.544633316553,
    1158.8346245579303,
    -462.76092964826904,
    234.09435216718657,
    -48.300183798403395
  ],
  "omega_scales": [
    0.8905192063095317,
    1.2270833376016408,
    0.7092377308369848,
    1.2946507764832575,
    0.9538583176460697,
    0.8548091182393691,
    0.9298186830824923,
    0.8953857879451419,
    1.5130388914859152,
    1.303573009481458,
    0.8321050197748413,
    1.6325034994070609,
    1.2178385864619445,
    1.2812536658371922,
    1.4447761631492468,
    0.4182990007689751
  ],
  "time_scales": [
    1.0112620132496601,
    0.955677171284796,
    1.2689768343366365,
    0.9143711972739886,
    1.0315284208997413,
    1.2351184178555963,
    0.8039940069554606,
    1.1415875484166114,
    1.5160679024804677,
    1.1792185966751705,
    1.3266436186722457,
    0.6060073898927667,
    0.8859153845968962,
    1.0358357448973852,
    0.7521619046156256,
    0.9365068587044352
  ],
  "detuning_offsets": [
    526.5705430247306,
    460.1830395599044,
    202.10186884143823,
    233.16059582779235,
    68.03161050706319,
    548.2425376126857,
    -670.9394955678022,
    384.03352348205203,
    437.9130361776498,
    -1135.2512672386176,
    -974.3318491256184,
    1429.544633316553,
    1158.8346245579303,
    -462.76092964826904,
    234.09435216718657,
    -48.300183798403395
  ]
}