{
  "gen": 30,
  "fitness": 2462.5972256710756,
  "score_list": [
    2394,
    2941,
    2962,
    2705,
    2122
  ],
  "num_pulses": 200,
  "unique_pairs": [
    [
      0,
      -3
    ],
    [
      0,
      -2
    ],
    [
      0,
      -1
    ],
    [
      1,
      -3
    ],
    [
      1,
      -2
    ],
    [
      1,
      -1
    ],
    [
      2,
      -5
    ],
    [
      2,
      -4
    ],
    [
      2,
      -3
    ],
    [
      2,
      -2
    ]
  ],
  "omega_vector": [
    23636.9560960975,
    16525.10141204345,
    1365.885016191701,
    16716.28463878394,
    6363.889714250617,
    2884.9489302080133,
    6876.005174968068,
    6101.962194217072,
    3540.614265348371,
    3417.2507609371673
  ],
  "time_vector": [
    6.386644062088536e-05,
    8.040029650323486e-05,
    3.548592649460665e-05,
    8.372897788721819e-05,
    0.00011769703662723263,
    1.744846961536996e-05,
    7.612960677833251e-05,
    6.887771629088004e-05,
    0.00011117767543867977,
    0.00013552587680353627
  ],
  "omega_scales": [
    0.964536073231051,
    0.6743277925006957,
    0.1,
    0.9937841910102685,
    0.37833365056980706,
    0.2904574644687373,
    1.5,
    1.3311425832904662,
    1.5,
    1.4477363974867794
  ],
  "time_scales": [
    0.9123777231555052,
    1.1485756643319265,
    0.709718529892133,
    1.1961282555316886,
    1.6813862375318944,
    0.3489693923073992,
    1.52259213556665,
    1.377554325817601,
    0.5558883771933988,
    0.6776293840176814
  ]
}