{
  "gen": 25,
  "fitness": 3698.7190978159706,
  "score_list": [
    3902,
    3977,
    4130,
    3791,
    3352
  ],
  "num_pulses": 200,
  "unique_pairs": [
    [
      0,
      -3
    ],
    [
      0,
      -2
    ],
    [
      0,
      -1
    ],
    [
      1,
      -3
    ],
    [
      1,
      -2
    ],
    [
      1,
      -1
    ],
    [
      2,
      -5
    ],
    [
      2,
      -4
    ],
    [
      2,
      -3
    ],
    [
      2,
      -2
    ]
  ],
  "omega_vector": [
    16661.473884196752,
    12281.56977730608,
    1365.885016191701,
    25501.39459986954,
    15654.03370375814,
    993.243170901028,
    11675.12256546742,
    15066.82218591407,
    2592.1438699317764,
    2997.5783645664087
  ],
  "time_vector": [
    5.7862545716055294e-05,
    0.00010786116848962251,
    3.0159292145098623e-05,
    7.45428789956286e-05,
    0.0001064704426714627,
    5.331014874861924e-05,
    6.301549908790069e-05,
    7.270307288429636e-05,
    0.0002015245316938201,
    0.00010762763283851154
  ],
  "omega_scales": [
    0.6798926447707082,
    0.5011650839454646,
    0.1,
    1.5160595401244972,
    0.9306333049775385,
    0.1,
    2.546927089577483,
    3.286826100880016,
    1.0981754897592866,
    1.2699399623548662
  ],
  "time_scales": [
    0.8266077959436471,
    1.5408738355660356,
    0.6031858429019724,
    1.0648982713661228,
    1.5210063238780382,
    1.0662029749723847,
    1.2603099817580137,
    1.4540614576859276,
    1.0076226584691004,
    0.5381381641925577
  ]
}