{
  "gen": 10,
  "fitness": 68.30156143150217,
  "z_mean": 55.951561431502164,
  "good_frac": 0.8774,
  "survive_frac": 0.9982,
  "num_pulses": 200,
  "z_dns": [
    -5,
    -4,
    -3,
    -2
  ],
  "omega_scales_z": [
    0.5105549451289118,
    0.20601687144032244,
    0.1753140216690923,
    0.1
  ],
  "time_scales_z": [
    0.9170785181050443,
    0.7219266094869968,
    0.3476104034859785,
    0.7211444721833978
  ]
}