{
  "gen": 17,
  "fitness_penalized": 15536.0,
  "raw_survivors": 15536,
  "num_pulses": 280,
  "length_penalty": 0.0,
  "unique_pairs": [
    [
      0,
      -3
    ],
    [
      0,
      -2
    ],
    [
      0,
      -1
    ],
    [
      1,
      -3
    ],
    [
      1,
      -2
    ],
    [
      1,
      -1
    ],
    [
      2,
      -5
    ],
    [
      2,
      -4
    ],
    [
      2,
      -3
    ],
    [
      2,
      -2
    ],
    [
      2,
      -1
    ]
  ],
  "omega_vector": [
    14664.812896024816,
    16982.106834153168,
    3916.229547090175,
    10700.697099693922,
    17258.787491253916,
    6440.240480626194,
    11987.186343270445,
    18905.264393874062,
    26776.871736202032,
    9437.566665313014,
    1378.502239906081
  ],
  "time_vector": [
    7.024517290934011e-05,
    7.91782749130892e-05,
    0.00010905322839504016,
    9.657252925795831e-05,
    7.974475309348948e-05,
    8.825165444722881e-05,
    6.0194703703402305e-05,
    6.913721451230223e-05,
    5.73035162018681e-05,
    0.00017775184943125206,
    0.00021249190121423657
  ],
  "omega_scales": [
    1.0964767796104706,
    0.9875748282015224,
    0.6908228921067068,
    0.800082890838653,
    1.0036648725683044,
    1.1360584207824604,
    1.2946161250732073,
    1.45840611038457,
    1.0328221955392207,
    1.4560817140768647,
    0.21268320272836672
  ],
  "time_scales": [
    0.7805019212148901,
    1.1311182130441315,
    1.5579032627862879,
    1.0730281028662034,
    1.1392107584784212,
    1.2607379206746971,
    0.859924338620033,
    1.3827442902460447,
    1.1460703240373622,
    0.8887592471562602,
    1.0624595060711828
  ]
}