{
  "gen": 1,
  "score": 3436.5816216913317,
  "score_SLM": 3565,
  "score_AOD": 3631,
  "survive_SLM": 0.6907,
  "survive_AOD": 0.7011,
  "nzbar_SLM": 13.06051831475315,
  "nzbar_AOD": 11.134930822992441,
  "num_pulses": 260,
  "unique_pairs": [
    [
      0,
      -3
    ],
    [
      0,
      -2
    ],
    [
      0,
      -1
    ],
    [
      1,
      -3
    ],
    [
      1,
      -2
    ],
    [
      1,
      -1
    ],
    [
      2,
      -10
    ],
    [
      2,
      -9
    ],
    [
      2,
      -8
    ],
    [
      2,
      -7
    ],
    [
      2,
      -6
    ],
    [
      2,
      -5
    ],
    [
      2,
      -4
    ],
    [
      2,
      -3
    ],
    [
      2,
      -2
    ],
    [
      2,
      -1
    ]
  ],
  "omega_vector": [
    20508.373046875,
    17760.42578125,
    5926.83544921875,
    25809.142578125,
    10060.341796875,
    4332.263671875,
    8434.259476326428,
    33514.31357266553,
    40797.01295278452,
    22945.05226946957,
    12250.748875748828,
    47470.01734163878,
    10499.215787546926,
    3693.258970905968,
    3801.285071423987,
    72.60904294472567
  ],
  "time_vector": [
    6.814449443481863e-05,
    7.641866250196472e-05,
    0.0001462052168790251,
    5.634267290588468e-05,
    0.00013017933815717697,
    0.0001981102832360193,
    1.8936751520185346e-05,
    3.966460734066805e-05,
    3.780440283617634e-05,
    1.762051364042625e-05,
    9.337116258284943e-05,
    0.0001689176196258995,
    9.021886744903068e-05,
    0.00022771203924930252,
    0.00016602331726312485,
    4.0927895499018434e-05
  ],
  "detuning_vector": [
    0.0,
    0.0,
    0.0,
    0.0,
    0.0,
    0.0,
    10274.389792575206,
    14198.246442965186,
    15924.58921982192,
    -12196.19813542934,
    -15240.054767364449,
    1074.7696744288469,
    9444.444708873536,
    3843.692471910996,
    529.1448467318996,
    6726.9028599098665
  ],
  "omega_scales": [
    1.0,
    1.0,
    1.0,
    1.0,
    1.0,
    1.0,
    0.8068126478506448,
    1.1804553894372043,
    1.0363796728878514,
    0.9626874692421569,
    1.0214113495579515,
    0.883863459502797,
    1.1423994865669895,
    1.170394854581437,
    0.8947526707167699,
    1.1025968022824295
  ],
  "time_scales": [
    1.0,
    1.0,
    1.0,
    1.0,
    1.0,
    1.0,
    1.029705494624254,
    0.9214614317206915,
    0.9421752861453012,
    0.9621905905686392,
    1.0558264731306097,
    1.2930398584801832,
    0.6725621994658085,
    0.9041201041165554,
    0.7544828560388401,
    0.9155889876772539
  ],
  "detuning_offsets": [
    0.0,
    0.0,
    0.0,
    0.0,
    0.0,
    0.0,
    -346.5086449247933,
    3381.002302340187,
    5179.208360446921,
    -7777.35682683559,
    -12334.779376739449,
    -2305.135843149278,
    6254.422247936037,
    3048.29104368834,
    124.68516045260276,
    -5763.2192104026335
  ]
}