{
  "gen": 20,
  "score": 2869.0,
  "score_SLM": 2874,
  "score_AOD": 2869,
  "survive_SLM": 0.751,
  "survive_AOD": 0.7325,
  "nzbar_SLM": 37.13009320905459,
  "nzbar_AOD": 33.3920819112628,
  "num_pulses": 260,
  "unique_pairs": [
    [
      0,
      -3
    ],
    [
      0,
      -2
    ],
    [
      0,
      -1
    ],
    [
      1,
      -3
    ],
    [
      1,
      -2
    ],
    [
      1,
      -1
    ],
    [
      2,
      -10
    ],
    [
      2,
      -9
    ],
    [
      2,
      -8
    ],
    [
      2,
      -7
    ],
    [
      2,
      -6
    ],
    [
      2,
      -5
    ],
    [
      2,
      -4
    ],
    [
      2,
      -3
    ],
    [
      2,
      -2
    ],
    [
      2,
      -1
    ]
  ],
  "omega_vector": [
    20000.0,
    17760.42578125,
    5926.83544921875,
    20000.0,
    10060.341796875,
    4332.263671875,
    7335.635550175636,
    7917.986115751468,
    3793.876218120144,
    8563.657581353078,
    9819.314460089832,
    7487.863150291046,
    5276.888591303591,
    4618.852620620946,
    4476.264536656736,
    53.13284798293083
  ],
  "time_vector": [
    6.814449443481863e-05,
    7.641866250196472e-05,
    0.0001462052168790251,
    5.634267290588468e-05,
    0.00013017933815717697,
    0.0001981102832360193,
    1.661589430470612e-05,
    4.632498205223921e-05,
    1.9645480353704396e-05,
    1.0395159696648634e-05,
    0.00010386081901186626,
    0.00013940641216709065,
    7.701347455298457e-05,
    0.0002524531169026769,
    0.00026180239587769125,
    3.98855088997148e-05
  ],
  "detuning_vector": [
    0.0,
    0.0,
    0.0,
    0.0,
    0.0,
    0.0,
    12935.141674752267,
    15031.548706257621,
    15431.114539347733,
    5115.414582199635,
    -1970.4768304082952,
    13412.804880700805,
    4741.230987786326,
    -7747.194577618291,
    1084.8817228814446,
    13017.27290118302
  ],
  "omega_scales": [
    1.0,
    1.0,
    1.0,
    1.0,
    1.0,
    1.0,
    0.7335635550175637,
    0.7917986115751467,
    0.3793876218120144,
    0.8563657581353078,
    0.9819314460089832,
    0.7487863150291045,
    0.5741681035384172,
    1.4637157545219912,
    1.0536304364850024,
    0.8068431411048302
  ],
  "time_scales": [
    1.0,
    1.0,
    1.0,
    1.0,
    1.0,
    1.0,
    0.9035064776244305,
    1.076190769258545,
    0.48961191514976043,
    0.5676409355415196,
    1.1744418640654013,
    1.0671358491729934,
    0.5741188434129016,
    1.0023534069215723,
    1.1897450467548487,
    0.8922699853296341
  ],
  "detuning_offsets": [
    0.0,
    0.0,
    0.0,
    0.0,
    0.0,
    0.0,
    2314.243237252267,
    4214.304565632621,
    4685.733679972733,
    9534.255890793385,
    934.7985602167048,
    10032.89936312268,
    1551.2085268488268,
    -8542.596005840947,
    680.4220366021476,
    527.1508308705188
  ],
  "omega_lin_max_xyz": [
    20000.0,
    20000.0,
    10000.0
  ]
}