{
  "gen": 29,
  "score": 26137.0,
  "n_bar": 7.691157894736842,
  "num_pulses": 260,
  "good": 0.665,
  "unique_pairs": [
    [
      0,
      -3
    ],
    [
      0,
      -2
    ],
    [
      0,
      -1
    ],
    [
      1,
      -3
    ],
    [
      1,
      -2
    ],
    [
      1,
      -1
    ],
    [
      2,
      -10
    ],
    [
      2,
      -9
    ],
    [
      2,
      -8
    ],
    [
      2,
      -7
    ],
    [
      2,
      -6
    ],
    [
      2,
      -5
    ],
    [
      2,
      -4
    ],
    [
      2,
      -3
    ],
    [
      2,
      -2
    ],
    [
      2,
      -1
    ]
  ],
  "omega_vector": [
    18889.57686676193,
    25336.62901958296,
    7240.767924234642,
    14655.379269815627,
    11012.288505784081,
    6993.9831896717715,
    6157.728281836827,
    23977.26770461442,
    13634.886652267609,
    8863.166425387606,
    13847.690620665153,
    15511.736867716407,
    3336.7925550771993,
    249.39174339172854,
    1691.345107654084,
    879.9643802259955
  ],
  "time_vector": [
    6.936567354915436e-05,
    6.300450984066156e-05,
    0.0001260877565974778,
    7.421832617628005e-05,
    0.00010908387642617966,
    0.00012166249548317032,
    4.1287779278421604e-05,
    4.6029131194054876e-05,
    5.5560836766249074e-05,
    2.7603347509622434e-05,
    6.714155333178211e-05,
    0.0001679040906736639,
    0.00015856542903324217,
    6.037096392578442e-05,
    9.803801934662672e-06,
    6.140593449267688e-05
  ],
  "omega_scales": [
    1.0531043877632842,
    1.3708584924835747,
    0.7960939304896705,
    1.0408340878646556,
    0.8556750465806259,
    0.8748357761208316,
    0.6546308854203666,
    1.4606257568543852,
    1.0365160181238084,
    0.7668259324481908,
    1.6141276807361704,
    1.2011635528837323,
    0.655316624113285,
    0.04043344140362443,
    0.3963697702964311,
    1.0943193872194559
  ],
  "time_scales": [
    0.8801745868809014,
    0.5579688871246468,
    1.0615096534627546,
    0.9421383738180715,
    0.9579482715969232,
    0.8979000447537699,
    1.0252072930305292,
    1.3564644247943767,
    1.3858133194699658,
    1.0481344776621475,
    1.0009097649839975,
    1.5876973750172296,
    1.7775321823495203,
    0.494299097370059,
    0.069524133857749,
    1.4476422150072477
  ]
}