{
  "gen": 23,
  "score": 3680.4923583672876,
  "score_SLM": 3673,
  "score_AOD": 3688,
  "survive_SLM": 0.6948,
  "survive_AOD": 0.7018,
  "nzbar_SLM": 16.013529073114565,
  "nzbar_AOD": 10.334140780849244,
  "num_pulses": 260,
  "unique_pairs": [
    [
      0,
      -3
    ],
    [
      0,
      -2
    ],
    [
      0,
      -1
    ],
    [
      1,
      -3
    ],
    [
      1,
      -2
    ],
    [
      1,
      -1
    ],
    [
      2,
      -10
    ],
    [
      2,
      -9
    ],
    [
      2,
      -8
    ],
    [
      2,
      -7
    ],
    [
      2,
      -6
    ],
    [
      2,
      -5
    ],
    [
      2,
      -4
    ],
    [
      2,
      -3
    ],
    [
      2,
      -2
    ],
    [
      2,
      -1
    ]
  ],
  "omega_vector": [
    20508.373046875,
    17760.42578125,
    5926.83544921875,
    25809.142578125,
    10060.341796875,
    4332.263671875,
    15735.53318195881,
    15529.667938536173,
    42309.67174963566,
    27204.776824558736,
    15436.601104268617,
    39849.06825361894,
    7451.810144285056,
    2931.344175440367,
    4745.806498090903,
    78.20027861627362
  ],
  "time_vector": [
    6.814449443481863e-05,
    7.641866250196472e-05,
    0.0001462052168790251,
    5.634267290588468e-05,
    0.00013017933815717697,
    0.0001981102832360193,
    2.0197939546158078e-05,
    3.9768589007586624e-05,
    4.444094658471184e-05,
    2.3217868230674813e-05,
    0.00010084141736989501,
    6.0922207130565545e-05,
    0.00019478334747055883,
    0.00019181710041641447,
    0.00024096617311732225,
    7.89996703058534e-05
  ],
  "detuning_vector": [
    0.0,
    0.0,
    0.0,
    0.0,
    0.0,
    0.0,
    -2750.7544553173148,
    2785.873462270864,
    1941.7989738875767,
    406.4738650349436,
    9857.340979182742,
    -1609.6838410353976,
    5629.536278099208,
    1146.9026339736156,
    -255.07114134969356,
    4957.115805125253
  ],
  "omega_scales": [
    1.0,
    1.0,
    1.0,
    1.0,
    1.0,
    1.0,
    1.1425472346198822,
    0.8991226763170708,
    1.7332760712151287,
    1.8055117046096307,
    1.5134741348476997,
    1.6223211574649254,
    1.159697150094268,
    1.4361428896894408,
    0.8603195296290178,
    0.41898385811200134
  ],
  "time_scales": [
    1.0,
    1.0,
    1.0,
    1.0,
    1.0,
    1.0,
    1.2675500255484926,
    0.9689578675335777,
    0.9086316926355202,
    1.3615324117715168,
    1.6918164530414719,
    0.622166175412932,
    1.4930924657261018,
    1.1344444603822923,
    1.4391137939508436,
    1.5610621292254057
  ],
  "detuning_offsets": [
    0.0,
    0.0,
    0.0,
    0.0,
    0.0,
    0.0,
    -2532.5518033397757,
    2088.6920047513327,
    852.9070061141392,
    1271.5200076130686,
    10131.274298274539,
    -2756.02624826196,
    5311.545555442958,
    133.8986056533031,
    -698.7054186934436,
    5315.612509226816
  ]
}