{
  "gen": 35,
  "fitness": 67.90194699807058,
  "z_mean": 55.8969469980706,
  "good_frac": 0.8811,
  "survive_frac": 0.9977,
  "num_pulses": 200,
  "z_dns": [
    -5,
    -4,
    -3,
    -2
  ],
  "omega_scales_z": [
    0.52193631724094,
    0.1,
    0.47508804296083174,
    0.1630796785989727
  ],
  "time_scales_z": [
    0.6941187869993543,
    0.305349584033462,
    0.1,
    0.5653868297983651
  ]
}