{
  "gen": 17,
  "fitness": 3308.759040126694,
  "score_list": [
    3504,
    3680,
    3924,
    3501,
    2837
  ],
  "num_pulses": 200,
  "unique_pairs": [
    [
      0,
      -3
    ],
    [
      0,
      -2
    ],
    [
      0,
      -1
    ],
    [
      1,
      -3
    ],
    [
      1,
      -2
    ],
    [
      1,
      -1
    ],
    [
      2,
      -5
    ],
    [
      2,
      -4
    ],
    [
      2,
      -3
    ],
    [
      2,
      -2
    ]
  ],
  "omega_vector": [
    22777.343793322096,
    16926.79667164151,
    5900.589292071124,
    32580.735970380287,
    13890.816816490655,
    1847.0891800308475,
    10343.824036721895,
    14201.577529993334,
    3634.1775798274166,
    2908.734582902047
  ],
  "time_vector": [
    6.62994456535055e-05,
    0.00010668932349292432,
    7.5361518011253184e-06,
    7.875460064274493e-05,
    0.00011900952038215855,
    8.202225381818649e-05,
    7.001838095744756e-05,
    7.615332169421897e-05,
    0.00019637215690782237,
    0.0001855108638897369
  ],
  "omega_scales": [
    0.929458499297706,
    0.6907194787547566,
    0.43199751239111484,
    1.9369268374218676,
    0.8258099482477005,
    0.18596545479947743,
    2.256504417938414,
    3.098073045747661,
    1.5396385940971062,
    1.2323008233498636
  ],
  "time_scales": [
    0.9471349379072214,
    1.5241331927560615,
    0.15072303602250636,
    1.1250657234677848,
    1.7001360054594077,
    1.6404450763637297,
    1.4003676191489511,
    1.5230664338843798,
    0.9818607845391119,
    0.9275543194486845
  ]
}