{
  "gen": 8,
  "fitness": 2516.2536834646335,
  "score_list": [
    2411,
    2710,
    3412,
    2521,
    2452
  ],
  "num_pulses": 200,
  "unique_pairs": [
    [
      0,
      -3
    ],
    [
      0,
      -2
    ],
    [
      0,
      -1
    ],
    [
      1,
      -3
    ],
    [
      1,
      -2
    ],
    [
      1,
      -1
    ],
    [
      2,
      -5
    ],
    [
      2,
      -4
    ],
    [
      2,
      -3
    ],
    [
      2,
      -2
    ]
  ],
  "omega_vector": [
    17737.815266054087,
    16966.7495114453,
    6964.909458609275,
    17318.512730358263,
    13574.389165156845,
    5581.77745025101,
    8856.803480103923,
    8792.497257690682,
    4200.427574691818,
    3200.274538414243
  ],
  "time_vector": [
    3.896785029952219e-05,
    9.143303072669108e-05,
    3.0906834702643774e-05,
    0.00011077342419977606,
    9.215898723453809e-05,
    5.078211798304699e-05,
    6.502368494941753e-05,
    5.431724776122191e-05,
    0.00024317844808220983,
    0.0002743737998536973
  ],
  "omega_scales": [
    0.7238141245793609,
    0.6923498052258177,
    0.5099191642081646,
    1.029586689575068,
    0.8069983041360382,
    0.56197491347335,
    1.9321109978974937,
    1.9180826004246387,
    1.7795334057430254,
    1.3558132707656134
  ],
  "time_scales": [
    0.5566835757074599,
    1.3061861532384438,
    0.6181366940528754,
    1.5824774885682296,
    1.316556960493401,
    1.0156423596609396,
    1.3004736989883505,
    1.0863449552244384,
    1.215892240411049,
    1.3718689992684863
  ]
}