{
  "gen": 10,
  "score": 2785.0,
  "score_SLM": 3034,
  "score_AOD": 2785,
  "survive_SLM": 0.7212,
  "survive_AOD": 0.7211,
  "nzbar_SLM": 31.575291181364392,
  "nzbar_AOD": 27.39897379004299,
  "num_pulses": 260,
  "unique_pairs": [
    [
      0,
      -3
    ],
    [
      0,
      -2
    ],
    [
      0,
      -1
    ],
    [
      1,
      -3
    ],
    [
      1,
      -2
    ],
    [
      1,
      -1
    ],
    [
      2,
      -10
    ],
    [
      2,
      -9
    ],
    [
      2,
      -8
    ],
    [
      2,
      -7
    ],
    [
      2,
      -6
    ],
    [
      2,
      -5
    ],
    [
      2,
      -4
    ],
    [
      2,
      -3
    ],
    [
      2,
      -2
    ],
    [
      2,
      -1
    ]
  ],
  "omega_vector": [
    20000.0,
    17760.42578125,
    5926.83544921875,
    20000.0,
    10060.341796875,
    4332.263671875,
    8937.658853386301,
    9509.235911642752,
    8941.743011580966,
    8503.322279413525,
    9184.55672957598,
    8195.478082418309,
    9014.924721275816,
    3077.446726901668,
    3957.0191446736135,
    66.17355943949796
  ],
  "time_vector": [
    6.814449443481863e-05,
    7.641866250196472e-05,
    0.0001462052168790251,
    5.634267290588468e-05,
    0.00013017933815717697,
    0.0001981102832360193,
    1.9384091807848297e-05,
    4.083000415084988e-05,
    4.3138023732899705e-05,
    1.7461476725195985e-05,
    9.74750338236917e-05,
    0.00015237831568063457,
    0.00014263410850187964,
    0.00028912720310910915,
    0.00019018077555433747,
    4.330747914621617e-05
  ],
  "detuning_vector": [
    0.0,
    0.0,
    0.0,
    0.0,
    0.0,
    0.0,
    9170.038316239275,
    12937.795967785652,
    10963.733790991031,
    -5016.099957738276,
    -3764.3727211603523,
    13959.05737523695,
    3908.7875268096113,
    2249.6484083856153,
    461.91485621394,
    11523.221262712088
  ],
  "omega_scales": [
    1.0,
    1.0,
    1.0,
    1.0,
    1.0,
    1.0,
    0.8937658853386301,
    0.9509235911642753,
    0.8941743011580965,
    0.8503322279413525,
    0.9184556729575979,
    0.8195478082418309,
    0.9808966289883033,
    0.9752437732604107,
    0.931409610499901,
    1.0048714605587121
  ],
  "time_scales": [
    1.0,
    1.0,
    1.0,
    1.0,
    1.0,
    1.0,
    1.0540300864995995,
    0.9485351451703099,
    1.0751017554863829,
    0.9535061772473076,
    1.1022324059533475,
    1.1664338875926614,
    1.0633065171990213,
    1.147966167444249,
    0.8642649542805398,
    0.9688221323593051
  ],
  "detuning_offsets": [
    0.0,
    0.0,
    0.0,
    0.0,
    0.0,
    0.0,
    -1450.8601212607252,
    2120.5518271606516,
    218.35293161603056,
    -597.2586491445265,
    -859.0973305353522,
    10579.151857658824,
    718.7650658721114,
    1454.246980162959,
    57.45516993464315,
    -966.9008076004127
  ],
  "omega_lin_max_xyz": [
    20000.0,
    20000.0,
    10000.0
  ]
}