{
  "gen": 17,
  "score": 25865.0,
  "n_bar": 6.960853550881252,
  "num_pulses": 260,
  "good": 0.65702,
  "unique_pairs": [
    [
      0,
      -3
    ],
    [
      0,
      -2
    ],
    [
      0,
      -1
    ],
    [
      1,
      -3
    ],
    [
      1,
      -2
    ],
    [
      1,
      -1
    ],
    [
      2,
      -10
    ],
    [
      2,
      -9
    ],
    [
      2,
      -8
    ],
    [
      2,
      -7
    ],
    [
      2,
      -6
    ],
    [
      2,
      -5
    ],
    [
      2,
      -4
    ],
    [
      2,
      -3
    ],
    [
      2,
      -2
    ],
    [
      2,
      -1
    ]
  ],
  "omega_vector": [
    16757.478845254795,
    25089.729075452906,
    8272.556825666663,
    15617.563688919514,
    10133.15865169088,
    7383.775487250531,
    5867.146889826553,
    28631.65733908418,
    17848.92206455572,
    9517.00573195586,
    17226.110895841583,
    13108.326788118584,
    4038.0545495256,
    6.167957382162706,
    4.2670890527024445,
    929.9856056728792
  ],
  "time_vector": [
    5.652733264466018e-05,
    5.4993970933567514e-05,
    0.00010972504160077827,
    0.00011257605229723095,
    9.30300677512911e-05,
    0.0001385457030930161,
    4.9947676876367674e-05,
    4.340231578103231e-05,
    6.739624600731802e-05,
    3.023050441967863e-05,
    8.846971054116036e-05,
    0.00016155726245343632,
    0.00014352839194009122,
    0.0001004211116969208,
    1.7178954362735527e-05,
    5.1107712689947026e-05
  ],
  "omega_scales": [
    0.9342387404579998,
    1.3574997743627544,
    0.9095350586367874,
    1.109169019617546,
    0.7873650419474827,
    0.9235925772069149,
    0.6237390458925554,
    1.7441577032918965,
    1.356864497518844,
    0.823394985974516,
    2.0079263171084096,
    1.0150536017631333,
    0.7930382940210037,
    0.001,
    0.001,
    1.1565255378422137
  ],
  "time_scales": [
    0.7172700719576537,
    0.4870274340355957,
    0.9237549626460589,
    1.4290570039299606,
    0.8169675989576957,
    1.0225023949543273,
    1.2402392063345202,
    1.2790529776122739,
    1.6810152768604745,
    1.147890992146427,
    1.3188583342476679,
    1.5276819074695935,
    1.6089656951699232,
    0.822217530429151,
    0.12182538270466203,
    1.2048620872507407
  ]
}