{
  "gen": 13,
  "score": -49.21831887891493,
  "n_bar": 19.964318878914934,
  "num_pulses": 480,
  "good": 0.71074,
  "survive": 0.99344,
  "unique_pairs": [
    [
      0,
      -3
    ],
    [
      0,
      -2
    ],
    [
      0,
      -1
    ],
    [
      1,
      -3
    ],
    [
      1,
      -2
    ],
    [
      1,
      -1
    ],
    [
      2,
      -10
    ],
    [
      2,
      -9
    ],
    [
      2,
      -8
    ],
    [
      2,
      -7
    ],
    [
      2,
      -6
    ],
    [
      2,
      -5
    ],
    [
      2,
      -4
    ],
    [
      2,
      -3
    ],
    [
      2,
      -2
    ],
    [
      2,
      -1
    ]
  ],
  "omega_vector": [
    18684.730678164702,
    20140.645237170185,
    11459.189846117053,
    22988.279254307017,
    12419.574085625982,
    3898.0435501673173,
    10634.550427457198,
    17670.688504679947,
    15855.316958569276,
    9455.525235285324,
    5973.480059368235,
    7494.995085449425,
    1054.2129448910182,
    752.6438328866732,
    1179.1809144665233,
    347.40285295142564
  ],
  "time_vector": [
    6.228371239033008e-05,
    6.398835119897523e-05,
    4.4366223978217085e-05,
    5.760423734185256e-05,
    0.00011278625723639417,
    0.0001307729856866799,
    3.2974584468867835e-05,
    5.6495348097676626e-05,
    3.753170224843838e-05,
    3.18082100225454e-05,
    3.7281062250197494e-05,
    3.4127902867999236e-05,
    0.00010924724713751158,
    7.092155637064291e-05,
    9e-06,
    6.97076931687871e-05
  ],
  "omega_scales": [
    1.1677956673852938,
    1.549280402859245,
    1.2732433162352281,
    1.4367674533941885,
    0.9553518527404602,
    0.4331159500185908,
    0.8862125356214332,
    1.4725573753899956,
    1.761701884285475,
    1.0506139150317026,
    0.9955800098947059,
    1.2491658475749041,
    0.26355323622275456,
    0.18816095822166828,
    0.39306030482217447,
    0.11580095098380855
  ],
  "time_scales": [
    0.7785464048791259,
    0.7109816799886136,
    0.369718533151809,
    0.7200529667731569,
    1.2531806359599351,
    1.0897748807223324,
    1.0991528156289279,
    1.883178269922554,
    1.2510567416146126,
    1.0602736674181799,
    0.7456212450039498,
    0.6825580573599846,
    1.5606749591073088,
    1.0131650910091847,
    0.1,
    0.7745299240976344
  ]
}