{
  "gen": 3,
  "score": 3533.4991156076435,
  "score_SLM": 3432,
  "score_AOD": 3638,
  "survive_SLM": 0.7085,
  "survive_AOD": 0.7168,
  "nzbar_SLM": 18.028510938602683,
  "nzbar_AOD": 13.592912946428571,
  "num_pulses": 260,
  "unique_pairs": [
    [
      0,
      -3
    ],
    [
      0,
      -2
    ],
    [
      0,
      -1
    ],
    [
      1,
      -3
    ],
    [
      1,
      -2
    ],
    [
      1,
      -1
    ],
    [
      2,
      -10
    ],
    [
      2,
      -9
    ],
    [
      2,
      -8
    ],
    [
      2,
      -7
    ],
    [
      2,
      -6
    ],
    [
      2,
      -5
    ],
    [
      2,
      -4
    ],
    [
      2,
      -3
    ],
    [
      2,
      -2
    ],
    [
      2,
      -1
    ]
  ],
  "omega_vector": [
    20508.373046875,
    17760.42578125,
    5926.83544921875,
    25809.142578125,
    10060.341796875,
    4332.263671875,
    15116.182487055263,
    12753.881859268602,
    28751.52679395005,
    16116.33152561134,
    8899.39850479062,
    35843.103664121714,
    8337.666181846487,
    1829.4988110559236,
    4975.571950498642,
    172.09199573283036
  ],
  "time_vector": [
    6.814449443481863e-05,
    7.641866250196472e-05,
    0.0001462052168790251,
    5.634267290588468e-05,
    0.00013017933815717697,
    0.0001981102832360193,
    1.9174158739387713e-05,
    3.3697153498548805e-05,
    5.255426614447352e-05,
    1.5055525180955128e-05,
    9.005261575097556e-05,
    0.0001132369951917204,
    0.0001794548746993248,
    0.00018798444328555462,
    0.000162238774443474,
    3.56261604422583e-05
  ],
  "detuning_vector": [
    0.0,
    0.0,
    0.0,
    0.0,
    0.0,
    0.0,
    -5218.202651977539,
    5004.750237882488,
    4528.228904605769,
    4134.953857421875,
    -5273.933319091797,
    3313.6325688772063,
    -4355.00900054285,
    -3986.9959716796875,
    599.9071533979479,
    -3266.7813417122043
  ],
  "omega_scales": [
    1.0,
    1.0,
    1.0,
    1.0,
    1.0,
    1.0,
    1.0975765675608673,
    0.7384127230616261,
    1.1778473181674682,
    1.069599849780515,
    0.8725372484347198,
    1.459231745480834,
    1.2975595891878982,
    0.8963197604725281,
    0.9019713976560733,
    0.9220397880696349
  ],
  "time_scales": [
    1.0,
    1.0,
    1.0,
    1.0,
    1.0,
    1.0,
    1.2033012250798987,
    0.8210279220536756,
    1.07451518187279,
    0.8828797418632288,
    1.5108127289413233,
    1.1564293470637959,
    1.3755935752766677,
    1.1117773642724578,
    0.9689329219732665,
    0.7039858477991262
  ],
  "detuning_offsets": [
    0.0,
    0.0,
    0.0,
    0.0,
    0.0,
    0.0,
    -5000.0,
    4307.568780362957,
    3439.336936832331,
    5000.0,
    -5000.0,
    2167.2901616506438,
    -4672.9997231991,
    -5000.0,
    156.27287605419792,
    -2908.2846376106418
  ]
}