{
  "gen": 34,
  "score": 18439.0,
  "n_bar": 19.405995803512404,
  "num_pulses": 260,
  "good": 0.69582,
  "unique_pairs": [
    [
      0,
      -3
    ],
    [
      0,
      -2
    ],
    [
      0,
      -1
    ],
    [
      1,
      -3
    ],
    [
      1,
      -2
    ],
    [
      1,
      -1
    ],
    [
      2,
      -10
    ],
    [
      2,
      -9
    ],
    [
      2,
      -8
    ],
    [
      2,
      -7
    ],
    [
      2,
      -6
    ],
    [
      2,
      -5
    ],
    [
      2,
      -4
    ],
    [
      2,
      -3
    ],
    [
      2,
      -2
    ],
    [
      2,
      -1
    ]
  ],
  "omega_vector": [
    24211.583965562844,
    15051.943800634055,
    6732.263638796853,
    15966.627825402851,
    12168.10560299267,
    6337.077606884327,
    13902.855349343072,
    16744.464003291843,
    16250.953475885563,
    10643.40187601827,
    7313.46023917217,
    17422.672154227814,
    5721.142587135014,
    3417.3103460369844,
    4832.082324662736,
    913.4599775454047
  ],
  "time_vector": [
    6.816937675649432e-05,
    9.064074023155064e-05,
    0.00014003080848554923,
    8.101751750378607e-05,
    8.836143236583147e-05,
    0.0001634809135889082,
    4.1026295601713324e-05,
    4.1278041440681006e-05,
    4.637577321991168e-05,
    2.8727577458893977e-05,
    5.8685914328218455e-05,
    0.00010656390746312533,
    0.00014270005100087862,
    0.00016230801847842984,
    0.00022085034012929075,
    5.0307820418853125e-05
  ],
  "omega_scales": [
    1.34980923546776,
    0.8143974074663357,
    0.7401858859975802,
    1.1339597701954716,
    0.945484158280994,
    0.7926673622469442,
    1.478018855436874,
    1.0200242875555974,
    1.2353878706236836,
    0.9208488452411754,
    0.8524785061557176,
    1.3491383307987763,
    1.1235819381601693,
    0.5540424705137559,
    1.1324071902372106,
    1.1359743477574173
  ],
  "time_scales": [
    0.864994888027111,
    0.8027157592854223,
    1.1788936451945577,
    1.0284483108726978,
    0.7759687699396983,
    1.2065305667527868,
    1.0187144523630276,
    1.21645126221074,
    1.1567169965286128,
    1.0908229294972411,
    0.874857696959527,
    1.007665956630091,
    1.5996799215534097,
    1.3289287069929503,
    1.566170829644216,
    1.1860046620090217
  ]
}