{
  "gen": 19,
  "score": 2861.0,
  "score_SLM": 2926,
  "score_AOD": 2861,
  "survive_SLM": 0.7327,
  "survive_AOD": 0.7187,
  "nzbar_SLM": 32.79677903644056,
  "nzbar_AOD": 29.91721163211354,
  "num_pulses": 260,
  "unique_pairs": [
    [
      0,
      -3
    ],
    [
      0,
      -2
    ],
    [
      0,
      -1
    ],
    [
      1,
      -3
    ],
    [
      1,
      -2
    ],
    [
      1,
      -1
    ],
    [
      2,
      -10
    ],
    [
      2,
      -9
    ],
    [
      2,
      -8
    ],
    [
      2,
      -7
    ],
    [
      2,
      -6
    ],
    [
      2,
      -5
    ],
    [
      2,
      -4
    ],
    [
      2,
      -3
    ],
    [
      2,
      -2
    ],
    [
      2,
      -1
    ]
  ],
  "omega_vector": [
    20000.0,
    17760.42578125,
    5926.83544921875,
    20000.0,
    10060.341796875,
    4332.263671875,
    9263.243092773062,
    6453.98210576087,
    7143.453412551852,
    5023.358087735754,
    9644.325364489274,
    9040.540008986027,
    6765.348584248976,
    3079.305821564938,
    3831.1779190426723,
    57.69253319205044
  ],
  "time_vector": [
    6.814449443481863e-05,
    7.641866250196472e-05,
    0.0001462052168790251,
    5.634267290588468e-05,
    0.00013017933815717697,
    0.0001981102832360193,
    1.1716483334237592e-05,
    4.105465280882973e-05,
    4.2391576750111883e-05,
    2.101026970358824e-05,
    0.00011642872586786259,
    0.00015006911722035405,
    0.00015294897541054422,
    0.00025330101530649483,
    0.00023845187165799,
    3.067068193009815e-05
  ],
  "detuning_vector": [
    0.0,
    0.0,
    0.0,
    0.0,
    0.0,
    0.0,
    -604.7837275776401,
    5527.823315402517,
    11543.674248334142,
    -13238.416731929967,
    -1125.0353605614514,
    14498.084070427136,
    5472.28386892898,
    4162.700124838051,
    -11.151728631017477,
    11129.930419023449
  ],
  "omega_scales": [
    1.0,
    1.0,
    1.0,
    1.0,
    1.0,
    1.0,
    0.9263243092773062,
    0.6453982105760869,
    0.7143453412551852,
    0.5023358087735754,
    0.9644325364489275,
    0.9040540008986027,
    0.736124574014352,
    0.9758329209062193,
    0.9017888978714275,
    0.8760837498099607
  ],
  "time_scales": [
    1.0,
    1.0,
    1.0,
    1.0,
    1.0,
    1.0,
    0.6370959271487482,
    0.9537540314242021,
    1.0564985281679125,
    1.147292537927,
    1.3165577851200032,
    1.1487573085780116,
    1.1402016254113674,
    1.0057199482589008,
    1.083630011266413,
    0.686127109086835
  ],
  "detuning_offsets": [
    0.0,
    0.0,
    0.0,
    0.0,
    0.0,
    0.0,
    -11225.68216507764,
    -5289.420825222483,
    798.2933889591425,
    -8819.575423336217,
    1780.2400300635486,
    11118.17855284901,
    2282.26140799148,
    3367.2986966153953,
    -415.61141491031435,
    -1360.1916512890512
  ],
  "omega_lin_max_xyz": [
    20000.0,
    20000.0,
    10000.0
  ]
}