{
  "gen": 8,
  "fitness": 68.81930844973667,
  "z_mean": 56.05930844973666,
  "good_frac": 0.8734,
  "survive_frac": 0.998,
  "num_pulses": 200,
  "z_dns": [
    -5,
    -4,
    -3,
    -2
  ],
  "omega_scales_z": [
    0.7149234675433177,
    0.284196279428505,
    0.1,
    0.3364422841799979
  ],
  "time_scales_z": [
    0.8052422474975449,
    0.4310119913599604,
    0.5284847597627984,
    0.4158275485984587
  ]
}