{
  "gen": 26,
  "fitness": 2426.3898273997934,
  "score_list": [
    2465,
    2769,
    2647,
    2491,
    2222
  ],
  "num_pulses": 200,
  "unique_pairs": [
    [
      0,
      -3
    ],
    [
      0,
      -2
    ],
    [
      0,
      -1
    ],
    [
      1,
      -3
    ],
    [
      1,
      -2
    ],
    [
      1,
      -1
    ],
    [
      2,
      -5
    ],
    [
      2,
      -4
    ],
    [
      2,
      -3
    ],
    [
      2,
      -2
    ]
  ],
  "omega_vector": [
    15867.056124559427,
    6624.931801127812,
    1365.885016191701,
    15222.486010840408,
    12871.255757813518,
    993.243170901028,
    6509.173412261713,
    6876.005174968068,
    3540.614265348371,
    3442.5354377206913
  ],
  "time_vector": [
    8.382823155505657e-05,
    8.782933627511843e-05,
    3.0982994993297975e-05,
    0.00011550844582206512,
    0.00011791445623753206,
    2.5649162296266427e-05,
    6.307152733481643e-05,
    6.621040992701138e-05,
    6.448686904491674e-05,
    0.0001292134947288177
  ],
  "omega_scales": [
    0.6474754171348662,
    0.27033877284809665,
    0.1,
    0.9049777670302143,
    0.765196978094499,
    0.1,
    1.419975679183213,
    1.5,
    1.5,
    1.4584483848236869
  ],
  "time_scales": [
    1.1975461650722368,
    1.254704803930263,
    0.6196598998659595,
    1.6501206546009304,
    1.6844922319647435,
    0.5129832459253285,
    1.2614305466963287,
    1.3242081985402279,
    0.3224343452245837,
    0.6460674736440886
  ]
}