{
  "gen": 33,
  "fitness": 67.8656311232627,
  "z_mean": 55.5706311232627,
  "good_frac": 0.8778,
  "survive_frac": 0.9985,
  "num_pulses": 200,
  "z_dns": [
    -5,
    -4,
    -3,
    -2
  ],
  "omega_scales_z": [
    0.5705970614397803,
    0.3317018585282348,
    0.42904399250649816,
    0.2550792091261752
  ],
  "time_scales_z": [
    0.37673846716563997,
    0.1283229272459988,
    0.10868081136811306,
    0.25738011298416125
  ]
}