{
  "gen": 38,
  "score": 2510.193881625004,
  "score_SLM": 2737,
  "score_AOD": 2858,
  "survive_SLM": 0.7417,
  "survive_AOD": 0.733,
  "nzbar_SLM": 36.93892409329918,
  "nzbar_AOD": 26.47530695770805,
  "num_pulses": 260,
  "unique_pairs": [
    [
      0,
      -3
    ],
    [
      0,
      -2
    ],
    [
      0,
      -1
    ],
    [
      1,
      -3
    ],
    [
      1,
      -2
    ],
    [
      1,
      -1
    ],
    [
      2,
      -10
    ],
    [
      2,
      -9
    ],
    [
      2,
      -8
    ],
    [
      2,
      -7
    ],
    [
      2,
      -6
    ],
    [
      2,
      -5
    ],
    [
      2,
      -4
    ],
    [
      2,
      -3
    ],
    [
      2,
      -2
    ],
    [
      2,
      -1
    ]
  ],
  "omega_vector": [
    20000.0,
    17760.42578125,
    5926.83544921875,
    20000.0,
    10060.341796875,
    4332.263671875,
    5063.007778129931,
    7234.310527756727,
    9415.705246290958,
    5497.212281544161,
    8428.660992784738,
    8722.170501309145,
    9999.999999999998,
    3242.399123090498,
    5030.959120767217,
    53.20805984256277
  ],
  "time_vector": [
    6.814449443481863e-05,
    7.641866250196472e-05,
    0.0001462052168790251,
    5.634267290588468e-05,
    0.00013017933815717697,
    0.0001981102832360193,
    1.9896618081181045e-05,
    5.567934890931002e-05,
    6.189649351411414e-05,
    2.347933728559699e-05,
    0.0001068117239707027,
    0.0001335355271712006,
    0.00015252109592083803,
    0.00025589178824735645,
    0.00017429522842510856,
    3.093586201735697e-05
  ],
  "detuning_vector": [
    0.0,
    0.0,
    0.0,
    0.0,
    0.0,
    0.0,
    24274.47725619954,
    -9129.559231391548,
    8107.3187626344115,
    -13462.524141273032,
    7838.485763579067,
    8189.857668042869,
    2186.130365623595,
    18721.561070306634,
    1.6274014168702706,
    14790.651736971678
  ],
  "omega_scales": [
    1.0,
    1.0,
    1.0,
    1.0,
    1.0,
    1.0,
    0.5063007778129931,
    0.7234310527756728,
    0.9415705246290957,
    0.549721228154416,
    0.8428660992784738,
    0.8722170501309146,
    1.0880807763966376,
    1.0275172361481018,
    1.1841953510440304,
    0.8079852626996158
  ],
  "time_scales": [
    1.0,
    1.0,
    1.0,
    1.0,
    1.0,
    1.0,
    1.0818992339205535,
    1.29350511710838,
    1.5426072656342922,
    1.2821191180918567,
    1.207810234866904,
    1.022195076735805,
    1.1370118760957302,
    1.0160064922148384,
    0.7920740526326406,
    0.6920593947488549
  ],
  "detuning_offsets": [
    0.0,
    0.0,
    0.0,
    0.0,
    0.0,
    0.0,
    13653.578818699541,
    -19946.803372016548,
    -2638.0620967405885,
    -9043.682832679282,
    10743.761154204067,
    4809.952150464744,
    -1003.892095313905,
    17926.159642083978,
    -402.8322848624266,
    2300.5296666591776
  ],
  "omega_lin_max_xyz": [
    20000.0,
    20000.0,
    10000.0
  ]
}