{
  "gen": 20,
  "score": 26508.0,
  "n_bar": 6.8471557682084,
  "num_pulses": 260,
  "good": 0.67716,
  "unique_pairs": [
    [
      0,
      -3
    ],
    [
      0,
      -2
    ],
    [
      0,
      -1
    ],
    [
      1,
      -3
    ],
    [
      1,
      -2
    ],
    [
      1,
      -1
    ],
    [
      2,
      -10
    ],
    [
      2,
      -9
    ],
    [
      2,
      -8
    ],
    [
      2,
      -7
    ],
    [
      2,
      -6
    ],
    [
      2,
      -5
    ],
    [
      2,
      -4
    ],
    [
      2,
      -3
    ],
    [
      2,
      -2
    ],
    [
      2,
      -1
    ]
  ],
  "omega_vector": [
    19165.40688684993,
    21373.35703639678,
    8790.33734335713,
    14194.28921753073,
    11299.529102074732,
    7586.083205576041,
    10162.066284280998,
    23312.3436425663,
    10699.307152836693,
    5027.287345167197,
    16337.084099279064,
    15923.141753157674,
    3255.6713852389003,
    1132.3758002730015,
    1855.6579098167122,
    820.7459638085609
  ],
  "time_vector": [
    8.520458382272564e-05,
    6.75690296134237e-05,
    7.650532740152682e-05,
    9.246199165194012e-05,
    0.00013329909426836335,
    0.0001064619842535085,
    5.889395164137107e-05,
    4.9461335644855286e-05,
    4.708122267972899e-05,
    2.6090487080201303e-05,
    0.00010472949335138876,
    0.0001499082982260768,
    0.00014328490683740625,
    6.0154148125514466e-05,
    1.5231985784559678e-05,
    3.628178809322008e-05
  ],
  "omega_scales": [
    1.068482064377239,
    1.1564225052820531,
    0.9664629883498159,
    1.0080871875519586,
    0.8779941685761814,
    0.9488980469194948,
    1.0803338739388058,
    1.4201205073261907,
    0.8133550010038036,
    0.4349522643623647,
    1.9042987303463046,
    1.233021013984612,
    0.6393851419233996,
    0.18359008179073216,
    0.43487677123623225,
    1.0206756550158973
  ],
  "time_scales": [
    1.081153047744621,
    0.5983923429107094,
    0.6440842931110873,
    1.1737261528646505,
    1.170600469504108,
    0.7857164202177965,
    1.4623820848043718,
    1.4576104407055568,
    1.1743125065051938,
    0.9906892284794429,
    1.561250334189272,
    1.4175295588803327,
    1.6062362060966495,
    0.492523875518363,
    0.1080183612095275,
    0.8553415645185964
  ]
}