{
  "gen": 0,
  "fitness": 73.40562387522495,
  "z_mean": 56.68062387522495,
  "good_frac": 0.8335,
  "survive_frac": 0.9985,
  "num_pulses": 200,
  "z_dns": [
    -5,
    -4,
    -3,
    -2
  ],
  "omega_scales_z": [
    0.6337187831569753,
    0.9328785263762708,
    0.6018376009752004,
    0.700987833954559
  ],
  "time_scales_z": [
    1.2727724459627818,
    1.1790369963943372,
    0.8561039533430419,
    0.6994993087918207
  ]
}