{
  "gen": 35,
  "fitness": 2410.5028422193686,
  "score_list": [
    2176,
    3025,
    3145,
    2747,
    2059
  ],
  "num_pulses": 200,
  "unique_pairs": [
    [
      0,
      -3
    ],
    [
      0,
      -2
    ],
    [
      0,
      -1
    ],
    [
      1,
      -3
    ],
    [
      1,
      -2
    ],
    [
      1,
      -1
    ],
    [
      2,
      -5
    ],
    [
      2,
      -4
    ],
    [
      2,
      -3
    ],
    [
      2,
      -2
    ]
  ],
  "omega_vector": [
    12439.944315445384,
    10527.113717087464,
    2263.945466248949,
    17473.731404126625,
    4520.166137261562,
    993.243170901028,
    6306.979232195529,
    6876.005174968068,
    3540.614265348371,
    2878.3506651373295
  ],
  "time_vector": [
    6.989959031820426e-05,
    0.00011916403765114392,
    3.415901543037622e-05,
    8.022381052658833e-05,
    0.00010630296885275556,
    5e-06,
    7.518200240607097e-05,
    7.661136921024598e-05,
    0.00016240759110532326,
    0.00014010909738533701
  ],
  "omega_scales": [
    0.5076277585172502,
    0.42957227173649,
    0.1657493448871106,
    1.03881444965895,
    0.26872416598652005,
    0.1,
    1.3758670343550503,
    1.5,
    1.5,
    1.2194285155435254
  ],
  "time_scales": [
    0.9985655759743467,
    1.7023433950163416,
    0.6831803086075243,
    1.1460544360941192,
    1.5186138407536507,
    0.1,
    1.5036400481214194,
    1.53222738420492,
    0.8120379555266163,
    0.7005454869266851
  ]
}