{
  "gen": 0,
  "score": 2627.135880853983,
  "score_SLM": 2926,
  "score_AOD": 3088,
  "survive_SLM": 0.7297,
  "survive_AOD": 0.7263,
  "nzbar_SLM": 31.14238728244484,
  "nzbar_AOD": 27.307173344348065,
  "num_pulses": 260,
  "unique_pairs": [
    [
      0,
      -3
    ],
    [
      0,
      -2
    ],
    [
      0,
      -1
    ],
    [
      1,
      -3
    ],
    [
      1,
      -2
    ],
    [
      1,
      -1
    ],
    [
      2,
      -10
    ],
    [
      2,
      -9
    ],
    [
      2,
      -8
    ],
    [
      2,
      -7
    ],
    [
      2,
      -6
    ],
    [
      2,
      -5
    ],
    [
      2,
      -4
    ],
    [
      2,
      -3
    ],
    [
      2,
      -2
    ],
    [
      2,
      -1
    ]
  ],
  "omega_vector": [
    20000.0,
    17760.42578125,
    5926.83544921875,
    20000.0,
    10060.341796875,
    4332.263671875,
    9999.999999999998,
    9401.470592229487,
    7969.8641885423685,
    9999.999999999998,
    9999.999999999998,
    9999.999999999998,
    7497.880103533603,
    3695.180743429029,
    4791.900238008653,
    71.68133049876853
  ],
  "time_vector": [
    6.814449443481863e-05,
    7.641866250196472e-05,
    0.0001462052168790251,
    5.634267290588468e-05,
    0.00013017933815717697,
    0.0001981102832360193,
    2.2986836306924215e-05,
    4.851527712519127e-05,
    4.6063150597471955e-05,
    2.0645636120233704e-05,
    9.446171611875502e-05,
    8.40352674663111e-05,
    0.00013638546338413945,
    0.0002238438425327755,
    0.00016372357304490385,
    5.973699902881493e-05
  ],
  "detuning_vector": [
    0.0,
    0.0,
    0.0,
    0.0,
    0.0,
    0.0,
    19265.875141928518,
    17613.34714210306,
    12021.447943654373,
    2334.2842961695333,
    -2845.0094876158723,
    4393.891902067022,
    -2277.3343913724148,
    2780.357950716856,
    706.3893284013824,
    5976.8614861401775
  ],
  "omega_scales": [
    1.0,
    1.0,
    1.0,
    1.0,
    1.0,
    1.0,
    0.9999999999999998,
    0.9401470592229487,
    0.7969864188542368,
    0.9999999999999998,
    0.9999999999999998,
    0.9999999999999998,
    0.8158299204381745,
    1.1710038648594558,
    1.1279252818995804,
    1.0885091248408105
  ],
  "time_scales": [
    1.0,
    1.0,
    1.0,
    1.0,
    1.0,
    1.0,
    1.2499330534087554,
    1.1270742285722555,
    1.1480028472608672,
    1.1273812566744421,
    1.0681582816004211,
    0.6432777740571634,
    1.0167242154821114,
    0.8887616082301749,
    0.7440318084719959,
    1.3363633238601649
  ],
  "detuning_offsets": [
    0.0,
    0.0,
    0.0,
    0.0,
    0.0,
    0.0,
    8644.976704428518,
    6796.10300147806,
    1276.0670842793731,
    6753.125604763283,
    60.26590300912771,
    1013.9863844888969,
    -5467.356852309915,
    1984.9565224942,
    301.9296421220855,
    -6513.2605841723225
  ],
  "omega_lin_max_xyz": [
    20000.0,
    20000.0,
    10000.0
  ]
}