{
  "gen": 3,
  "fitness_penalized": 272.0,
  "raw_survivors": 272,
  "num_pulses": 280,
  "length_penalty": 0.0,
  "unique_pairs": [
    [
      0,
      -3
    ],
    [
      0,
      -2
    ],
    [
      0,
      -1
    ],
    [
      1,
      -3
    ],
    [
      1,
      -2
    ],
    [
      1,
      -1
    ],
    [
      2,
      -5
    ],
    [
      2,
      -4
    ],
    [
      2,
      -3
    ],
    [
      2,
      -2
    ],
    [
      2,
      -1
    ]
  ],
  "omega_vector": [
    12824.183735521325,
    19786.46902131159,
    6577.211246222806,
    11421.872858861232,
    22428.37851279817,
    3637.7011518588183,
    6403.007469384432,
    10760.075052756447,
    30876.108680699734,
    8009.921735471861,
    6350.176968475726
  ],
  "time_vector": [
    8.350978981483165e-05,
    9.099037865312599e-05,
    7.576749609864478e-05,
    8.502158245498417e-05,
    8.742684494037321e-05,
    7.292882393190276e-05,
    6.440287391584453e-05,
    4.7950823859409574e-05,
    5.396220098025316e-05,
    0.00011545073497446254,
    0.00020426511460505187
  ],
  "omega_scales": [
    0.9588543531482097,
    1.1506592753931968,
    1.1602200638337028,
    0.8540046476010089,
    1.3042964735134932,
    0.6416904831878955,
    0.6915248066935182,
    0.8300629326412113,
    1.1909356205412749,
    1.235816496329944,
    0.9797415894219689
  ],
  "time_scales": [
    0.9278865534981294,
    1.2998625521875142,
    1.082392801409211,
    0.944684249499824,
    1.2489549277196175,
    1.041840341884325,
    0.9200410559406361,
    0.9590164771881915,
    1.0792440196050634,
    0.5772536748723127,
    1.0213255730252593
  ]
}