{
  "gen": 8,
  "score": 17373.0,
  "n_bar": 22.277950310559007,
  "num_pulses": 260,
  "good": 0.69552,
  "unique_pairs": [
    [
      0,
      -3
    ],
    [
      0,
      -2
    ],
    [
      0,
      -1
    ],
    [
      1,
      -3
    ],
    [
      1,
      -2
    ],
    [
      1,
      -1
    ],
    [
      2,
      -10
    ],
    [
      2,
      -9
    ],
    [
      2,
      -8
    ],
    [
      2,
      -7
    ],
    [
      2,
      -6
    ],
    [
      2,
      -5
    ],
    [
      2,
      -4
    ],
    [
      2,
      -3
    ],
    [
      2,
      -2
    ],
    [
      2,
      -1
    ]
  ],
  "omega_vector": [
    15509.246966751303,
    9072.65706830241,
    7364.567716050327,
    13477.688645152659,
    13369.523941865655,
    7451.157757833117,
    11574.341537512839,
    15112.925326469272,
    12756.275962979405,
    12511.692463331327,
    6530.0463411628225,
    14955.047352524229,
    5693.877726321649,
    5628.78910784317,
    5039.169509592717,
    815.2059397238164
  ],
  "time_vector": [
    8.111782632252427e-05,
    0.00010083584860494043,
    0.00013084452978527503,
    8.723505736181902e-05,
    9.760902897218058e-05,
    0.00010743019724346396,
    3.4222264602758926e-05,
    3.958032489645313e-05,
    5.535309339748502e-05,
    1.819666934851835e-05,
    6.342416499057193e-05,
    0.00013835296391057916,
    9.83486951209846e-05,
    0.00017261274161052963,
    0.0001783885259168296,
    3.7108374405053176e-05
  ],
  "omega_scales": [
    0.8646491208773168,
    0.49088333660569217,
    0.8097052302705248,
    0.9571937722822081,
    1.0388365702286106,
    0.9320210248287152,
    1.2304734964043575,
    0.9206356731384281,
    0.9697245532317577,
    1.0824901371836155,
    0.7611614704932347,
    1.1580558621316392,
    1.118227359998591,
    0.9125856031562779,
    1.1809384447698124,
    1.0137861082366952
  ],
  "time_scales": [
    1.0292965615263592,
    0.8930037924373637,
    1.1015560528471067,
    1.107374678426219,
    0.8571789311084084,
    0.7928620774193821,
    0.8497651331202873,
    1.1664200746586404,
    1.3806317285469207,
    0.6909508535568544,
    0.9454929611372258,
    1.3082625726708073,
    1.1024973837959469,
    1.4133006469392297,
    1.2650508279525872,
    0.8748283006010746
  ]
}