{
  "gen": 28,
  "score": 18387.0,
  "n_bar": 18.841826335099878,
  "num_pulses": 260,
  "good": 0.68684,
  "unique_pairs": [
    [
      0,
      -3
    ],
    [
      0,
      -2
    ],
    [
      0,
      -1
    ],
    [
      1,
      -3
    ],
    [
      1,
      -2
    ],
    [
      1,
      -1
    ],
    [
      2,
      -10
    ],
    [
      2,
      -9
    ],
    [
      2,
      -8
    ],
    [
      2,
      -7
    ],
    [
      2,
      -6
    ],
    [
      2,
      -5
    ],
    [
      2,
      -4
    ],
    [
      2,
      -3
    ],
    [
      2,
      -2
    ],
    [
      2,
      -1
    ]
  ],
  "omega_vector": [
    21738.21665841896,
    11702.731659171377,
    5699.123729060615,
    17555.59043103338,
    8973.91330695196,
    5674.152530818181,
    13546.618845474743,
    21493.9100309222,
    14784.859031798123,
    10635.873117998262,
    9457.938406105699,
    17285.98951851513,
    5406.645367625337,
    5349.930877323232,
    5636.175487198403,
    1042.9036227042632
  ],
  "time_vector": [
    7.768644334477325e-05,
    8.942802973366894e-05,
    0.00017577587778611325,
    8.455990589275049e-05,
    0.00012407079410434112,
    0.00013953375068438342,
    4.2316760707735104e-05,
    3.6998073761550775e-05,
    4.4817543002700165e-05,
    3.068537840415638e-05,
    5.026844660198317e-05,
    0.00010798099291441266,
    0.00012670195231499914,
    0.0001609504321592433,
    0.0002198852056042377,
    6.0401598053056805e-05
  ],
  "omega_scales": [
    1.2119176361971205,
    0.6331856170697305,
    0.6265962198055648,
    1.246808875894754,
    0.6972895491162838,
    0.7097460057462996,
    1.440147191200852,
    1.3093467943653117,
    1.1239362381947318,
    0.9201974700314837,
    1.1024452092546568,
    1.3385542033261233,
    1.0618174584149402,
    0.8673748124127529,
    1.3208478701959323,
    1.296949829984681
  ],
  "time_scales": [
    0.985756061732438,
    0.7919759768695493,
    1.479824815279337,
    1.0734159113044843,
    1.0895597650340467,
    1.0297944365402265,
    1.0507576927895328,
    1.0903219231290637,
    1.1178511997642981,
    1.1651631402421059,
    0.7493746655796374,
    1.021065885376061,
    1.4203398507452092,
    1.3178132029734884,
    1.559326531650671,
    1.4239650274507665
  ]
}