{
  "gen": 21,
  "score": 3656.4876589426635,
  "score_SLM": 3647,
  "score_AOD": 3666,
  "survive_SLM": 0.7127,
  "survive_AOD": 0.7375,
  "nzbar_SLM": 15.157429493475515,
  "nzbar_AOD": 13.675796610169492,
  "num_pulses": 260,
  "unique_pairs": [
    [
      0,
      -3
    ],
    [
      0,
      -2
    ],
    [
      0,
      -1
    ],
    [
      1,
      -3
    ],
    [
      1,
      -2
    ],
    [
      1,
      -1
    ],
    [
      2,
      -10
    ],
    [
      2,
      -9
    ],
    [
      2,
      -8
    ],
    [
      2,
      -7
    ],
    [
      2,
      -6
    ],
    [
      2,
      -5
    ],
    [
      2,
      -4
    ],
    [
      2,
      -3
    ],
    [
      2,
      -2
    ],
    [
      2,
      -1
    ]
  ],
  "omega_vector": [
    20508.373046875,
    17760.42578125,
    5926.83544921875,
    25809.142578125,
    10060.341796875,
    4332.263671875,
    15836.918754636672,
    14250.13215088002,
    32200.61955444657,
    14969.49776474742,
    11198.405451762621,
    44746.48136156644,
    8319.938074060148,
    2231.8318621841318,
    4544.4246154577295,
    105.81181295750788
  ],
  "time_vector": [
    6.814449443481863e-05,
    7.641866250196472e-05,
    0.0001462052168790251,
    5.634267290588468e-05,
    0.00013017933815717697,
    0.0001981102832360193,
    1.4637164007399064e-05,
    4.1572520455850185e-05,
    7.108862986937661e-05,
    1.8491209208217146e-05,
    5.18817526051497e-05,
    8.384745398404138e-05,
    0.00010893699142810614,
    0.00020029132771848693,
    0.0001657488032116667,
    5.718841628598148e-05
  ],
  "detuning_vector": [
    0.0,
    0.0,
    0.0,
    0.0,
    0.0,
    0.0,
    1802.0594670547162,
    -2240.198984373743,
    1094.7266988094705,
    -3915.535668386447,
    -3795.595508794115,
    -1588.0952377551857,
    -1650.006575012855,
    3094.5405797912204,
    554.5823911323909,
    -435.8812144534061
  ],
  "omega_scales": [
    1.0,
    1.0,
    1.0,
    1.0,
    1.0,
    1.0,
    1.1499087777181647,
    0.8250412699151954,
    1.3191443243117296,
    0.9934874158563352,
    1.0979422794110745,
    1.8217029058988485,
    1.2948006305351274,
    1.0934333425301628,
    0.8238130335018639,
    0.5669217861013636
  ],
  "time_scales": [
    1.0,
    1.0,
    1.0,
    1.0,
    1.0,
    1.0,
    0.9185757571526774,
    1.0129104847348762,
    1.4534654873344324,
    1.0843536719091733,
    0.8704201602805267,
    0.8562895571324414,
    0.8350457226060299,
    1.1845627251146156,
    0.9898957432361954,
    1.1300638413905937
  ],
  "detuning_offsets": [
    0.0,
    0.0,
    0.0,
    0.0,
    0.0,
    0.0,
    2020.2621190322552,
    -2937.380441893274,
    5.834731036032963,
    -3050.489525808322,
    -3521.6621897023183,
    -2734.4376449817482,
    -1967.997297669105,
    2081.536551470908,
    110.94811378864081,
    -77.38451035184357
  ]
}