{
  "gen": 33,
  "fitness_penalized": 15700.0,
  "raw_survivors": 15700,
  "num_pulses": 280,
  "length_penalty": 0.0,
  "unique_pairs": [
    [
      0,
      -3
    ],
    [
      0,
      -2
    ],
    [
      0,
      -1
    ],
    [
      1,
      -3
    ],
    [
      1,
      -2
    ],
    [
      1,
      -1
    ],
    [
      2,
      -5
    ],
    [
      2,
      -4
    ],
    [
      2,
      -3
    ],
    [
      2,
      -2
    ],
    [
      2,
      -1
    ]
  ],
  "omega_vector": [
    13192.339081847122,
    14674.897625657024,
    8055.978839818171,
    10720.765282246162,
    20539.640433806526,
    7995.655751551006,
    11358.926627205545,
    19388.922910819754,
    31280.21114322606,
    5836.524701312263,
    648.1481481481484
  ],
  "time_vector": [
    0.00011308407897091243,
    0.00010076048953806562,
    9.121731884160228e-05,
    0.0001449946544498864,
    8.969026764601244e-05,
    0.0001187428380867428,
    6.856368553547687e-05,
    9.353478794811512e-05,
    4.292886627790625e-05,
    0.00024074618617592953,
    0.00037107833743567397
  ],
  "omega_scales": [
    0.9863810451965692,
    0.8534017388459006,
    1.4210746673439252,
    0.8015833734110206,
    1.1944590898429024,
    1.4104336745735973,
    1.2267640757381981,
    1.4957169102632377,
    1.2065224298101476,
    0.9004923824881774,
    0.1
  ],
  "time_scales": [
    1.2564897663434713,
    1.439435564829509,
    1.3031045548800324,
    1.6110517161098485,
    1.2812895378001778,
    1.6963262583820398,
    0.9794812219353839,
    1.8706957589623023,
    0.8585773255581252,
    1.2037309308796476,
    1.8553916871783698
  ]
}