{
  "gen": 12,
  "fitness": 68.0155733944954,
  "z_mean": 55.10057339449541,
  "good_frac": 0.872,
  "survive_frac": 0.9977,
  "num_pulses": 200,
  "z_dns": [
    -5,
    -4,
    -3,
    -2
  ],
  "omega_scales_z": [
    1.1282619362443713,
    0.33631499990729646,
    0.12921915714647964,
    0.11736077827314989
  ],
  "time_scales_z": [
    0.6627609323247193,
    0.9699378072499191,
    0.8818807093117557,
    0.1
  ]
}