{
  "gen": 8,
  "score": 3663.50071751445,
  "score_SLM": 3713,
  "score_AOD": 3738,
  "survive_SLM": 0.6894,
  "survive_AOD": 0.6916,
  "nzbar_SLM": 13.809544531476647,
  "nzbar_AOD": 11.753903990746096,
  "num_pulses": 260,
  "unique_pairs": [
    [
      0,
      -3
    ],
    [
      0,
      -2
    ],
    [
      0,
      -1
    ],
    [
      1,
      -3
    ],
    [
      1,
      -2
    ],
    [
      1,
      -1
    ],
    [
      2,
      -10
    ],
    [
      2,
      -9
    ],
    [
      2,
      -8
    ],
    [
      2,
      -7
    ],
    [
      2,
      -6
    ],
    [
      2,
      -5
    ],
    [
      2,
      -4
    ],
    [
      2,
      -3
    ],
    [
      2,
      -2
    ],
    [
      2,
      -1
    ]
  ],
  "omega_vector": [
    20508.373046875,
    17760.42578125,
    5926.83544921875,
    25809.142578125,
    10060.341796875,
    4332.263671875,
    7932.561304804955,
    29404.400244050248,
    43817.81494891838,
    22156.438853526568,
    9191.861133875018,
    47815.49123561233,
    10634.90445471885,
    2391.7623103986775,
    5349.97390429003,
    74.08004879153701
  ],
  "time_vector": [
    6.814449443481863e-05,
    7.641866250196472e-05,
    0.0001462052168790251,
    5.634267290588468e-05,
    0.00013017933815717697,
    0.0001981102832360193,
    1.807728623734796e-05,
    3.883642962005142e-05,
    4.385867581158708e-05,
    1.9290237597536748e-05,
    7.027314097479867e-05,
    0.0002067274744124512,
    0.00014328750275491908,
    0.00022690459345553783,
    0.00017410365011326213,
    3.446216700477503e-05
  ],
  "detuning_vector": [
    0.0,
    0.0,
    0.0,
    0.0,
    0.0,
    0.0,
    14118.48267956371,
    12557.216398841574,
    9920.340039926517,
    -5759.085955161276,
    -173.6639311788058,
    -379.77625200247667,
    3927.163903085194,
    1261.0523576255307,
    793.7897247531714,
    8600.229945884983
  ],
  "omega_scales": [
    1.0,
    1.0,
    1.0,
    1.0,
    1.0,
    1.0,
    0.7588207131321071,
    1.0356942762977521,
    1.113118079894154,
    0.929600237856123,
    0.7663752951695927,
    0.890295977715246,
    1.1571635095994548,
    0.7579501799154214,
    1.2592855703230177,
    1.1249346031548035
  ],
  "time_scales": [
    1.0,
    1.0,
    1.0,
    1.0,
    1.0,
    1.0,
    0.9829711789084306,
    0.9022217649415845,
    1.093062112680512,
    1.053367993972635,
    0.7946376647650344,
    1.5824688084655938,
    1.0681774304388796,
    0.9009141779936605,
    0.7912034366597774,
    0.7709455914199929
  ],
  "detuning_offsets": [
    0.0,
    0.0,
    0.0,
    0.0,
    0.0,
    0.0,
    3497.584242063708,
    1739.9722582165743,
    -825.0408194484826,
    -1340.2446465675257,
    2731.611459446194,
    -3759.6817695806017,
    737.1414421476941,
    465.65092940287445,
    389.3300384738746,
    -3889.892124427517
  ]
}