{
  "gen": 37,
  "score": 3598.0074838015194,
  "score_SLM": 3604,
  "score_AOD": 3607,
  "survive_SLM": 0.6334,
  "survive_AOD": 0.6901,
  "nzbar_SLM": 13.24581622987054,
  "nzbar_AOD": 10.269381249094334,
  "num_pulses": 260,
  "unique_pairs": [
    [
      0,
      -3
    ],
    [
      0,
      -2
    ],
    [
      0,
      -1
    ],
    [
      1,
      -3
    ],
    [
      1,
      -2
    ],
    [
      1,
      -1
    ],
    [
      2,
      -10
    ],
    [
      2,
      -9
    ],
    [
      2,
      -8
    ],
    [
      2,
      -7
    ],
    [
      2,
      -6
    ],
    [
      2,
      -5
    ],
    [
      2,
      -4
    ],
    [
      2,
      -3
    ],
    [
      2,
      -2
    ],
    [
      2,
      -1
    ]
  ],
  "omega_vector": [
    20508.373046875,
    17760.42578125,
    5926.83544921875,
    25809.142578125,
    10060.341796875,
    4332.263671875,
    15561.916564475343,
    33982.945091557354,
    48758.313059452565,
    18322.391153317687,
    8751.043607115207,
    85696.90446330637,
    10245.00493580131,
    4094.498329963794,
    3153.6906116902537,
    72.30079893104539
  ],
  "time_vector": [
    6.814449443481863e-05,
    7.641866250196472e-05,
    0.0001462052168790251,
    5.634267290588468e-05,
    0.00013017933815717697,
    0.0001981102832360193,
    2.2411080215602064e-05,
    6.542236319256843e-05,
    6.157217406721968e-05,
    9.668022852805455e-06,
    9.98774216723926e-05,
    0.00011017381537450818,
    9.736164527670919e-05,
    0.0003054416457034486,
    0.0002083258024286633,
    2.2991058840156882e-05
  ],
  "detuning_vector": [
    0.0,
    0.0,
    0.0,
    0.0,
    0.0,
    0.0,
    653.0969680640537,
    6977.18665476035,
    14740.159728736544,
    -6803.11076943392,
    -4063.2266661086305,
    8442.582184586285,
    -4897.245557497969,
    -548.7325122241473,
    -512.2429705105877,
    27131.642720781583
  ],
  "omega_scales": [
    1.0,
    1.0,
    1.0,
    1.0,
    1.0,
    1.0,
    1.4886370456418274,
    1.1969617278688882,
    1.23862314619948,
    0.7687381210860083,
    0.729621948130715,
    1.595625337620822,
    1.1147392924734074,
    1.2975477255271852,
    0.7423208321409062,
    1.0979159960078542
  ],
  "time_scales": [
    1.0,
    1.0,
    1.0,
    1.0,
    1.0,
    1.0,
    1.218625719087668,
    1.5198482600927177,
    1.534524456629097,
    0.5279347020298863,
    1.1293982312383763,
    0.8433645640731795,
    0.7258100676990589,
    1.2127419060728466,
    0.9467239240488998,
    0.5143279426520297
  ],
  "detuning_offsets": [
    0.0,
    0.0,
    0.0,
    0.0,
    0.0,
    0.0,
    -9967.801469435946,
    -3840.0574858646496,
    3994.7788693615444,
    -2384.26946084017,
    -1157.9512754836305,
    5062.676667008161,
    -8087.268018435469,
    -1344.1339404468035,
    -916.7026567898846,
    14641.520650469083
  ]
}