{
  "gen": 20,
  "fitness": 67.81283587217959,
  "z_mean": 55.04283587217959,
  "good_frac": 0.8731,
  "survive_frac": 0.9984,
  "num_pulses": 200,
  "z_dns": [
    -5,
    -4,
    -3,
    -2
  ],
  "omega_scales_z": [
    0.1,
    0.1,
    0.300740834471625,
    0.2686895186359367
  ],
  "time_scales_z": [
    0.8014548117205892,
    0.3137331116394996,
    0.1,
    0.4573188408464575
  ]
}