{
  "gen": 37,
  "score": 26706.0,
  "n_bar": 6.9161737467885525,
  "num_pulses": 260,
  "good": 0.66948,
  "unique_pairs": [
    [
      0,
      -3
    ],
    [
      0,
      -2
    ],
    [
      0,
      -1
    ],
    [
      1,
      -3
    ],
    [
      1,
      -2
    ],
    [
      1,
      -1
    ],
    [
      2,
      -10
    ],
    [
      2,
      -9
    ],
    [
      2,
      -8
    ],
    [
      2,
      -7
    ],
    [
      2,
      -6
    ],
    [
      2,
      -5
    ],
    [
      2,
      -4
    ],
    [
      2,
      -3
    ],
    [
      2,
      -2
    ],
    [
      2,
      -1
    ]
  ],
  "omega_vector": [
    16334.764507561673,
    27828.559946419522,
    4534.682273281732,
    13769.169804489455,
    12416.781681249664,
    7016.393258447026,
    4986.294568667596,
    24847.998193777108,
    15328.424652511225,
    7750.536766615735,
    20037.290057854778,
    18183.110633897428,
    3547.1672280437906,
    448.5441123175694,
    4.2670890527024445,
    302.0173803883527
  ],
  "time_vector": [
    8.021214474018572e-05,
    4.4633401398840914e-05,
    0.00016147820655447546,
    0.0001338098765819241,
    9.289969427574309e-05,
    0.0001259055753438155,
    4.1228494168127716e-05,
    4.465162555721e-05,
    7.046736207486128e-05,
    3.832948714320468e-05,
    7.078144514320231e-05,
    0.00018761425260169115,
    0.0001583761758728391,
    6.611748372469286e-05,
    5.934720460291228e-05,
    5.949746424939995e-05
  ],
  "omega_scales": [
    0.9106721816655483,
    1.5056863999805048,
    0.49857046548557526,
    0.9778949442561671,
    0.9648067463819394,
    0.8776389183901572,
    0.5300952362711172,
    1.5136681383057415,
    1.165257775156452,
    0.6705631258384255,
    2.3356056555060096,
    1.4080234829760596,
    0.6966323541779649,
    0.07272166205537137,
    0.001,
    0.37558733292286944
  ],
  "time_scales": [
    1.017804452075197,
    0.3952740743493009,
    1.3594553484573393,
    1.6986022997104666,
    0.8158226905655941,
    0.9292150492803222,
    1.0237351981757405,
    1.3158697547916733,
    1.7576158790066432,
    1.4554197447210397,
    1.0551712927078614,
    1.7740762311173799,
    1.7754106380426757,
    0.541349854305322,
    0.4208635613402017,
    1.4026501126464843
  ]
}