{
  "gen": 38,
  "fitness": 2479.9514536382176,
  "score_list": [
    2604,
    2803,
    2733,
    2578,
    2202
  ],
  "num_pulses": 200,
  "unique_pairs": [
    [
      0,
      -3
    ],
    [
      0,
      -2
    ],
    [
      0,
      -1
    ],
    [
      1,
      -3
    ],
    [
      1,
      -2
    ],
    [
      1,
      -1
    ],
    [
      2,
      -5
    ],
    [
      2,
      -4
    ],
    [
      2,
      -3
    ],
    [
      2,
      -2
    ]
  ],
  "omega_vector": [
    19308.222251036437,
    12692.626156141423,
    4679.841597455254,
    16564.594497084712,
    15901.41195806334,
    993.243170901028,
    6380.136573784815,
    6876.005174968068,
    3540.614265348371,
    3540.614265348371
  ],
  "time_vector": [
    5.825547730525817e-05,
    8.37546447137791e-05,
    5.703468460709045e-06,
    0.00011200680588782372,
    0.00011535919682786468,
    5e-06,
    6.448862612745118e-05,
    7.424616891328659e-05,
    9.923210958206117e-05,
    0.00010546766220508062
  ],
  "omega_scales": [
    0.7878965800576097,
    0.5179387625827014,
    0.3426233937687798,
    0.9847662023835942,
    0.9453399580191985,
    0.1,
    1.3918263027953097,
    1.5,
    1.5,
    1.5
  ],
  "time_scales": [
    0.8322211043608311,
    1.1964949244825585,
    0.1140693692141809,
    1.6000972269689104,
    1.6479885261123524,
    0.1,
    1.2897725225490235,
    1.484923378265732,
    0.49616054791030584,
    0.5273383110254031
  ]
}