{
  "gen": 31,
  "score": 3669.4436867248787,
  "score_SLM": 3835,
  "score_AOD": 3779,
  "survive_SLM": 0.6962,
  "survive_AOD": 0.6906,
  "nzbar_SLM": 14.51608733122666,
  "nzbar_AOD": 9.660295395308427,
  "num_pulses": 260,
  "unique_pairs": [
    [
      0,
      -3
    ],
    [
      0,
      -2
    ],
    [
      0,
      -1
    ],
    [
      1,
      -3
    ],
    [
      1,
      -2
    ],
    [
      1,
      -1
    ],
    [
      2,
      -10
    ],
    [
      2,
      -9
    ],
    [
      2,
      -8
    ],
    [
      2,
      -7
    ],
    [
      2,
      -6
    ],
    [
      2,
      -5
    ],
    [
      2,
      -4
    ],
    [
      2,
      -3
    ],
    [
      2,
      -2
    ],
    [
      2,
      -1
    ]
  ],
  "omega_vector": [
    20508.373046875,
    17760.42578125,
    5926.83544921875,
    25809.142578125,
    10060.341796875,
    4332.263671875,
    14621.341821033167,
    34605.2081201408,
    40011.95779719895,
    9305.06444361431,
    9460.330458548837,
    65703.22257915136,
    11474.023499268858,
    3056.6083945691794,
    2849.282621331111,
    63.65510114676589
  ],
  "time_vector": [
    6.814449443481863e-05,
    7.641866250196472e-05,
    0.0001462052168790251,
    5.634267290588468e-05,
    0.00013017933815717697,
    0.0001981102832360193,
    2.781740052467968e-05,
    5.6587933857938955e-05,
    6.526841594517334e-05,
    1.7477780256626205e-05,
    8.407647404424399e-05,
    3.8801177708921875e-05,
    0.00015334844763943172,
    0.00035681239309590514,
    0.00024300370724280248,
    2.7926613610513664e-05
  ],
  "detuning_vector": [
    0.0,
    0.0,
    0.0,
    0.0,
    0.0,
    0.0,
    10465.105971730962,
    19663.92956087128,
    -113.57698333383814,
    -10593.327474440357,
    7220.508720191892,
    5643.928403068558,
    -4893.233648629566,
    4028.442621128841,
    -437.4919448849091,
    19093.632353564884
  ],
  "omega_scales": [
    1.0,
    1.0,
    1.0,
    1.0,
    1.0,
    1.0,
    1.3986626262647572,
    1.2188793405971392,
    1.0164366636708209,
    0.39040525317423136,
    0.7887590382379719,
    1.223354885070834,
    1.2484664397477725,
    0.968640099612792,
    0.6706687836247616,
    0.9666276833702157
  ],
  "time_scales": [
    1.0,
    1.0,
    1.0,
    1.0,
    1.0,
    1.0,
    1.5125999903359306,
    1.314612750430268,
    1.626643561488775,
    0.9543964523468487,
    0.9507235918223089,
    0.2970173830576297,
    1.143179604724152,
    1.4167070790787588,
    1.1043155509174831,
    0.6247401576149267
  ],
  "detuning_offsets": [
    0.0,
    0.0,
    0.0,
    0.0,
    0.0,
    0.0,
    -155.79246576903915,
    8846.68542024628,
    -10858.957842708838,
    -6174.486165846607,
    10125.784110816892,
    2264.0228854904326,
    -8083.256109567066,
    3233.0411929061847,
    -841.951631164206,
    6603.510283252384
  ]
}