{
  "gen": 18,
  "score": 25715.0,
  "n_bar": 7.007337021890787,
  "num_pulses": 260,
  "good": 0.66512,
  "unique_pairs": [
    [
      0,
      -3
    ],
    [
      0,
      -2
    ],
    [
      0,
      -1
    ],
    [
      1,
      -3
    ],
    [
      1,
      -2
    ],
    [
      1,
      -1
    ],
    [
      2,
      -10
    ],
    [
      2,
      -9
    ],
    [
      2,
      -8
    ],
    [
      2,
      -7
    ],
    [
      2,
      -6
    ],
    [
      2,
      -5
    ],
    [
      2,
      -4
    ],
    [
      2,
      -3
    ],
    [
      2,
      -2
    ],
    [
      2,
      -1
    ]
  ],
  "omega_vector": [
    16149.044347698698,
    27663.722814520428,
    8313.862290262414,
    16176.52220925241,
    10125.169572467314,
    8617.24114300766,
    6114.596855609583,
    26014.624095494677,
    14111.311902811218,
    8343.818107033008,
    15891.213694614416,
    15462.244348251563,
    4434.620387456454,
    61.90419099490065,
    1671.079089702473,
    842.0731217708345
  ],
  "time_vector": [
    9.306925210821977e-05,
    6.568403216438597e-05,
    9.367960894253085e-05,
    9.418889781580251e-05,
    0.00011669118720890057,
    0.00011051034196535244,
    5.899686960366512e-05,
    4.468307467644529e-05,
    6.912626531222767e-05,
    2.9265122345577807e-05,
    0.00010069473515037022,
    0.00016658475794665222,
    0.00012208372603149145,
    7.656315450750364e-05,
    3.7607821380967786e-05,
    4.854600665184137e-05
  ],
  "omega_scales": [
    0.9003181797401826,
    1.496767755674435,
    0.9140764318729983,
    1.1488665989809894,
    0.7867442758157954,
    1.0778794628068387,
    0.6500455639433103,
    1.5847356119501308,
    1.0727335838594922,
    0.7218928081702893,
    1.8523267602969278,
    1.197331060685822,
    0.870920326500392,
    0.01003641678425392,
    0.3916203925118789,
    1.047198004052814
  ],
  "time_scales": [
    1.1809470929107047,
    0.5816987771400638,
    0.7886714135343851,
    1.1956477542908721,
    1.0247538386024169,
    0.8155943259455052,
    1.464937616910281,
    1.3167965507212758,
    1.7241658832087998,
    1.1112341976895468,
    1.5011023530606156,
    1.575221793874171,
    1.3685691344273014,
    0.6268758307617445,
    0.2666976776167076,
    1.1444699796500826
  ]
}