{
  "rank": 2,
  "score": 27253.0,
  "n_bar": 6.588561597104802,
  "num_pulses": 260,
  "good": 0.67422,
  "unique_pairs": [
    [
      0,
      -3
    ],
    [
      0,
      -2
    ],
    [
      0,
      -1
    ],
    [
      1,
      -3
    ],
    [
      1,
      -2
    ],
    [
      1,
      -1
    ],
    [
      2,
      -10
    ],
    [
      2,
      -9
    ],
    [
      2,
      -8
    ],
    [
      2,
      -7
    ],
    [
      2,
      -6
    ],
    [
      2,
      -5
    ],
    [
      2,
      -4
    ],
    [
      2,
      -3
    ],
    [
      2,
      -2
    ],
    [
      2,
      -1
    ]
  ],
  "omega_vector": [
    15806.613134389187,
    21720.524072948683,
    7096.760712894347,
    12361.070586856027,
    12544.373046275774,
    5859.937187391489,
    6398.811800008994,
    23470.095641710155,
    15983.816603851983,
    7706.649976075341,
    18004.329375615194,
    16558.450372953805,
    2591.070411907147,
    1182.5825960942207,
    2171.43060058998,
    713.4237327665548
  ],
  "time_vector": [
    9.615079839565726e-05,
    6.175347003967532e-05,
    0.00011042906612042411,
    0.00010897267699442309,
    9.833540719558068e-05,
    0.00012397358640170157,
    4.517139776593577e-05,
    5.1569763296266424e-05,
    6.215105026749432e-05,
    2.82506266968918e-05,
    9.402440112829003e-05,
    0.00019184873238849476,
    0.0001512008670867034,
    7.197662134908261e-05,
    7.792414867783396e-06,
    7.086873669334906e-05
  ],
  "omega_scales": [
    0.8812274496625867,
    1.1752062542961659,
    0.7802609044771885,
    0.877890868085516,
    0.9747208298310479,
    0.7329847038982579,
    0.6802605835392037,
    1.4297303025698933,
    1.2150802836260135,
    0.6667661161171706,
    2.0986377594906105,
    1.2822166369789778,
    0.5088633731776971,
    0.19173002062468286,
    0.5088786696904681,
    0.8872102548837348
  ],
  "time_scales": [
    1.2200485474446632,
    0.5468896598237712,
    0.9296820157085091,
    1.3833152266230966,
    0.8635578093297253,
    0.9149564813403948,
    1.1216405250021162,
    1.5197451590284907,
    1.5501881953668,
    1.0727124978683438,
    1.4016646408377036,
    1.81411737850752,
    1.6949748055701535,
    0.5893226917551785,
    0.05526028554569398,
    1.6707273622512848
  ]
}