{
  "rank": 4,
  "score": 26977.0,
  "n_bar": 6.3601857399640505,
  "num_pulses": 260,
  "good": 0.6676,
  "unique_pairs": [
    [
      0,
      -3
    ],
    [
      0,
      -2
    ],
    [
      0,
      -1
    ],
    [
      1,
      -3
    ],
    [
      1,
      -2
    ],
    [
      1,
      -1
    ],
    [
      2,
      -10
    ],
    [
      2,
      -9
    ],
    [
      2,
      -8
    ],
    [
      2,
      -7
    ],
    [
      2,
      -6
    ],
    [
      2,
      -5
    ],
    [
      2,
      -4
    ],
    [
      2,
      -3
    ],
    [
      2,
      -2
    ],
    [
      2,
      -1
    ]
  ],
  "omega_vector": [
    16469.66909706126,
    23752.94106540204,
    9051.558271199254,
    13019.554034650437,
    9376.896296668168,
    6202.663674463555,
    6561.543720382875,
    21475.93189841305,
    17340.66634538237,
    7602.8684005382975,
    19350.64849156772,
    14483.247562993058,
    3033.169635751373,
    630.0987992379097,
    978.44776256123,
    604.0276883638921
  ],
  "time_vector": [
    9.072975839027702e-05,
    5.935694716533891e-05,
    0.00010701935203201552,
    0.0001105487001075033,
    0.0001093085671461268,
    0.00012079154011160566,
    5.148980632780621e-05,
    4.426029894650833e-05,
    6.260626533676636e-05,
    2.9950602866158903e-05,
    8.522099458732298e-05,
    0.00017657961198957146,
    0.0001577429666684388,
    8.452706978534005e-05,
    2.301209895046743e-05,
    7.621150050220738e-05
  ],
  "omega_scales": [
    0.9181931873573913,
    1.2851717943930412,
    0.9951832010880216,
    0.9246567692703913,
    0.7286020677009089,
    0.7758543225667192,
    0.6975606877732172,
    1.308251618562693,
    1.3182271983859906,
    0.6577871124956003,
    2.2555686883864525,
    1.1215216740986722,
    0.5956877610024293,
    0.10215680170879755,
    0.22930099430232342,
    0.751165870627853
  ],
  "time_scales": [
    1.151261474486751,
    0.5256660171901886,
    0.9009762593522564,
    1.403321496359366,
    0.9599214512625991,
    0.8914721734200389,
    1.2785314658854774,
    1.3043374792061473,
    1.5615422919379993,
    1.1372627714752583,
    1.270428243484249,
    1.669732913072962,
    1.7683123080608896,
    0.6920819476991098,
    0.1631914086435603,
    1.796682784938299
  ]
}