{
  "rank": 5,
  "score": 26970.0,
  "n_bar": 6.56267501731354,
  "num_pulses": 260,
  "good": 0.66422,
  "unique_pairs": [
    [
      0,
      -3
    ],
    [
      0,
      -2
    ],
    [
      0,
      -1
    ],
    [
      1,
      -3
    ],
    [
      1,
      -2
    ],
    [
      1,
      -1
    ],
    [
      2,
      -10
    ],
    [
      2,
      -9
    ],
    [
      2,
      -8
    ],
    [
      2,
      -7
    ],
    [
      2,
      -6
    ],
    [
      2,
      -5
    ],
    [
      2,
      -4
    ],
    [
      2,
      -3
    ],
    [
      2,
      -2
    ],
    [
      2,
      -1
    ]
  ],
  "omega_vector": [
    14141.88647505127,
    23015.083381365075,
    8869.509549130518,
    14941.41140790857,
    10724.235684175494,
    7117.805466015835,
    7281.732101431511,
    24356.98557504608,
    15751.091465599102,
    7763.915433954787,
    17852.109609700405,
    16023.826391628896,
    2679.8892442354745,
    944.2415930350223,
    1031.7156797715327,
    644.0663045768341
  ],
  "time_vector": [
    8.917469338383606e-05,
    5.8039380396438806e-05,
    0.00011983559427298685,
    9.385660887890584e-05,
    0.00011729350521106293,
    0.0001150472143649088,
    4.73451268979714e-05,
    4.2713056507080444e-05,
    6.579183283864738e-05,
    2.9597311516700258e-05,
    9.275300630645144e-05,
    0.00016701726051877324,
    0.00016430399636016863,
    5.6097759339716405e-05,
    3.2427722370644265e-05,
    6.439822285251424e-05
  ],
  "omega_scales": [
    0.7884180150341128,
    1.2452494167308614,
    0.975167660718712,
    1.0611482669842036,
    0.8332928131858007,
    0.890323968512611,
    0.7741242410800375,
    1.483757070593842,
    1.1973886562754428,
    0.6717206251524174,
    2.0808945744030134,
    1.240817608208603,
    0.5263066083798738,
    0.15308821616791676,
    0.24178442657954924,
    0.8009576973697592
  ],
  "time_scales": [
    1.1315293991015507,
    0.5139976260604928,
    1.0088738477227068,
    1.191429629539554,
    1.030043249907062,
    0.8490775938533817,
    1.175615890066145,
    1.2587407175212977,
    1.6409975725117987,
    1.1238478462058392,
    1.382711378227886,
    1.5793115286488846,
    1.8418620187229506,
    0.45931139744915583,
    0.22996275585979253,
    1.518185281975668
  ]
}