{
  "gen": 9,
  "score": 15481.954333998017,
  "score_SLM": 17805,
  "score_AOD": 13462,
  "survive_SLM": 0.71938,
  "survive_AOD": 0.72662,
  "nzbar_SLM": 17.182351469320803,
  "nzbar_AOD": 23.76158101896452,
  "num_pulses": 260,
  "unique_pairs": [
    [
      0,
      -3
    ],
    [
      0,
      -2
    ],
    [
      0,
      -1
    ],
    [
      1,
      -3
    ],
    [
      1,
      -2
    ],
    [
      1,
      -1
    ],
    [
      2,
      -10
    ],
    [
      2,
      -9
    ],
    [
      2,
      -8
    ],
    [
      2,
      -7
    ],
    [
      2,
      -6
    ],
    [
      2,
      -5
    ],
    [
      2,
      -4
    ],
    [
      2,
      -3
    ],
    [
      2,
      -2
    ],
    [
      2,
      -1
    ]
  ],
  "omega_vector": [
    16270.113189864938,
    14791.978018486981,
    6849.426052795621,
    19328.976988977334,
    10399.563160441121,
    5044.996042979032,
    12661.280173947398,
    19416.2579277909,
    22324.11522005732,
    12246.835032620735,
    10616.472800092119,
    20487.049561846343,
    5821.883727431231,
    2785.381148934374,
    5334.530995392271,
    545.7526199827622
  ],
  "time_vector": [
    9.443200431642297e-05,
    0.00010232492175986389,
    0.00010575612508509455,
    5.954467062706323e-05,
    9.833377820660205e-05,
    0.0001490573534627656,
    2.2828025975293228e-05,
    4.021464693454324e-05,
    4.899529796607839e-05,
    2.2080948937223683e-05,
    4.305307084478432e-05,
    0.00011429925665252677,
    0.00010603322677657119,
    0.0001531343582396251,
    0.00023220461550200542,
    4.291966617904901e-05
  ],
  "detuning_vector": [
    299.42298058137357,
    271.6912464061928,
    -756.1593251766824,
    -485.68546198035176,
    523.4243415113508,
    -779.1802382957644,
    1276.6823716072836,
    -282.23106131407513,
    -522.7980698241264,
    32.17201557937926,
    493.0430013918666,
    670.3991293079042,
    -44.82488062153742,
    855.9320194332508,
    1095.025811130263,
    -635.8501249322837
  ],
  "omega_scales": [
    0.8833445800413922,
    1.017551256079058,
    0.8733313107900791,
    1.0407444167508388,
    0.8809198630156869,
    0.8916260192810294,
    0.8999673286972787,
    1.0408569600615336,
    1.0948652915312034,
    1.0472218782329805,
    1.0106873424831324,
    1.3926671690227463,
    1.155328929419559,
    1.2309518770691579,
    1.3338107019781276,
    0.924780213727736
  ],
  "time_scales": [
    1.2361372282517633,
    1.08952130489341,
    0.7864263017318512,
    0.8503866990057779,
    0.9400870288731649,
    0.9385474519080435,
    0.8574488486342611,
    0.9401649130260279,
    1.1943859342280363,
    1.0114375149835366,
    0.8752618768274187,
    0.7812931880879331,
    0.9156486259576557,
    0.8212819406757187,
    1.0530345197913953,
    0.9060476606943989
  ],
  "detuning_offsets": [
    299.42298058137357,
    271.6912464061928,
    -756.1593251766824,
    -485.68546198035176,
    523.4243415113508,
    -779.1802382957644,
    1276.6823716072836,
    -282.23106131407513,
    -522.7980698241264,
    32.17201557937926,
    493.0430013918666,
    670.3991293079042,
    -44.82488062153742,
    855.9320194332508,
    1095.025811130263,
    -635.8501249322837
  ]
}