{
  "gen": 11,
  "score": 3739.2263905786717,
  "score_SLM": 3899,
  "score_AOD": 3586,
  "survive_SLM": 0.6971,
  "survive_AOD": 0.7169,
  "nzbar_SLM": 14.115334959116339,
  "nzbar_AOD": 12.967638443297531,
  "num_pulses": 260,
  "unique_pairs": [
    [
      0,
      -3
    ],
    [
      0,
      -2
    ],
    [
      0,
      -1
    ],
    [
      1,
      -3
    ],
    [
      1,
      -2
    ],
    [
      1,
      -1
    ],
    [
      2,
      -10
    ],
    [
      2,
      -9
    ],
    [
      2,
      -8
    ],
    [
      2,
      -7
    ],
    [
      2,
      -6
    ],
    [
      2,
      -5
    ],
    [
      2,
      -4
    ],
    [
      2,
      -3
    ],
    [
      2,
      -2
    ],
    [
      2,
      -1
    ]
  ],
  "omega_vector": [
    20508.373046875,
    17760.42578125,
    5926.83544921875,
    25809.142578125,
    10060.341796875,
    4332.263671875,
    16935.277362414832,
    21889.754788114908,
    27141.485730059016,
    27317.967693727067,
    12254.154539650195,
    42692.24591114546,
    9101.36308483657,
    2426.7550162614148,
    3659.5071477418,
    195.8070594032249
  ],
  "time_vector": [
    6.814449443481863e-05,
    7.641866250196472e-05,
    0.0001462052168790251,
    5.634267290588468e-05,
    0.00013017933815717697,
    0.0001981102832360193,
    2.166778893919873e-05,
    3.6567125983567875e-05,
    3.990503428209661e-05,
    1.4771514740838833e-05,
    5.982578795073782e-05,
    0.0001387342334001528,
    8.91516451446484e-05,
    6.598369650778083e-05,
    0.00022714803797705172,
    6.153697851343619e-05
  ],
  "detuning_vector": [
    0.0,
    0.0,
    0.0,
    0.0,
    0.0,
    0.0,
    -17422.848035369967,
    8355.253335940575,
    3108.242321491278,
    -20865.046142578125,
    -3098.1380051142164,
    5438.133348774403,
    -12135.626619711458,
    -2009.4780099561676,
    694.321783268102,
    1842.5264219182673
  ],
  "omega_scales": [
    1.0,
    1.0,
    1.0,
    1.0,
    1.0,
    1.0,
    1.229659910102842,
    1.2673532355560126,
    1.1118896887575895,
    1.8130238941216532,
    1.2014526912312677,
    1.7380715995801672,
    1.4164108622054545,
    1.188931341062483,
    0.663395245736576,
    1.0491010856482592
  ],
  "time_scales": [
    1.0,
    1.0,
    1.0,
    1.0,
    1.0,
    1.0,
    1.3597924857976373,
    0.8909545271548426,
    0.8158912361442225,
    0.866224921719623,
    1.0036972407871447,
    1.4168191117637998,
    0.6833831094964682,
    0.39024069708225445,
    1.3565882318365377,
    1.2159930077222745
  ],
  "detuning_offsets": [
    0.0,
    0.0,
    0.0,
    0.0,
    0.0,
    0.0,
    -17204.645383392428,
    7658.071878421044,
    2019.3503537178403,
    -20000.0,
    -2824.2046860224195,
    4291.790941547841,
    -12453.617342367708,
    -3022.48203827648,
    250.68750592435197,
    2201.0231260198298
  ]
}