{
  "gen": 30,
  "score": 19171.0,
  "n_bar": 17.37948364492691,
  "num_pulses": 260,
  "good": 0.69642,
  "unique_pairs": [
    [
      0,
      -3
    ],
    [
      0,
      -2
    ],
    [
      0,
      -1
    ],
    [
      1,
      -3
    ],
    [
      1,
      -2
    ],
    [
      1,
      -1
    ],
    [
      2,
      -10
    ],
    [
      2,
      -9
    ],
    [
      2,
      -8
    ],
    [
      2,
      -7
    ],
    [
      2,
      -6
    ],
    [
      2,
      -5
    ],
    [
      2,
      -4
    ],
    [
      2,
      -3
    ],
    [
      2,
      -2
    ],
    [
      2,
      -1
    ]
  ],
  "omega_vector": [
    27027.185289086294,
    15891.249749017867,
    7433.920209159926,
    16104.165529259597,
    13554.299417234442,
    6706.369433987146,
    13609.348343940781,
    14063.33195609676,
    16802.880932190732,
    10852.146337516684,
    14767.056963154158,
    13737.155609335756,
    7151.037030954891,
    3608.859946516263,
    4455.343810906889,
    723.5416261076867
  ],
  "time_vector": [
    5.7574522614577903e-05,
    8.008350095627001e-05,
    0.00014906857437515752,
    0.00010904182141898174,
    9.531389918908063e-05,
    0.0001491909578094477,
    3.521521769884668e-05,
    5.0063677811061976e-05,
    4.403158922570766e-05,
    3.6148221222526646e-05,
    7.655872739898193e-05,
    0.00013158561884466275,
    9.764664181493423e-05,
    0.00015059316918561642,
    0.00021975034020666644,
    5.327521034876198e-05
  ],
  "omega_scales": [
    1.5067805709777724,
    0.8598087242695552,
    0.8173302638866539,
    1.143727782875674,
    1.0531939640991128,
    0.8388598813618975,
    1.446815992622949,
    0.8566974826041222,
    1.2773450693809973,
    0.9389090574327699,
    1.7212917344978937,
    1.0637474564546037,
    1.4044005938888906,
    0.5850980677902913,
    1.0441178414322565,
    0.8997928174167497
  ],
  "time_scales": [
    0.7305577681912239,
    0.7092206894176573,
    1.2549809354790729,
    1.3841929561417812,
    0.8370236553624177,
    1.101067072165156,
    0.8744209216741281,
    1.475361280202577,
    1.0982477294777315,
    1.3725942824971147,
    1.1412958748470918,
    1.2442707071130221,
    1.0946273054766191,
    1.2330110827790561,
    1.558370127184729,
    1.2559607495828662
  ]
}