{
  "gen": 33,
  "score": 19174.0,
  "n_bar": 16.934856978582722,
  "num_pulses": 260,
  "good": 0.6957,
  "unique_pairs": [
    [
      0,
      -3
    ],
    [
      0,
      -2
    ],
    [
      0,
      -1
    ],
    [
      1,
      -3
    ],
    [
      1,
      -2
    ],
    [
      1,
      -1
    ],
    [
      2,
      -10
    ],
    [
      2,
      -9
    ],
    [
      2,
      -8
    ],
    [
      2,
      -7
    ],
    [
      2,
      -6
    ],
    [
      2,
      -5
    ],
    [
      2,
      -4
    ],
    [
      2,
      -3
    ],
    [
      2,
      -2
    ],
    [
      2,
      -1
    ]
  ],
  "omega_vector": [
    20690.33191053817,
    16810.729779131692,
    8316.11716428083,
    15067.845198309045,
    11703.261451109869,
    5634.0151294661555,
    9579.250559784849,
    21555.02219983794,
    22745.146886685197,
    12537.051302749596,
    10649.827038350928,
    20090.008429002355,
    4791.442361682249,
    4526.77851559683,
    4817.616420579648,
    859.6425432278177
  ],
  "time_vector": [
    7.16539693506868e-05,
    8.483491806669846e-05,
    0.0001076349796525645,
    9.262213341063002e-05,
    7.951739986329526e-05,
    0.00013023973717636684,
    2.792613347992666e-05,
    3.553405584042427e-05,
    4.9181759664620084e-05,
    2.2985083119442946e-05,
    5.22005312402467e-05,
    0.00015721457528039106,
    0.0001228881977548018,
    0.00017624698228688897,
    0.0002174034652599836,
    6.168357464694915e-05
  ],
  "omega_scales": [
    1.1534974802747684,
    0.9095579236194906,
    0.9143243463951682,
    1.0701276728722373,
    0.9093649137564676,
    0.7047254568386149,
    1.0183744700318151,
    1.3130695708332234,
    1.7290726123276734,
    1.084684140404295,
    1.2413752652735852,
    1.5556856145663303,
    0.940997014727022,
    0.7339185787320697,
    1.1290170795775967,
    1.0690472504026132
  ],
  "time_scales": [
    0.9092105597003374,
    0.7512993108381795,
    0.9061591151646353,
    1.1757590159577107,
    0.6983026113164768,
    0.9612022618388238,
    0.6934273581705541,
    1.0471777625561172,
    1.2267046643833783,
    0.8727730606231789,
    0.778177132684582,
    1.4866175534237729,
    1.3775873320678131,
    1.4430567046387281,
    1.54172715040613,
    1.4541875694787048
  ]
}