{
  "gen": 38,
  "score": 3749.015870865313,
  "score_SLM": 3856,
  "score_AOD": 3645,
  "survive_SLM": 0.686,
  "survive_AOD": 0.6956,
  "nzbar_SLM": 13.454956268221574,
  "nzbar_AOD": 11.216072455434158,
  "num_pulses": 260,
  "unique_pairs": [
    [
      0,
      -3
    ],
    [
      0,
      -2
    ],
    [
      0,
      -1
    ],
    [
      1,
      -3
    ],
    [
      1,
      -2
    ],
    [
      1,
      -1
    ],
    [
      2,
      -10
    ],
    [
      2,
      -9
    ],
    [
      2,
      -8
    ],
    [
      2,
      -7
    ],
    [
      2,
      -6
    ],
    [
      2,
      -5
    ],
    [
      2,
      -4
    ],
    [
      2,
      -3
    ],
    [
      2,
      -2
    ],
    [
      2,
      -1
    ]
  ],
  "omega_vector": [
    20508.373046875,
    17760.42578125,
    5926.83544921875,
    25809.142578125,
    10060.341796875,
    4332.263671875,
    12877.217597553226,
    28622.08276931546,
    43070.645862538215,
    19551.812347525974,
    12873.988683982798,
    45939.4317205523,
    8008.621438728981,
    2521.7248399699142,
    4566.8795267630985,
    117.50498932860735
  ],
  "time_vector": [
    6.814449443481863e-05,
    7.641866250196472e-05,
    0.0001462052168790251,
    5.634267290588468e-05,
    0.00013017933815717697,
    0.0001981102832360193,
    2.149215540674265e-05,
    5.326021343256914e-05,
    4.1753057876459916e-05,
    1.8416479492733436e-05,
    9.208880376427464e-05,
    0.00013473823276027137,
    0.00013916952783636378,
    0.0002263144656864861,
    0.00021056872062390707,
    5.20458064147489e-05
  ],
  "detuning_vector": [
    0.0,
    0.0,
    0.0,
    0.0,
    0.0,
    0.0,
    6184.56611466467,
    -903.9160781879614,
    13437.818411765838,
    -671.6646473615874,
    1206.425189960305,
    4676.286609706571,
    6153.199681609801,
    1921.3673479307404,
    -275.02281732515814,
    9154.933596996783
  ],
  "omega_scales": [
    1.0,
    1.0,
    1.0,
    1.0,
    1.0,
    1.0,
    0.9350067255777235,
    1.6571354753475427,
    1.7644504615179684,
    1.297603956372902,
    1.2622240319562308,
    1.8702698785284375,
    1.2463515949612172,
    1.235459564597862,
    0.8278836585346939,
    0.6295718461297661
  ],
  "time_scales": [
    1.0,
    1.0,
    1.0,
    1.0,
    1.0,
    1.0,
    1.348770357127378,
    1.2976800062521805,
    0.8536755979911496,
    1.079971403531101,
    1.5449738551157917,
    1.3760100775517858,
    1.066790237304764,
    1.3384687358168526,
    1.2575721583830148,
    1.0284440057092403
  ],
  "detuning_offsets": [
    0.0,
    0.0,
    0.0,
    0.0,
    0.0,
    0.0,
    6402.768766642209,
    -1601.0975357074926,
    12348.9264439924,
    193.3814952165376,
    1480.358509052102,
    3529.9442024800082,
    5835.208958953551,
    908.3633196104278,
    -718.6570946689081,
    9513.430301098346
  ]
}