{
  "gen": 17,
  "score": 2829.234540158148,
  "score_SLM": 2859,
  "score_AOD": 2874,
  "survive_SLM": 0.7356,
  "survive_AOD": 0.7211,
  "nzbar_SLM": 32.958809135399676,
  "nzbar_AOD": 24.752322840105396,
  "num_pulses": 260,
  "unique_pairs": [
    [
      0,
      -3
    ],
    [
      0,
      -2
    ],
    [
      0,
      -1
    ],
    [
      1,
      -3
    ],
    [
      1,
      -2
    ],
    [
      1,
      -1
    ],
    [
      2,
      -10
    ],
    [
      2,
      -9
    ],
    [
      2,
      -8
    ],
    [
      2,
      -7
    ],
    [
      2,
      -6
    ],
    [
      2,
      -5
    ],
    [
      2,
      -4
    ],
    [
      2,
      -3
    ],
    [
      2,
      -2
    ],
    [
      2,
      -1
    ]
  ],
  "omega_vector": [
    20000.0,
    17760.42578125,
    5926.83544921875,
    20000.0,
    10060.341796875,
    4332.263671875,
    9209.808166430952,
    3960.241149526073,
    9252.195704533851,
    6158.473365270283,
    9683.576632137967,
    9999.999999999998,
    9999.999999999998,
    2146.1359031587754,
    4816.467179906792,
    49.79994551938195
  ],
  "time_vector": [
    6.814449443481863e-05,
    7.641866250196472e-05,
    0.0001462052168790251,
    5.634267290588468e-05,
    0.00013017933815717697,
    0.0001981102832360193,
    1.3760372113916202e-05,
    3.849828233265773e-05,
    3.937285990549073e-05,
    7.094810359649497e-06,
    9.455922343345e-05,
    0.00013591720981703163,
    0.00011602084454330317,
    0.00039319302056610553,
    0.0001965480517193093,
    3.4035564427188915e-05
  ],
  "detuning_vector": [
    0.0,
    0.0,
    0.0,
    0.0,
    0.0,
    0.0,
    21976.474128223195,
    -9182.755859375,
    20177.615147563665,
    1239.1398944627826,
    -14348.438428328554,
    -3838.8887327642087,
    2390.6463359426534,
    4611.021162869957,
    509.21141930329804,
    13403.931572534048
  ],
  "omega_scales": [
    1.0,
    1.0,
    1.0,
    1.0,
    1.0,
    1.0,
    0.9209808166430953,
    0.3960241149526073,
    0.9252195704533851,
    0.6158473365270283,
    0.9683576632137967,
    0.9999999999999998,
    1.0880807763966376,
    0.6801110991881939,
    1.133707888692201,
    0.7562317096688623
  ],
  "time_scales": [
    1.0,
    1.0,
    1.0,
    1.0,
    1.0,
    1.0,
    0.7482344983335977,
    0.8943661550045415,
    0.9812649523540683,
    0.387421156342552,
    1.069260879033408,
    1.0404265116691795,
    0.8649103740302274,
    1.561154675282366,
    0.8932006531048339,
    0.7614021585757133
  ],
  "detuning_offsets": [
    0.0,
    0.0,
    0.0,
    0.0,
    0.0,
    0.0,
    11355.575690723195,
    -20000.0,
    9432.234288188663,
    5657.981203056533,
    -11443.163037703554,
    -7218.794250342334,
    -799.3761249948466,
    3815.619734647301,
    104.75173302400117,
    913.8095022215471
  ],
  "omega_lin_max_xyz": [
    20000.0,
    20000.0,
    10000.0
  ]
}