{
  "gen": 7,
  "score": 13164.0,
  "n_bar": 33.1837558660829,
  "num_pulses": 260,
  "good": 0.76286,
  "unique_pairs": [
    [
      0,
      -3
    ],
    [
      0,
      -2
    ],
    [
      0,
      -1
    ],
    [
      1,
      -3
    ],
    [
      1,
      -2
    ],
    [
      1,
      -1
    ],
    [
      2,
      -10
    ],
    [
      2,
      -9
    ],
    [
      2,
      -8
    ],
    [
      2,
      -7
    ],
    [
      2,
      -6
    ],
    [
      2,
      -5
    ],
    [
      2,
      -4
    ],
    [
      2,
      -3
    ],
    [
      2,
      -2
    ],
    [
      2,
      -1
    ]
  ],
  "omega_vector": [
    22647.657804590333,
    19519.51929766067,
    7974.727905051953,
    18618.869311637533,
    13877.91937613696,
    6512.575261585723,
    8530.292757393117,
    16437.43207670557,
    10331.71745783964,
    8940.8837876765,
    6441.257045852506,
    7610.308109916608,
    4932.187498031247,
    5148.858264510544,
    4019.45009249128,
    1930.081416389532
  ],
  "time_vector": [
    7.495506730652414e-05,
    9.176365893187111e-05,
    0.00010323203462830401,
    9.286529398356873e-05,
    0.00010015568462453755,
    0.00012349924682982273,
    2.1751624718844217e-05,
    3.9224685738927104e-05,
    3.90594022677733e-05,
    2.0139765584242318e-05,
    7.659944953495932e-05,
    7.652131019916804e-05,
    9.71802287504332e-05,
    9.778484317730034e-05,
    0.0001425584082863662,
    7.590859150034e-05
  ],
  "omega_scales": [
    1.415478612786896,
    1.5015014844354362,
    0.8860808783391059,
    1.1636793319773457,
    1.0675322597028432,
    0.7236194735095247,
    0.7108577297827597,
    1.3697860063921308,
    1.1479686064266268,
    0.9934315319640554,
    1.0735428409754177,
    1.2683846849861014,
    1.2330468745078118,
    1.2872145661276362,
    1.3398166974970933,
    0.643360472129844
  ],
  "time_scales": [
    0.9369383413315517,
    1.0195962103541234,
    0.8602669552358666,
    1.160816174794609,
    1.1128409402726394,
    1.0291603902485225,
    0.7250541572948073,
    1.3074895246309035,
    1.3019800755924433,
    0.671325519474744,
    1.5319889906991864,
    1.5304262039833607,
    1.3882889821490458,
    1.3969263311042908,
    1.5839823142929577,
    0.8434287944482223
  ]
}