{
  "gen": 6,
  "fitness": 2054.7723661587934,
  "score_list": [
    1934,
    2330,
    2861,
    2212,
    1838
  ],
  "num_pulses": 200,
  "unique_pairs": [
    [
      0,
      -3
    ],
    [
      0,
      -2
    ],
    [
      0,
      -1
    ],
    [
      1,
      -3
    ],
    [
      1,
      -2
    ],
    [
      1,
      -1
    ],
    [
      2,
      -5
    ],
    [
      2,
      -4
    ],
    [
      2,
      -3
    ],
    [
      2,
      -2
    ]
  ],
  "omega_vector": [
    12261.541932036896,
    18964.738783423512,
    14119.600512019337,
    20752.411856969473,
    15436.785926666005,
    4413.190147632982,
    6876.005174968068,
    6876.005174968068,
    2576.3442910766244,
    2598.1541034275833
  ],
  "time_vector": [
    4.7125801960839343e-05,
    6.006438819649905e-05,
    4.985769644001167e-05,
    8.0565108196045e-05,
    9.921511452760214e-05,
    5.098327027400841e-05,
    7.086547575065216e-05,
    7.23665094647625e-05,
    0.0002638200213062775,
    0.00018649933880128604
  ],
  "omega_scales": [
    0.5003478222323792,
    0.7738803000542023,
    1.0337327333297037,
    1.2337322122968228,
    0.9177179107334505,
    0.44432121729359825,
    1.5,
    1.5,
    1.0914819144340469,
    1.1007217570361099
  ],
  "time_scales": [
    0.6732257422977049,
    0.8580626885214149,
    0.9971539288002335,
    1.1509301170863573,
    1.4173587789657447,
    1.0196654054801682,
    1.4173095150130433,
    1.4473301892952501,
    1.3191001065313874,
    0.9324966940064301
  ]
}