{
  "gen": 3,
  "fitness": 1989.8575868136113,
  "score_list": [
    1860,
    2234,
    3079,
    2173,
    1764
  ],
  "num_pulses": 200,
  "unique_pairs": [
    [
      0,
      -3
    ],
    [
      0,
      -2
    ],
    [
      0,
      -1
    ],
    [
      1,
      -3
    ],
    [
      1,
      -2
    ],
    [
      1,
      -1
    ],
    [
      2,
      -5
    ],
    [
      2,
      -4
    ],
    [
      2,
      -3
    ],
    [
      2,
      -2
    ]
  ],
  "omega_vector": [
    33716.85195961783,
    21383.957358210497,
    10624.07312836614,
    18189.36361472492,
    17224.3852803259,
    10006.49209800181,
    6100.379621281056,
    6805.608856633012,
    2916.9169604587837,
    3435.3298353407945
  ],
  "time_vector": [
    5.4754580749412174e-05,
    7.216622272441087e-05,
    5.5261417067160205e-05,
    6.873051994189186e-05,
    8.37387958956601e-05,
    5.6892500320584926e-05,
    6.286948625850956e-05,
    7.622620903449979e-05,
    0.0003427203027690531,
    0.00016230620839144413
  ],
  "omega_scales": [
    1.3758590513357911,
    0.8725995926283384,
    0.7778160681480863,
    1.081358830353466,
    1.0239908066499088,
    1.0074564206592376,
    1.3307973451262098,
    1.4846430485702662,
    1.2357673309712176,
    1.4553956931832486
  ],
  "time_scales": [
    0.782208296420174,
    1.0309460389201552,
    1.105228341343204,
    0.9818645705984551,
    1.1962685127951442,
    1.1378500064116985,
    1.257389725170191,
    1.5245241806899963,
    1.7136015138452656,
    0.8115310419572206
  ]
}