{
  "gen": 5,
  "score": 2881.0,
  "score_SLM": 2881,
  "score_AOD": 2932,
  "survive_SLM": 0.7338,
  "survive_AOD": 0.7241,
  "nzbar_SLM": 32.63954756064323,
  "nzbar_AOD": 30.073608617594253,
  "num_pulses": 260,
  "unique_pairs": [
    [
      0,
      -3
    ],
    [
      0,
      -2
    ],
    [
      0,
      -1
    ],
    [
      1,
      -3
    ],
    [
      1,
      -2
    ],
    [
      1,
      -1
    ],
    [
      2,
      -10
    ],
    [
      2,
      -9
    ],
    [
      2,
      -8
    ],
    [
      2,
      -7
    ],
    [
      2,
      -6
    ],
    [
      2,
      -5
    ],
    [
      2,
      -4
    ],
    [
      2,
      -3
    ],
    [
      2,
      -2
    ],
    [
      2,
      -1
    ]
  ],
  "omega_vector": [
    20000.0,
    17760.42578125,
    5926.83544921875,
    20000.0,
    10060.341796875,
    4332.263671875,
    6027.481949268696,
    7809.025699488251,
    9265.61026917835,
    9999.999999999998,
    9999.999999999998,
    7482.132427246208,
    9999.999999999998,
    4174.352022655171,
    4295.351434494203,
    51.21376934579872
  ],
  "time_vector": [
    6.814449443481863e-05,
    7.641866250196472e-05,
    0.0001462052168790251,
    5.634267290588468e-05,
    0.00013017933815717697,
    0.0001981102832360193,
    1.9762710468462756e-05,
    3.6419468015700255e-05,
    3.682132175494417e-05,
    1.946583045885199e-05,
    6.749203053344316e-05,
    0.00012219653868689588,
    0.00010417342970401473,
    0.00027357887529736867,
    0.000294176576502752,
    3.327904136033127e-05
  ],
  "detuning_vector": [
    0.0,
    0.0,
    0.0,
    0.0,
    0.0,
    0.0,
    27143.578360723834,
    5543.9202367711405,
    6788.6265171912355,
    4074.3741842081545,
    -2253.1917608670956,
    15815.296327084732,
    1015.3620310680408,
    -7780.507291022819,
    1283.1633097320994,
    17988.2998193311
  ],
  "omega_scales": [
    1.0,
    1.0,
    1.0,
    1.0,
    1.0,
    1.0,
    0.6027481949268696,
    0.7809025699488251,
    0.9265610269178352,
    0.9999999999999998,
    0.9999999999999998,
    0.7482132427246208,
    1.0880807763966376,
    1.3228533842371641,
    1.011046815870897,
    0.7777011791285349
  ],
  "time_scales": [
    1.0,
    1.0,
    1.0,
    1.0,
    1.0,
    1.0,
    1.0746178686641599,
    0.846072541498349,
    0.917674576452101,
    1.062956465817231,
    0.7631893037565953,
    0.935396765834165,
    0.7765904515173749,
    1.0862322520731837,
    1.336867539321369,
    0.7444781467130632
  ],
  "detuning_offsets": [
    0.0,
    0.0,
    0.0,
    0.0,
    0.0,
    0.0,
    16522.679923223834,
    -5273.3239038538595,
    -3956.7543421837645,
    8493.215492801904,
    652.0836297579044,
    12435.390809506607,
    -2174.660429869459,
    -8575.908719245475,
    878.7036234528025,
    5498.177749018601
  ],
  "omega_lin_max_xyz": [
    20000.0,
    20000.0,
    10000.0
  ]
}