{
  "gen": 6,
  "score": 11444.0,
  "n_bar": 35.31127266874128,
  "num_pulses": 260,
  "good": 0.74552,
  "unique_pairs": [
    [
      0,
      -3
    ],
    [
      0,
      -2
    ],
    [
      0,
      -1
    ],
    [
      1,
      -3
    ],
    [
      1,
      -2
    ],
    [
      1,
      -1
    ],
    [
      2,
      -10
    ],
    [
      2,
      -9
    ],
    [
      2,
      -8
    ],
    [
      2,
      -7
    ],
    [
      2,
      -6
    ],
    [
      2,
      -5
    ],
    [
      2,
      -4
    ],
    [
      2,
      -3
    ],
    [
      2,
      -2
    ],
    [
      2,
      -1
    ]
  ],
  "omega_vector": [
    12360.12811887825,
    11288.73681376221,
    10293.501299973237,
    15736.79273596679,
    17740.681653171014,
    8410.672303471418,
    11229.633501320664,
    15969.366824473698,
    9276.777634440312,
    11281.178522941173,
    8283.988788093675,
    6658.583708072748,
    5012.474920689202,
    6326.0272000984605,
    4732.2170101211095,
    1546.35409169651
  ],
  "time_vector": [
    7.807529867158468e-05,
    9.405827537539888e-05,
    0.00010022838127061685,
    8.731245921284538e-05,
    8.704795777491756e-05,
    0.0001190187412997591,
    3.686329420487618e-05,
    2.916809246757031e-05,
    3.4382455520925095e-05,
    3.79301279561121e-05,
    7.373647416610135e-05,
    5.235229291452046e-05,
    6.917383290844879e-05,
    9.492058860561063e-05,
    0.00011388103310213669,
    0.00010081372952419497
  ],
  "omega_scales": [
    0.7725080074298907,
    0.8683643702894008,
    1.143722366663693,
    0.9835495459979244,
    1.3646678194746933,
    0.9345191448301575,
    0.935802791776722,
    1.3307805687061416,
    1.030753070493368,
    1.253464280326797,
    1.3806647980156124,
    1.109763951345458,
    1.2531187301723006,
    1.581506800024615,
    1.5774056700403698,
    0.5154513638988367
  ],
  "time_scales": [
    0.9759412333948084,
    1.045091948615543,
    0.8352365105884735,
    1.0914057401605672,
    0.9671995308324173,
    0.9918228441646589,
    1.2287764734958728,
    0.9722697489190104,
    1.1460818506975032,
    1.2643375985370702,
    1.4747294833220268,
    1.0470458582904092,
    0.98819761297784,
    1.3560084086515805,
    1.2653448122459632,
    1.120152550268833
  ]
}