{
  "gen": 32,
  "fitness_penalized": 16006.0,
  "raw_survivors": 16006,
  "num_pulses": 280,
  "length_penalty": 0.0,
  "unique_pairs": [
    [
      0,
      -3
    ],
    [
      0,
      -2
    ],
    [
      0,
      -1
    ],
    [
      1,
      -3
    ],
    [
      1,
      -2
    ],
    [
      1,
      -1
    ],
    [
      2,
      -5
    ],
    [
      2,
      -4
    ],
    [
      2,
      -3
    ],
    [
      2,
      -2
    ],
    [
      2,
      -1
    ]
  ],
  "omega_vector": [
    11367.135676001752,
    16489.110245870623,
    8503.40136054422,
    11227.083057204949,
    16780.199412275968,
    6857.672063823715,
    12231.305858555304,
    19444.444444444453,
    37050.38244967288,
    7605.714062403645,
    3929.984453358696
  ],
  "time_vector": [
    5.841760393547294e-05,
    0.00010285439464646105,
    0.00011508880896867802,
    0.00012095531126183595,
    6.371913936224262e-05,
    9.384375510323897e-05,
    9.375273522440641e-05,
    0.00012130450108038804,
    4.3003053026686315e-05,
    0.00024041210595263955,
    0.00035902385739866984
  ],
  "omega_scales": [
    0.8499119905441308,
    0.9589051804521683,
    1.5,
    0.8394403639694775,
    0.9758331350523561,
    1.2096933520585031,
    1.3209810327239722,
    1.5,
    1.4290861802016674,
    1.1734530267708478,
    0.6063404585181986
  ],
  "time_scales": [
    0.6490844881719215,
    1.4693484949494438,
    1.6441258424096858,
    1.3439479029092882,
    0.9102734194606088,
    1.3406250729034137,
    1.3393247889200917,
    2.4260900216077608,
    0.8600610605337264,
    1.2020605297631977,
    1.7951192869933492
  ]
}