{
  "gen": 8,
  "score": 23651.0,
  "n_bar": 8.124256136870816,
  "num_pulses": 260,
  "good": 0.64528,
  "unique_pairs": [
    [
      0,
      -3
    ],
    [
      0,
      -2
    ],
    [
      0,
      -1
    ],
    [
      1,
      -3
    ],
    [
      1,
      -2
    ],
    [
      1,
      -1
    ],
    [
      2,
      -10
    ],
    [
      2,
      -9
    ],
    [
      2,
      -8
    ],
    [
      2,
      -7
    ],
    [
      2,
      -6
    ],
    [
      2,
      -5
    ],
    [
      2,
      -4
    ],
    [
      2,
      -3
    ],
    [
      2,
      -2
    ],
    [
      2,
      -1
    ]
  ],
  "omega_vector": [
    16321.094176253442,
    26412.644156119048,
    10509.758556730852,
    15956.012216537702,
    13576.249010938958,
    9769.943277324699,
    8694.610279109767,
    19411.17944803232,
    17675.46552414336,
    11980.841062255498,
    13088.065924466586,
    14277.525566451148,
    4257.141581218595,
    2843.4242673501535,
    1869.1619124067174,
    877.4723244788943
  ],
  "time_vector": [
    0.00011609549567692964,
    5.290096655275768e-05,
    0.00010301712168752237,
    9.658145458471402e-05,
    0.00010601771045971584,
    8.676180586571134e-05,
    2.520973721501453e-05,
    3.5629609482204134e-05,
    4.342907442095719e-05,
    2.194310604965913e-05,
    8.304769090712741e-05,
    0.0001785329542818337,
    0.00011942982626102324,
    7.975714019253911e-05,
    7.752132607874383e-05,
    5.6265899809997045e-05
  ],
  "omega_scales": [
    0.909910053112621,
    1.429077148439001,
    1.155506582378096,
    1.1332058430969731,
    1.054899487851571,
    1.2220641196702635,
    0.9243279607168404,
    1.1824728748080862,
    1.343678433918099,
    1.0365617859506533,
    1.5255835846343169,
    1.105591429382692,
    0.8360650544882069,
    0.46099933757213274,
    0.4380414585495783,
    1.09122027891534
  ],
  "time_scales": [
    1.4731249581792716,
    0.46849175574747126,
    0.8672822175142084,
    1.2260192226284337,
    0.9310219422049618,
    0.6403241118830787,
    0.6259771511063958,
    1.049993699167814,
    1.08321964332572,
    0.8332078560264147,
    1.238029814078927,
    1.6882036746696079,
    1.3388186883212445,
    0.6530272144478947,
    0.5497462195837639,
    1.3264661225867975
  ]
}