{
  "gen": 6,
  "score": 21742.0,
  "n_bar": 8.819157404404612,
  "num_pulses": 260,
  "good": 0.67838,
  "unique_pairs": [
    [
      0,
      -3
    ],
    [
      0,
      -2
    ],
    [
      0,
      -1
    ],
    [
      1,
      -3
    ],
    [
      1,
      -2
    ],
    [
      1,
      -1
    ],
    [
      2,
      -10
    ],
    [
      2,
      -9
    ],
    [
      2,
      -8
    ],
    [
      2,
      -7
    ],
    [
      2,
      -6
    ],
    [
      2,
      -5
    ],
    [
      2,
      -4
    ],
    [
      2,
      -3
    ],
    [
      2,
      -2
    ],
    [
      2,
      -1
    ]
  ],
  "omega_vector": [
    21574.89489252736,
    25300.761421223167,
    4208.1472211522105,
    13972.135666943399,
    15083.407251570838,
    10894.6485606967,
    9473.026489739406,
    18505.828805953093,
    17285.81191078202,
    10064.123127850316,
    13887.215658692727,
    13114.786171792808,
    4408.624590616961,
    2073.060325074448,
    1291.1323374572992,
    1257.589741902346
  ],
  "time_vector": [
    7.259944733832594e-05,
    9.231270060996867e-05,
    0.00013412758863806301,
    0.00011069255806195548,
    0.00014707797882937992,
    9.189547202657897e-05,
    2.240774715375675e-05,
    4.568163164308547e-05,
    5.3824581712248946e-05,
    3.616216494387149e-05,
    7.677940096062065e-05,
    0.0001448604933164929,
    0.000111865112151589,
    0.00010730164938155068,
    2.2583088119581412e-05,
    5.85413993368303e-05
  ],
  "omega_scales": [
    1.202812357159328,
    1.3689178475075399,
    0.4626692218864832,
    0.9923097051726597,
    1.17200845181303,
    1.3627468168976384,
    1.0070817409856319,
    1.12732153383394,
    1.314057196714658,
    0.8707306431346539,
    1.6187348357997915,
    1.015553789221813,
    0.8658149813089232,
    0.3361015967894964,
    0.3025791872423182,
    1.5639324348317456
  ],
  "time_scales": [
    0.9212076420408637,
    0.8175226655532708,
    1.1291955220482783,
    1.4051476504408589,
    1.2916033077071658,
    0.678211868971142,
    0.5564015842920802,
    1.346223719260858,
    1.3425071793923196,
    1.3731237434649683,
    1.1445855563000444,
    1.369797627082899,
    1.2540175884738505,
    0.8785532810246561,
    0.160149057662612,
    1.380110924225077
  ]
}