{
  "gen": 2,
  "fitness": 1771.1402302442816,
  "score_list": [
    1571,
    2050,
    2514,
    1988,
    1597
  ],
  "num_pulses": 200,
  "unique_pairs": [
    [
      0,
      -3
    ],
    [
      0,
      -2
    ],
    [
      0,
      -1
    ],
    [
      1,
      -3
    ],
    [
      1,
      -2
    ],
    [
      1,
      -1
    ],
    [
      2,
      -5
    ],
    [
      2,
      -4
    ],
    [
      2,
      -3
    ],
    [
      2,
      -2
    ]
  ],
  "omega_vector": [
    28178.610472078082,
    34445.4654673823,
    15391.941471440026,
    11869.197410314491,
    14153.688462345175,
    8182.796116399605,
    4598.645317805091,
    6390.47156826953,
    3425.237552271444,
    2871.9222936967963
  ],
  "time_vector": [
    6.866399323838469e-05,
    5.8046506947560366e-05,
    4.1780697818143686e-05,
    7.943974331864878e-05,
    7.642531034694958e-05,
    2.66149086896587e-05,
    4.7619193874894084e-05,
    5.418365091592183e-05,
    0.00019820187159851624,
    0.00011068732166921755
  ],
  "omega_scales": [
    1.1498640596253809,
    1.4055910527333095,
    1.1268841292625893,
    0.7056245452403734,
    0.8414376844079814,
    0.8238461996145939,
    1.003194122340036,
    1.394080881047157,
    1.4511200439683134,
    1.2167051019101425
  ],
  "time_scales": [
    0.9809141891197813,
    0.8292358135365766,
    0.8356139563628737,
    1.134853475980697,
    1.0917901478135654,
    0.532298173793174,
    0.9523838774978817,
    1.0836730183184369,
    0.9910093579925812,
    0.5534366083460878
  ]
}