{
  "gen": 22,
  "score": 25810.0,
  "n_bar": 7.378990606783654,
  "num_pulses": 260,
  "good": 0.66218,
  "unique_pairs": [
    [
      0,
      -3
    ],
    [
      0,
      -2
    ],
    [
      0,
      -1
    ],
    [
      1,
      -3
    ],
    [
      1,
      -2
    ],
    [
      1,
      -1
    ],
    [
      2,
      -10
    ],
    [
      2,
      -9
    ],
    [
      2,
      -8
    ],
    [
      2,
      -7
    ],
    [
      2,
      -6
    ],
    [
      2,
      -5
    ],
    [
      2,
      -4
    ],
    [
      2,
      -3
    ],
    [
      2,
      -2
    ],
    [
      2,
      -1
    ]
  ],
  "omega_vector": [
    20655.73417441674,
    26379.00547916045,
    6888.796810057967,
    12628.388812549558,
    9686.474788267053,
    7602.2094854505885,
    9041.151419256368,
    21287.93432068359,
    14531.890672773343,
    8836.529471834945,
    13096.243457066374,
    15384.893845143108,
    3258.501087738206,
    780.4976569957805,
    402.44492971041973,
    782.4344686775128
  ],
  "time_vector": [
    9.578426161717041e-05,
    5.969996220172152e-05,
    0.0001262621359049276,
    9.865963697185056e-05,
    0.00011943139906603047,
    0.00013424445525772092,
    3.623673390279698e-05,
    4.841894122806223e-05,
    5.12890020853763e-05,
    2.7004041129123074e-05,
    0.00011061856730520809,
    0.00014185038437038172,
    0.00014476537987071405,
    8.633389717180095e-05,
    2.828470785252252e-05,
    4.688079726860012e-05
  ],
  "omega_scales": [
    1.151568637295746,
    1.427257101030604,
    0.7573960919957852,
    0.8968759735875194,
    0.7526568851968454,
    0.9509151873940137,
    0.9611689064399411,
    1.2967993502041493,
    1.1047057331751633,
    0.7645213489883687,
    1.5265367819645448,
    1.1913413635988077,
    0.639940870533579,
    0.12654070199202805,
    0.09431369365388383,
    0.9730316675802895
  ],
  "time_scales": [
    1.215397596317479,
    0.528703763513451,
    1.062977720809,
    1.2523999762183728,
    1.0488177176865396,
    0.9907580960356615,
    0.8997859541496345,
    1.4268913959114484,
    1.279264071044619,
    1.025378046404478,
    1.649041446169705,
    1.3413341033350157,
    1.6228324369260916,
    0.706875700989666,
    0.2005823687556742,
    1.1052127414055657
  ]
}