{
  "gen": 34,
  "fitness": 2440.5005791518743,
  "score_list": [
    2390,
    2800,
    2840,
    2661,
    2159
  ],
  "num_pulses": 200,
  "unique_pairs": [
    [
      0,
      -3
    ],
    [
      0,
      -2
    ],
    [
      0,
      -1
    ],
    [
      1,
      -3
    ],
    [
      1,
      -2
    ],
    [
      1,
      -1
    ],
    [
      2,
      -5
    ],
    [
      2,
      -4
    ],
    [
      2,
      -3
    ],
    [
      2,
      -2
    ]
  ],
  "omega_vector": [
    18785.148508069185,
    14166.013732392488,
    1945.1844376109318,
    11265.967459568283,
    12503.516446204198,
    4067.36546653063,
    6538.658612634882,
    6598.785629199048,
    3143.543297398093,
    3510.0157077578897
  ],
  "time_vector": [
    7.393795878530882e-05,
    8.155871471973157e-05,
    3.6315926010601424e-05,
    9.277287479296296e-05,
    0.0001228243843128653,
    1.2189830884477604e-05,
    7.052585433894659e-05,
    7.327585680685243e-05,
    0.00011443039097703762,
    0.0001125841025777318
  ],
  "omega_scales": [
    0.7665518903268029,
    0.5780622176234819,
    0.14241201964674943,
    0.6697624860837226,
    0.7433348524973766,
    0.40950349176233336,
    1.4264078733765455,
    1.4395245774149,
    1.3317787798138427,
    1.4870367588938112
  ],
  "time_scales": [
    1.0562565540758404,
    1.165124495996165,
    0.7263185202120285,
    1.3253267827566138,
    1.7546340616123612,
    0.24379661768955208,
    1.4105170867789316,
    1.465517136137049,
    0.5721519548851881,
    0.562920512888659
  ]
}