{
  "gen": 15,
  "score": 3564.938568895683,
  "score_SLM": 3653,
  "score_AOD": 3479,
  "survive_SLM": 0.7111,
  "survive_AOD": 0.7169,
  "nzbar_SLM": 15.447053860216565,
  "nzbar_AOD": 12.708467010740689,
  "num_pulses": 260,
  "unique_pairs": [
    [
      0,
      -3
    ],
    [
      0,
      -2
    ],
    [
      0,
      -1
    ],
    [
      1,
      -3
    ],
    [
      1,
      -2
    ],
    [
      1,
      -1
    ],
    [
      2,
      -10
    ],
    [
      2,
      -9
    ],
    [
      2,
      -8
    ],
    [
      2,
      -7
    ],
    [
      2,
      -6
    ],
    [
      2,
      -5
    ],
    [
      2,
      -4
    ],
    [
      2,
      -3
    ],
    [
      2,
      -2
    ],
    [
      2,
      -1
    ]
  ],
  "omega_vector": [
    20508.373046875,
    17760.42578125,
    5926.83544921875,
    25809.142578125,
    10060.341796875,
    4332.263671875,
    13883.90143667638,
    16431.683262740138,
    42846.889942415044,
    21901.919935475515,
    17755.662056375768,
    29299.229010293293,
    5409.4695425539185,
    2277.055554414818,
    4003.572119780739,
    166.30705297587133
  ],
  "time_vector": [
    6.814449443481863e-05,
    7.641866250196472e-05,
    0.0001462052168790251,
    5.634267290588468e-05,
    0.00013017933815717697,
    0.0001981102832360193,
    8.735221306478106e-06,
    2.3318218417245136e-05,
    4.76856156471427e-05,
    1.43490880885131e-05,
    9.325469417817841e-05,
    0.0001647215064130843,
    0.00013975227168360127,
    0.00015964905577306088,
    0.0002347494840436589,
    6.611088456455897e-05
  ],
  "detuning_vector": [
    0.0,
    0.0,
    0.0,
    0.0,
    0.0,
    0.0,
    -628.1404286088657,
    5156.314694241011,
    -5644.497136458597,
    383.533767157136,
    -21.958548436567526,
    7128.7861045484415,
    5457.201299733217,
    -3536.9427843235444,
    171.51409504709625,
    2592.0090567774423
  ],
  "omega_scales": [
    1.0,
    1.0,
    1.0,
    1.0,
    1.0,
    1.0,
    1.0081014102780423,
    0.9513467441842764,
    1.7552839809922582,
    1.4535746075750233,
    1.74084535111751,
    1.192819837550209,
    0.8418553734668992,
    1.1155896231152793,
    0.7257673241231338,
    0.8910450438288724
  ],
  "time_scales": [
    1.0,
    1.0,
    1.0,
    1.0,
    1.0,
    1.0,
    0.5481910649794062,
    0.568146161483017,
    0.9749716194104571,
    0.8414531565849689,
    1.5645339985184825,
    1.6822133419041483,
    1.071257202571854,
    0.9441962501457668,
    1.4019860806171696,
    1.3063750497156024
  ],
  "detuning_offsets": [
    0.0,
    0.0,
    0.0,
    0.0,
    0.0,
    0.0,
    -409.93777663132664,
    4459.13323672148,
    -6733.389104232035,
    1248.579909735261,
    251.97477065522935,
    5982.443697321879,
    5139.210577076967,
    -4549.946812643857,
    -272.12018229665375,
    2950.505760879005
  ]
}