{
  "gen": 34,
  "score": 3740.9100497071563,
  "score_SLM": 4054,
  "score_AOD": 3452,
  "survive_SLM": 0.7005,
  "survive_AOD": 0.7183,
  "nzbar_SLM": 13.485224839400429,
  "nzbar_AOD": 12.735765000696087,
  "num_pulses": 260,
  "unique_pairs": [
    [
      0,
      -3
    ],
    [
      0,
      -2
    ],
    [
      0,
      -1
    ],
    [
      1,
      -3
    ],
    [
      1,
      -2
    ],
    [
      1,
      -1
    ],
    [
      2,
      -10
    ],
    [
      2,
      -9
    ],
    [
      2,
      -8
    ],
    [
      2,
      -7
    ],
    [
      2,
      -6
    ],
    [
      2,
      -5
    ],
    [
      2,
      -4
    ],
    [
      2,
      -3
    ],
    [
      2,
      -2
    ],
    [
      2,
      -1
    ]
  ],
  "omega_vector": [
    20508.373046875,
    17760.42578125,
    5926.83544921875,
    25809.142578125,
    10060.341796875,
    4332.263671875,
    17633.65692874927,
    29012.73508292974,
    38285.21795234122,
    22371.209049137487,
    11461.961002575103,
    46719.32366218416,
    5103.848751769969,
    2908.9585865994914,
    3823.7683239626476,
    124.3913790658357
  ],
  "time_vector": [
    6.814449443481863e-05,
    7.641866250196472e-05,
    0.0001462052168790251,
    5.634267290588468e-05,
    0.00013017933815717697,
    0.0001981102832360193,
    1.9995892552557753e-05,
    5.711524728831592e-05,
    3.87110653209573e-05,
    1.547495560602836e-05,
    7.791820592529527e-05,
    0.00011726995222902665,
    0.0001666604655137699,
    0.0002246541924542224,
    0.00022075122532786782,
    6.348851722320289e-05
  ],
  "detuning_vector": [
    0.0,
    0.0,
    0.0,
    0.0,
    0.0,
    0.0,
    5228.02946674305,
    10130.421837986112,
    10169.168311544248,
    -2869.4776741105534,
    7698.490806534726,
    -1594.1790136621985,
    3166.8042820929886,
    6501.16364919482,
    -77.24806681470136,
    -528.62203593682
  ],
  "omega_scales": [
    1.0,
    1.0,
    1.0,
    1.0,
    1.0,
    1.0,
    1.280368814148451,
    1.6797531098724077,
    1.5684085792658116,
    1.484720130033332,
    1.1237824566985428,
    1.9020205631214422,
    0.7942927607299763,
    1.425175598808115,
    0.6931725023355285,
    0.6664679568805325
  ],
  "time_scales": [
    1.0,
    1.0,
    1.0,
    1.0,
    1.0,
    1.0,
    1.2548702830769987,
    1.391607537435687,
    0.7914795590426484,
    0.9074758035062107,
    1.307233736038723,
    1.1976157973532275,
    1.2775192983611,
    1.32864954989978,
    1.3183847728129439,
    1.2545561202231186
  ],
  "detuning_offsets": [
    0.0,
    0.0,
    0.0,
    0.0,
    0.0,
    0.0,
    5446.232118720589,
    9433.240380466581,
    9080.27634377081,
    -2004.4315315324282,
    7972.424125626523,
    -2740.521420888761,
    2848.8135594367386,
    5488.159620874508,
    -520.8823441584514,
    -170.1253318352575
  ]
}