{
  "gen": 32,
  "score": 2561.571541357058,
  "score_SLM": 2772,
  "score_AOD": 2700,
  "survive_SLM": 0.7288,
  "survive_AOD": 0.7206,
  "nzbar_SLM": 36.298572996706916,
  "nzbar_AOD": 31.03330557868443,
  "num_pulses": 260,
  "unique_pairs": [
    [
      0,
      -3
    ],
    [
      0,
      -2
    ],
    [
      0,
      -1
    ],
    [
      1,
      -3
    ],
    [
      1,
      -2
    ],
    [
      1,
      -1
    ],
    [
      2,
      -10
    ],
    [
      2,
      -9
    ],
    [
      2,
      -8
    ],
    [
      2,
      -7
    ],
    [
      2,
      -6
    ],
    [
      2,
      -5
    ],
    [
      2,
      -4
    ],
    [
      2,
      -3
    ],
    [
      2,
      -2
    ],
    [
      2,
      -1
    ]
  ],
  "omega_vector": [
    20000.0,
    17760.42578125,
    5926.83544921875,
    20000.0,
    10060.341796875,
    4332.263671875,
    7479.696030776987,
    7759.319788549974,
    8933.14233730093,
    6391.567359579075,
    8321.036292224024,
    7997.266751498438,
    7939.856806660986,
    3373.556412152247,
    4543.386788777392,
    73.31276331785153
  ],
  "time_vector": [
    6.814449443481863e-05,
    7.641866250196472e-05,
    0.0001462052168790251,
    5.634267290588468e-05,
    0.00013017933815717697,
    0.0001981102832360193,
    1.6193328646684813e-05,
    3.557618938853257e-05,
    3.997881072653644e-05,
    2.5959447509927156e-05,
    0.00013268179481428494,
    0.00013548377946412678,
    9.748375105797117e-05,
    0.00021412633374701898,
    0.00022542898225651529,
    4.6200098774585446e-05
  ],
  "detuning_vector": [
    0.0,
    0.0,
    0.0,
    0.0,
    0.0,
    0.0,
    18213.98290660276,
    1051.1166306280393,
    20280.58788836932,
    -16203.033753042098,
    771.0246239501566,
    5019.10895904189,
    -5510.979153368375,
    14270.228796740586,
    -15743.355094633926,
    18178.792554144304
  ],
  "omega_scales": [
    1.0,
    1.0,
    1.0,
    1.0,
    1.0,
    1.0,
    0.7479696030776987,
    0.7759319788549974,
    0.893314233730093,
    0.6391567359579075,
    0.8321036292224023,
    0.7997266751498437,
    0.8639205558669815,
    1.0690810196433775,
    1.069429781501498,
    1.1132830722240434
  ],
  "time_scales": [
    1.0,
    1.0,
    1.0,
    1.0,
    1.0,
    1.0,
    0.8805290319183787,
    0.8264820606332407,
    0.9963666824536744,
    1.4175486958056784,
    1.5003449415455545,
    1.0371086652336075,
    0.7267203399639978,
    0.8501786897156518,
    1.0244482833532766,
    1.0335322926297617
  ],
  "detuning_offsets": [
    0.0,
    0.0,
    0.0,
    0.0,
    0.0,
    0.0,
    7593.08446910276,
    -9766.12750999696,
    9535.207028994319,
    -11784.192444448348,
    3676.3000145751566,
    1639.2034414637646,
    -8701.001614305875,
    13474.82736851793,
    -16147.814780913222,
    5688.670483831802
  ],
  "omega_lin_max_xyz": [
    20000.0,
    20000.0,
    10000.0
  ]
}