{
  "gen": 22,
  "fitness_penalized": 16340.0,
  "raw_survivors": 16340,
  "num_pulses": 280,
  "length_penalty": 0.0,
  "unique_pairs": [
    [
      0,
      -3
    ],
    [
      0,
      -2
    ],
    [
      0,
      -1
    ],
    [
      1,
      -3
    ],
    [
      1,
      -2
    ],
    [
      1,
      -1
    ],
    [
      2,
      -5
    ],
    [
      2,
      -4
    ],
    [
      2,
      -3
    ],
    [
      2,
      -2
    ],
    [
      2,
      -1
    ]
  ],
  "omega_vector": [
    14154.26894390136,
    20343.873889273793,
    7136.448561457565,
    14999.329249916345,
    21637.154383940317,
    6798.038728788243,
    13677.537528254923,
    18119.07773438778,
    29055.690077168136,
    8606.686064528874,
    648.1481481481484
  ],
  "time_vector": [
    6.667708020317686e-05,
    7.992075956880628e-05,
    0.00012097708654168253,
    8.473562596928995e-05,
    5.9707954598728036e-05,
    0.00010712759962114356,
    7.245081879858479e-05,
    0.00010500117135715222,
    6.159415513472556e-05,
    0.0002506310517544034,
    0.0003005214258675356
  ],
  "omega_scales": [
    1.0583038010363168,
    1.1830745123300757,
    1.2588695262411143,
    1.121488310070668,
    1.2582837472506827,
    1.199174031758246,
    1.477174053051531,
    1.3977574252241998,
    1.1207194744050561,
    1.3278887070987404,
    0.1
  ],
  "time_scales": [
    0.7408564467019652,
    1.1417251366972327,
    1.7282440934526073,
    0.9415069552143327,
    0.8529707799818291,
    1.5303942803020507,
    1.03501169712264,
    2.1000234271430442,
    1.2318831026945116,
    1.253155258772017,
    1.5026071293376781
  ]
}