{
  "gen": 1,
  "score": 16374.0,
  "n_bar": 25.295709403157925,
  "num_pulses": 260,
  "good": 0.70806,
  "unique_pairs": [
    [
      0,
      -3
    ],
    [
      0,
      -2
    ],
    [
      0,
      -1
    ],
    [
      1,
      -3
    ],
    [
      1,
      -2
    ],
    [
      1,
      -1
    ],
    [
      2,
      -10
    ],
    [
      2,
      -9
    ],
    [
      2,
      -8
    ],
    [
      2,
      -7
    ],
    [
      2,
      -6
    ],
    [
      2,
      -5
    ],
    [
      2,
      -4
    ],
    [
      2,
      -3
    ],
    [
      2,
      -2
    ],
    [
      2,
      -1
    ]
  ],
  "omega_vector": [
    16789.371863859396,
    17141.91837448036,
    8324.463453405157,
    15150.444689116557,
    15426.371133840845,
    7457.6797123122315,
    8420.757062991735,
    18414.464265175677,
    15281.686501685503,
    10317.29023804018,
    6364.607180438386,
    13481.68247891806,
    4594.910598350365,
    6918.591994193459,
    4470.522462668769,
    655.8224151455535
  ],
  "time_vector": [
    7.025921695071032e-05,
    7.33883755381707e-05,
    0.00011998059998091503,
    8.053857309346077e-05,
    9.75706616650185e-05,
    0.00014071448104314714,
    4.4035311972125136e-05,
    3.137746187436148e-05,
    2.991887781365657e-05,
    3.262656557444038e-05,
    6.67059090240226e-05,
    0.0001210629578918335,
    7.250174973970293e-05,
    0.00010544844802147496,
    0.00017341242004972695,
    4.2459424769532476e-05
  ],
  "omega_scales": [
    0.9360167939352391,
    0.9274771463462597,
    0.9152419880298006,
    1.0759939397282436,
    1.1986573754934005,
    0.9328368173397676,
    0.8952145011523198,
    1.1217558704244688,
    1.1617047685767976,
    0.8926342265741429,
    0.7418773937386195,
    1.0439646935302591,
    0.9023999100068871,
    1.121699059432793,
    1.0476749857932974,
    0.8155775388119106
  ],
  "time_scales": [
    0.8915126760838753,
    0.6499285579790615,
    1.0100946241321433,
    1.022368519921587,
    0.8568419986781916,
    1.0385085257734425,
    1.0934306415528563,
    0.9246842090821517,
    0.7462446894418655,
    1.2388725046610705,
    0.9944154165505994,
    1.1447686574251772,
    0.8127508891736754,
    0.8633798317377357,
    1.2297625334011042,
    1.000979078473757
  ]
}