{
  "gen": 13,
  "score": 3699.9075664129773,
  "score_SLM": 4132,
  "score_AOD": 3313,
  "survive_SLM": 0.7197,
  "survive_AOD": 0.7211,
  "nzbar_SLM": 13.75531471446436,
  "nzbar_AOD": 15.829843294966023,
  "num_pulses": 260,
  "unique_pairs": [
    [
      0,
      -3
    ],
    [
      0,
      -2
    ],
    [
      0,
      -1
    ],
    [
      1,
      -3
    ],
    [
      1,
      -2
    ],
    [
      1,
      -1
    ],
    [
      2,
      -10
    ],
    [
      2,
      -9
    ],
    [
      2,
      -8
    ],
    [
      2,
      -7
    ],
    [
      2,
      -6
    ],
    [
      2,
      -5
    ],
    [
      2,
      -4
    ],
    [
      2,
      -3
    ],
    [
      2,
      -2
    ],
    [
      2,
      -1
    ]
  ],
  "omega_vector": [
    20508.373046875,
    17760.42578125,
    5926.83544921875,
    25809.142578125,
    10060.341796875,
    4332.263671875,
    14842.88720864051,
    31450.749318673876,
    35781.54767375975,
    23551.914649580358,
    9206.267514807043,
    37119.48819079834,
    5636.483762336074,
    2762.645497151787,
    4121.954141352966,
    222.16947621405478
  ],
  "time_vector": [
    6.814449443481863e-05,
    7.641866250196472e-05,
    0.0001462052168790251,
    5.634267290588468e-05,
    0.00013017933815717697,
    0.0001981102832360193,
    1.1884662319853562e-05,
    3.1560076098883105e-05,
    5.077115553980208e-05,
    1.9864485676375027e-05,
    5.842566699650767e-05,
    0.00014016597360938423,
    0.00010734217776227754,
    0.00012672612115575643,
    0.00021827901802529427,
    4.521165056099549e-05
  ],
  "detuning_vector": [
    0.0,
    0.0,
    0.0,
    0.0,
    0.0,
    0.0,
    -4586.607642641755,
    -4677.544600102186,
    3377.1294002084633,
    6474.67801598296,
    3573.100131775265,
    224.2574160378747,
    -1156.7332067602556,
    3577.782487518659,
    -32.08408335534591,
    -5708.922017256188
  ],
  "omega_scales": [
    1.0,
    1.0,
    1.0,
    1.0,
    1.0,
    1.0,
    1.0777327681181226,
    1.8209070542591936,
    1.4658421540343243,
    1.5630805516256647,
    0.902624073008929,
    1.511195460404088,
    0.8771847415821274,
    1.3534929540885643,
    0.7472276102002253,
    1.1903464533119443
  ],
  "time_scales": [
    1.0,
    1.0,
    1.0,
    1.0,
    1.0,
    1.0,
    0.7458386531328659,
    0.7689582356099537,
    1.0380580194721063,
    1.164884769904199,
    0.9802074116237375,
    1.4314407148231465,
    0.8228208363433804,
    0.7494834705497442,
    1.3036200961589002,
    0.89339860808651
  ],
  "detuning_offsets": [
    0.0,
    0.0,
    0.0,
    0.0,
    0.0,
    0.0,
    -4368.404990664216,
    -5374.726057621718,
    2288.2374324350258,
    7339.724158561085,
    3847.0334508670617,
    -922.0849911886878,
    -1474.7239294165056,
    2564.7784591983464,
    -475.7183606990959,
    -5350.425313154626
  ]
}