{
  "gen": 35,
  "fitness_penalized": 16971.0,
  "raw_survivors": 16971,
  "num_pulses": 280,
  "length_penalty": 0.0,
  "unique_pairs": [
    [
      0,
      -3
    ],
    [
      0,
      -2
    ],
    [
      0,
      -1
    ],
    [
      1,
      -3
    ],
    [
      1,
      -2
    ],
    [
      1,
      -1
    ],
    [
      2,
      -5
    ],
    [
      2,
      -4
    ],
    [
      2,
      -3
    ],
    [
      2,
      -2
    ],
    [
      2,
      -1
    ]
  ],
  "omega_vector": [
    12107.57970518624,
    23589.104424774603,
    8503.40136054422,
    4879.119157404731,
    17266.469760041415,
    7522.9663541808695,
    11455.385832662258,
    17760.442632282884,
    38888.888888888905,
    6408.619728084058,
    1891.7498418986386
  ],
  "time_vector": [
    0.00012615734394543662,
    7.467789636657534e-05,
    6.683965008468335e-05,
    0.00016962119020610592,
    0.00010098642675296734,
    0.00010643218534439234,
    0.00012341904607644438,
    0.0001208818394945467,
    5.300153907484536e-05,
    0.00027748414743745384,
    0.00022145773496195693
  ],
  "omega_scales": [
    0.9052744210339247,
    1.3717971496253536,
    1.5,
    0.36480798623056904,
    1.0041116260454852,
    1.3270512648775052,
    1.237181669927523,
    1.3700912887761079,
    1.5,
    0.9887584723329688,
    0.29186997560721845
  ],
  "time_scales": [
    1.4017482660604068,
    1.0668270909510764,
    0.9548521440669049,
    1.8846798911789544,
    1.442663239328105,
    1.5204597906341761,
    1.7631292296634913,
    2.417636789890934,
    1.0600307814969074,
    1.387420737187269,
    1.1072886748097845
  ]
}