{
  "gen": 9,
  "score": 3616.6946235478604,
  "score_SLM": 3893,
  "score_AOD": 3360,
  "survive_SLM": 0.7125,
  "survive_AOD": 0.7067,
  "nzbar_SLM": 15.951719298245614,
  "nzbar_AOD": 15.409791990943823,
  "num_pulses": 260,
  "unique_pairs": [
    [
      0,
      -3
    ],
    [
      0,
      -2
    ],
    [
      0,
      -1
    ],
    [
      1,
      -3
    ],
    [
      1,
      -2
    ],
    [
      1,
      -1
    ],
    [
      2,
      -10
    ],
    [
      2,
      -9
    ],
    [
      2,
      -8
    ],
    [
      2,
      -7
    ],
    [
      2,
      -6
    ],
    [
      2,
      -5
    ],
    [
      2,
      -4
    ],
    [
      2,
      -3
    ],
    [
      2,
      -2
    ],
    [
      2,
      -1
    ]
  ],
  "omega_vector": [
    20508.373046875,
    17760.42578125,
    5926.83544921875,
    25809.142578125,
    10060.341796875,
    4332.263671875,
    15521.827444978697,
    21055.84500772541,
    29968.01033094593,
    25969.95139416821,
    12859.601147395842,
    38685.56554400247,
    3145.5125741157663,
    2272.892425343083,
    4753.068989420732,
    179.02860260067806
  ],
  "time_vector": [
    6.814449443481863e-05,
    7.641866250196472e-05,
    0.0001462052168790251,
    5.634267290588468e-05,
    0.00013017933815717697,
    0.0001981102832360193,
    1.8101725101422737e-05,
    4.5673064668134455e-05,
    5.9142635147176224e-05,
    2.36474772308785e-05,
    6.828077596981885e-05,
    8.114396949647186e-05,
    0.00010904460493428944,
    0.00020394805762460934,
    0.00029002751027163185,
    7.317172585179228e-05
  ],
  "detuning_vector": [
    0.0,
    0.0,
    0.0,
    0.0,
    0.0,
    0.0,
    -7849.198907907978,
    6613.368712513535,
    3585.286107574875,
    -5249.350100075348,
    266.1664653450873,
    4938.066060732559,
    3204.5735130919634,
    -407.04045913516643,
    439.7339494924555,
    -4532.454039574456
  ],
  "omega_scales": [
    1.0,
    1.0,
    1.0,
    1.0,
    1.0,
    1.0,
    1.1270301945561252,
    1.219072280900812,
    1.227682301955076,
    1.7235594878317642,
    1.2608134128476947,
    1.5749530471099953,
    0.48952427627069156,
    1.1135499962897006,
    0.8616360736405206,
    0.9592049537074492
  ],
  "time_scales": [
    1.0,
    1.0,
    1.0,
    1.0,
    1.0,
    1.0,
    1.1359991479499503,
    1.1128198522737685,
    1.2092198031441233,
    1.3867253611135795,
    1.1455465742656743,
    0.8286803045603127,
    0.835870623283522,
    1.2061893526473495,
    1.732121090929676,
    1.445899833696307
  ],
  "detuning_offsets": [
    0.0,
    0.0,
    0.0,
    0.0,
    0.0,
    0.0,
    -7630.996255930439,
    5916.1872549940035,
    2496.3941398014376,
    -4384.303957497223,
    540.0997844368842,
    3791.7236535059965,
    2886.5827904357134,
    -1420.044487455479,
    -3.9003278512944917,
    -4173.957335472894
  ]
}