{
  "gen": 12,
  "score": 15920.789930151079,
  "score_SLM": 17936,
  "score_AOD": 14132,
  "survive_SLM": 0.71716,
  "survive_AOD": 0.74466,
  "nzbar_SLM": 21.152713480952645,
  "nzbar_AOD": 19.78774205677759,
  "num_pulses": 260,
  "unique_pairs": [
    [
      0,
      -3
    ],
    [
      0,
      -2
    ],
    [
      0,
      -1
    ],
    [
      1,
      -3
    ],
    [
      1,
      -2
    ],
    [
      1,
      -1
    ],
    [
      2,
      -10
    ],
    [
      2,
      -9
    ],
    [
      2,
      -8
    ],
    [
      2,
      -7
    ],
    [
      2,
      -6
    ],
    [
      2,
      -5
    ],
    [
      2,
      -4
    ],
    [
      2,
      -3
    ],
    [
      2,
      -2
    ],
    [
      2,
      -1
    ]
  ],
  "omega_vector": [
    19778.913364006192,
    14408.23371608766,
    7907.258288182466,
    22783.775420716294,
    13009.184224775317,
    4292.740605305105,
    14041.27486709016,
    20288.33999184217,
    19990.068776476382,
    12800.533666621504,
    9021.617050315584,
    19851.852182695344,
    2848.3175666819384,
    2979.4580913780733,
    4797.803585568455,
    398.33214659168846
  ],
  "time_vector": [
    7.48413077485766e-05,
    9.46075023261164e-05,
    0.0001202961133910887,
    5.937636582736228e-05,
    8.497751863194635e-05,
    0.00019254191015998385,
    2.114952646770916e-05,
    4.6630045609090946e-05,
    5.3478260255600184e-05,
    1.724073785402429e-05,
    6.16946610841867e-05,
    6.56664415039221e-05,
    0.00012506530372773645,
    0.00017111662322011797,
    0.00022076932000924328,
    5.129123249950657e-05
  ],
  "detuning_vector": [
    947.5104753134478,
    -1174.630322030599,
    -875.5467690425533,
    -6.637638801593084,
    -835.4514543219644,
    148.78060103227756,
    514.8834199831239,
    -664.2892618356914,
    668.47549211388,
    -446.59850473296086,
    -1512.3359037448197,
    -186.2971776727989,
    1420.9851087978514,
    -201.24575828668125,
    -393.64243878337606,
    -1566.0699617803066
  ],
  "omega_scales": [
    1.073845996971098,
    0.9911531978591506,
    1.0082094751217203,
    1.226763686207381,
    1.1019740549129762,
    0.7586763567517303,
    0.9980577366608923,
    1.0876070954114234,
    0.9803941729803267,
    1.0945684230283372,
    0.8588572055122543,
    1.3494877676588555,
    0.5652369300088256,
    1.3167208845489107,
    1.1996109449823649,
    0.6749755734957802
  ],
  "time_scales": [
    0.9796903855716772,
    1.0073488219121973,
    0.8945489208379,
    0.8479830554632528,
    0.8123989992927675,
    1.2123502461842743,
    0.7944023341538233,
    1.0901483940870669,
    1.3036696272466322,
    0.7897273392159501,
    1.2542423523156998,
    0.448863316661429,
    1.079999892435433,
    0.9177234555042484,
    1.0011761152034404,
    1.0827740604141893
  ],
  "detuning_offsets": [
    947.5104753134478,
    -1174.630322030599,
    -875.5467690425533,
    -6.637638801593084,
    -835.4514543219644,
    148.78060103227756,
    514.8834199831239,
    -664.2892618356914,
    668.47549211388,
    -446.59850473296086,
    -1512.3359037448197,
    -186.2971776727989,
    1420.9851087978514,
    -201.24575828668125,
    -393.64243878337606,
    -1566.0699617803066
  ]
}