{
  "gen": 45,
  "fitness": 2510.8092892124237,
  "score_list": [
    2391,
    3035,
    3744,
    2886,
    1989
  ],
  "num_pulses": 200,
  "unique_pairs": [
    [
      0,
      -3
    ],
    [
      0,
      -2
    ],
    [
      0,
      -1
    ],
    [
      1,
      -3
    ],
    [
      1,
      -2
    ],
    [
      1,
      -1
    ],
    [
      2,
      -5
    ],
    [
      2,
      -4
    ],
    [
      2,
      -3
    ],
    [
      2,
      -2
    ]
  ],
  "omega_vector": [
    17659.448265754185,
    8609.685321748215,
    1365.885016191701,
    8270.535822875327,
    12296.083389047246,
    1249.2550829886068,
    6876.005174968068,
    6874.285742318898,
    3540.614265348371,
    3540.614265348371
  ],
  "time_vector": [
    8.367170349906637e-05,
    0.00011704629275142184,
    2.3575548956613592e-05,
    0.00014083036763671704,
    0.00013564408776727197,
    2.0369055424069743e-05,
    7.482090393585663e-05,
    9.172991068142609e-05,
    0.0002000925501423231,
    0.0001334201932379934
  ],
  "omega_scales": [
    0.7206162594044687,
    0.3513291659988786,
    0.1,
    0.49168388368358856,
    0.7310029439812207,
    0.1257753508494134,
    1.5,
    1.4996249058998468,
    1.5,
    1.5
  ],
  "time_scales": [
    1.1953100499866625,
    1.6720898964488833,
    0.4715109791322718,
    2.0118623948102434,
    1.9377726823895995,
    0.40738110848139486,
    1.4964180787171326,
    1.8345982136285222,
    1.0004627507116155,
    0.667100966189967
  ]
}