{
  "gen": 25,
  "fitness_penalized": 15864.0,
  "raw_survivors": 15864,
  "num_pulses": 280,
  "length_penalty": 0.0,
  "unique_pairs": [
    [
      0,
      -3
    ],
    [
      0,
      -2
    ],
    [
      0,
      -1
    ],
    [
      1,
      -3
    ],
    [
      1,
      -2
    ],
    [
      1,
      -1
    ],
    [
      2,
      -5
    ],
    [
      2,
      -4
    ],
    [
      2,
      -3
    ],
    [
      2,
      -2
    ],
    [
      2,
      -1
    ]
  ],
  "omega_vector": [
    16533.033650991434,
    16770.897725395873,
    4297.496784359989,
    14110.094434144772,
    20683.88889964063,
    5192.417808823155,
    9734.63913782101,
    17994.114991482245,
    37997.72329668798,
    7920.20093796334,
    2136.905746116423
  ],
  "time_vector": [
    9.169343289435635e-05,
    7.924783160641655e-05,
    0.00011644810999236025,
    0.00011847833116909218,
    6.679280651959818e-05,
    8.194552266402423e-05,
    7.877177010332507e-05,
    8.842237841653116e-05,
    5.402619133188523e-05,
    0.0002514102108650488,
    0.00029683673722460897
  ],
  "omega_scales": [
    1.236162208366436,
    0.9752922061845598,
    0.758078432761102,
    1.0550009069222088,
    1.2028476929329472,
    0.9159425014764044,
    1.0513410268846686,
    1.3881174422000584,
    1.4656264700151072,
    1.221973859000058,
    0.32969402940081943
  ],
  "time_scales": [
    1.0188159210484038,
    1.1321118800916652,
    1.6635444284622891,
    1.3164259018788018,
    0.9541829502799741,
    1.1706503237717747,
    1.1253110014760725,
    1.768447568330623,
    1.0805238266377049,
    1.257051054325244,
    1.4841836861230449
  ]
}