{
  "gen": 34,
  "fitness_penalized": 15843.0,
  "raw_survivors": 15843,
  "num_pulses": 280,
  "length_penalty": 0.0,
  "unique_pairs": [
    [
      0,
      -3
    ],
    [
      0,
      -2
    ],
    [
      0,
      -1
    ],
    [
      1,
      -3
    ],
    [
      1,
      -2
    ],
    [
      1,
      -1
    ],
    [
      2,
      -5
    ],
    [
      2,
      -4
    ],
    [
      2,
      -3
    ],
    [
      2,
      -2
    ],
    [
      2,
      -1
    ]
  ],
  "omega_vector": [
    11299.373211618415,
    21852.21576602071,
    7135.585492533661,
    7302.212809294523,
    22929.278453371335,
    5944.079864970737,
    13138.94010748239,
    15861.94544249525,
    36024.46621307592,
    9358.0580988038,
    843.5056887195678
  ],
  "time_vector": [
    0.000112474542434564,
    0.00011693089647848439,
    0.00013309525841568727,
    0.00010703476010210542,
    5.6841151873980196e-05,
    9.106586276560273e-05,
    8.605721154621955e-05,
    9.072495321406541e-05,
    6.47552352185032e-05,
    0.00018342210362719383,
    0.00037597392193912036
  ],
  "omega_scales": [
    0.8448454432071613,
    1.2707903937778193,
    1.2587172808829377,
    0.545980834664175,
    1.3334257315960558,
    1.0485356881808379,
    1.4190055316080974,
    1.2236357912782045,
    1.389515125361499,
    1.4438146781011574,
    0.13014087768816185
  ],
  "time_scales": [
    1.2497171381618222,
    1.6704413782640628,
    1.901360834509818,
    1.1892751122456158,
    0.8120164553425743,
    1.3009408966514675,
    1.2293887363745652,
    1.8144990642813081,
    1.2951047043700643,
    0.9171105181359691,
    1.8798696096956018
  ]
}