{
  "gen": 21,
  "score": 26186.0,
  "n_bar": 7.338079788512377,
  "num_pulses": 260,
  "good": 0.66576,
  "unique_pairs": [
    [
      0,
      -3
    ],
    [
      0,
      -2
    ],
    [
      0,
      -1
    ],
    [
      1,
      -3
    ],
    [
      1,
      -2
    ],
    [
      1,
      -1
    ],
    [
      2,
      -10
    ],
    [
      2,
      -9
    ],
    [
      2,
      -8
    ],
    [
      2,
      -7
    ],
    [
      2,
      -6
    ],
    [
      2,
      -5
    ],
    [
      2,
      -4
    ],
    [
      2,
      -3
    ],
    [
      2,
      -2
    ],
    [
      2,
      -1
    ]
  ],
  "omega_vector": [
    16953.137746134045,
    24772.35424622084,
    8024.233547093284,
    13552.931517281955,
    10332.19283169883,
    8170.360524347306,
    8569.79671998366,
    22717.21357466881,
    13617.858063795326,
    7924.094641911792,
    15856.386030164165,
    16396.93741970452,
    3499.912693136262,
    1020.7389191658438,
    1055.7293758758233,
    1046.0523284553071
  ],
  "time_vector": [
    9.274103307047385e-05,
    6.286981847740667e-05,
    0.0001157574981253905,
    0.00010828252806691366,
    0.0001263469911287689,
    0.0001419811807135617,
    4.473727798089014e-05,
    4.865098407761719e-05,
    5.5703564958426434e-05,
    2.6221169877347932e-05,
    8.855144851994156e-05,
    0.00014924914740796602,
    0.00014046437949389876,
    8.826557475732607e-05,
    1.6928309817970318e-05,
    4.163088935396366e-05
  ],
  "omega_scales": [
    0.9451468327077233,
    1.3403279564537094,
    0.88223289166498,
    0.9625375675357579,
    0.8028303633618271,
    1.0219818230417885,
    0.911058974658427,
    1.3838669059334732,
    1.035221514900738,
    0.6855790550413802,
    1.848267144958566,
    1.2697097543251457,
    0.68735198035235,
    0.16549059209094863,
    0.24741207948477328,
    1.3008655450129778
  ],
  "time_scales": [
    1.1767823520356702,
    0.556776058385074,
    0.9745411056290991,
    1.3745543743948794,
    1.1095487778634565,
    1.0478570903104254,
    1.110860997077488,
    1.4337296277503728,
    1.389373284389418,
    0.9956514217525219,
    1.3200768395856048,
    1.4112966432946787,
    1.5746178504762054,
    0.7226916897505682,
    0.12004792483708114,
    0.9814463923561141
  ]
}