{
  "gen": 13,
  "fitness": 2969.8565597458196,
  "score_list": [
    3147,
    3335,
    3652,
    3183,
    2486
  ],
  "num_pulses": 200,
  "unique_pairs": [
    [
      0,
      -3
    ],
    [
      0,
      -2
    ],
    [
      0,
      -1
    ],
    [
      1,
      -3
    ],
    [
      1,
      -2
    ],
    [
      1,
      -1
    ],
    [
      2,
      -5
    ],
    [
      2,
      -4
    ],
    [
      2,
      -3
    ],
    [
      2,
      -2
    ]
  ],
  "omega_vector": [
    31377.41527872253,
    23543.309073724846,
    12241.624049247363,
    21857.787898238075,
    16790.04175498113,
    1283.6064615827054,
    8812.246805901508,
    12967.84190702098,
    3211.146980229996,
    3461.776944062037
  ],
  "time_vector": [
    5.627696967510962e-05,
    7.15046395655348e-05,
    6.199860931481654e-05,
    7.214540072378468e-05,
    7.796517312570045e-05,
    4.3966479181805264e-05,
    6.257144271778483e-05,
    7.779019304499797e-05,
    0.0002201711140085254,
    0.0001575402468865422
  ],
  "omega_scales": [
    1.2803953604701137,
    0.9607146873105514,
    0.8962411845895277,
    1.2994468886541264,
    0.9981690562859656,
    0.1292338572454792,
    1.9223909628476465,
    2.8289337144982305,
    1.3604194383685744,
    1.4666001509718636
  ],
  "time_scales": [
    0.8039567096444232,
    1.0214948509362112,
    1.2399721862963307,
    1.0306485817683526,
    1.1137881875100064,
    0.8793295836361052,
    1.2514288543556966,
    1.5558038608999598,
    1.100855570042627,
    0.787701234432711
  ]
}