{
  "gen": 27,
  "score": 3585.5431192827537,
  "score_SLM": 3716,
  "score_AOD": 3783,
  "survive_SLM": 0.692,
  "survive_AOD": 0.7249,
  "nzbar_SLM": 12.415462427745664,
  "nzbar_AOD": 10.002345151055318,
  "num_pulses": 260,
  "unique_pairs": [
    [
      0,
      -3
    ],
    [
      0,
      -2
    ],
    [
      0,
      -1
    ],
    [
      1,
      -3
    ],
    [
      1,
      -2
    ],
    [
      1,
      -1
    ],
    [
      2,
      -10
    ],
    [
      2,
      -9
    ],
    [
      2,
      -8
    ],
    [
      2,
      -7
    ],
    [
      2,
      -6
    ],
    [
      2,
      -5
    ],
    [
      2,
      -4
    ],
    [
      2,
      -3
    ],
    [
      2,
      -2
    ],
    [
      2,
      -1
    ]
  ],
  "omega_vector": [
    20508.373046875,
    17760.42578125,
    5926.83544921875,
    25809.142578125,
    10060.341796875,
    4332.263671875,
    12379.562511530772,
    44644.923909483725,
    43833.49442635301,
    16164.642959789604,
    11300.591979145778,
    110067.63720201161,
    8821.442409182224,
    1963.1585998070634,
    4460.543616803357,
    34.259673821206896
  ],
  "time_vector": [
    6.814449443481863e-05,
    7.641866250196472e-05,
    0.0001462052168790251,
    5.634267290588468e-05,
    0.00013017933815717697,
    0.0001981102832360193,
    1.4046204266900892e-05,
    3.7506761653131606e-05,
    5.114486623761646e-05,
    1.8355896721930532e-05,
    8.861748389269712e-05,
    5.121199926543802e-05,
    0.00010844871749403439,
    0.0004390228518980116,
    0.0001699337499916544,
    3.384381880843232e-05
  ],
  "detuning_vector": [
    0.0,
    0.0,
    0.0,
    0.0,
    0.0,
    0.0,
    22414.151465683433,
    8488.689383636029,
    16440.68382454954,
    100.2894165442649,
    1739.4290069157796,
    -7095.877575979861,
    -6340.235021863675,
    -10796.710273564724,
    3.470333732699828,
    28999.953182899702
  ],
  "omega_scales": [
    1.0,
    1.0,
    1.0,
    1.0,
    1.0,
    1.0,
    1.1842163069793323,
    1.5725024749707983,
    1.1135163907144476,
    0.6782071811999687,
    0.9421916179403776,
    2.0493938710094906,
    0.959844190552122,
    0.6221255379169525,
    1.0499300207675182,
    0.5202465873466762
  ],
  "time_scales": [
    1.0,
    1.0,
    1.0,
    1.0,
    1.0,
    1.0,
    0.7637769179589957,
    0.8713318146645566,
    1.2746512407855632,
    1.0023471203909828,
    1.0020726195104819,
    0.3920204205418254,
    0.8084617999471189,
    1.7431198977275557,
    0.7722535794649528,
    0.7571126593276244
  ],
  "detuning_offsets": [
    0.0,
    0.0,
    0.0,
    0.0,
    0.0,
    0.0,
    11793.253028183435,
    -2328.5547569889723,
    5695.30296517454,
    4519.130725138015,
    4644.70439754078,
    -10475.783093557986,
    -9530.257482801175,
    -11592.11170178738,
    -400.98935254659705,
    16509.831112587202
  ]
}