{
  "gen": 36,
  "score": 2463.430990484411,
  "score_SLM": 2553,
  "score_AOD": 2599,
  "survive_SLM": 0.7125,
  "survive_AOD": 0.6846,
  "nzbar_SLM": 35.079298245614034,
  "nzbar_AOD": 29.66301489921122,
  "num_pulses": 260,
  "unique_pairs": [
    [
      0,
      -3
    ],
    [
      0,
      -2
    ],
    [
      0,
      -1
    ],
    [
      1,
      -3
    ],
    [
      1,
      -2
    ],
    [
      1,
      -1
    ],
    [
      2,
      -10
    ],
    [
      2,
      -9
    ],
    [
      2,
      -8
    ],
    [
      2,
      -7
    ],
    [
      2,
      -6
    ],
    [
      2,
      -5
    ],
    [
      2,
      -4
    ],
    [
      2,
      -3
    ],
    [
      2,
      -2
    ],
    [
      2,
      -1
    ]
  ],
  "omega_vector": [
    20000.0,
    17760.42578125,
    5926.83544921875,
    20000.0,
    10060.341796875,
    4332.263671875,
    6984.78152869504,
    6444.673032219206,
    7354.70371316284,
    9818.618415741536,
    9999.999999999998,
    6541.299839797288,
    9455.950649396378,
    4419.143122569178,
    4741.2006418357005,
    66.73866969399711
  ],
  "time_vector": [
    6.814449443481863e-05,
    7.641866250196472e-05,
    0.0001462052168790251,
    5.634267290588468e-05,
    0.00013017933815717697,
    0.0001981102832360193,
    2.3405740212680992e-05,
    5.2362094054920574e-05,
    3.777148497731065e-05,
    3.126765989656256e-05,
    0.00014582523283230284,
    8.014647999294393e-05,
    0.00013497357323733177,
    0.00029230140307237877,
    0.00015840531261938204,
    5.254562931725007e-05
  ],
  "detuning_vector": [
    0.0,
    0.0,
    0.0,
    0.0,
    0.0,
    0.0,
    25084.543461621557,
    12436.208715228699,
    8987.47536504219,
    -3128.4319615974227,
    -3451.445433804708,
    10351.420145645498,
    2839.2814000098133,
    15141.971496335293,
    -11271.24668207029,
    22953.86128505419
  ],
  "omega_scales": [
    1.0,
    1.0,
    1.0,
    1.0,
    1.0,
    1.0,
    0.698478152869504,
    0.6444673032219206,
    0.735470371316284,
    0.9818618415741536,
    0.9999999999999998,
    0.6541299839797288,
    1.0288838124163502,
    1.4004277558270353,
    1.1159915283852677,
    1.0134528814710095
  ],
  "time_scales": [
    1.0,
    1.0,
    1.0,
    1.0,
    1.0,
    1.0,
    1.2727113875394813,
    1.216440887497967,
    0.9413548951122654,
    1.7074103942434848,
    1.6489688787816492,
    0.6135096704374317,
    1.006198878937873,
    1.160569181368059,
    0.7198632978004094,
    1.1754867668336146
  ],
  "detuning_offsets": [
    0.0,
    0.0,
    0.0,
    0.0,
    0.0,
    0.0,
    14463.645024121557,
    1618.9645746036986,
    -1757.9054943328101,
    1290.4093469963273,
    -546.1700431797083,
    6971.514628067372,
    -350.7410609276867,
    14346.570068112636,
    -11675.706368349587,
    10463.739214741689
  ],
  "omega_lin_max_xyz": [
    20000.0,
    20000.0,
    10000.0
  ]
}