{
  "gen": 31,
  "score": 3662.8215899767765,
  "score_SLM": 3734,
  "score_AOD": 3593,
  "survive_SLM": 0.7022,
  "survive_AOD": 0.7009,
  "nzbar_SLM": 15.775562517801196,
  "nzbar_AOD": 12.223284348694536,
  "num_pulses": 260,
  "unique_pairs": [
    [
      0,
      -3
    ],
    [
      0,
      -2
    ],
    [
      0,
      -1
    ],
    [
      1,
      -3
    ],
    [
      1,
      -2
    ],
    [
      1,
      -1
    ],
    [
      2,
      -10
    ],
    [
      2,
      -9
    ],
    [
      2,
      -8
    ],
    [
      2,
      -7
    ],
    [
      2,
      -6
    ],
    [
      2,
      -5
    ],
    [
      2,
      -4
    ],
    [
      2,
      -3
    ],
    [
      2,
      -2
    ],
    [
      2,
      -1
    ]
  ],
  "omega_vector": [
    20508.373046875,
    17760.42578125,
    5926.83544921875,
    25809.142578125,
    10060.341796875,
    4332.263671875,
    19236.202019758166,
    25031.412517957917,
    42494.11195757595,
    25317.627566056355,
    8544.780917450014,
    41608.61286405378,
    6638.987799686511,
    1712.0244259505623,
    3922.0875344419733,
    101.65779486674222
  ],
  "time_vector": [
    6.814449443481863e-05,
    7.641866250196472e-05,
    0.0001462052168790251,
    5.634267290588468e-05,
    0.00013017933815717697,
    0.0001981102832360193,
    1.746464533426283e-05,
    4.0129878149085974e-05,
    2.679115237483401e-05,
    1.1606755852595925e-05,
    8.85067277266274e-05,
    0.0001104862852729043,
    0.0001641661891646251,
    0.00017699531226312074,
    0.00020733630825555297,
    6.366536572275755e-05
  ],
  "detuning_vector": [
    0.0,
    0.0,
    0.0,
    0.0,
    0.0,
    0.0,
    5957.540521616,
    10313.889926794931,
    11701.529120243129,
    -4234.387472755325,
    -14.462324024211739,
    6000.002479632675,
    3342.6906823437184,
    2182.726852787833,
    192.89718040551543,
    19641.503295898438
  ],
  "omega_scales": [
    1.0,
    1.0,
    1.0,
    1.0,
    1.0,
    1.0,
    1.3967286121237208,
    1.449246094908092,
    1.7408319274950965,
    1.6802664178519182,
    0.8377689375496449,
    1.6939551146466616,
    1.0332006695999558,
    0.8387659582601493,
    0.710995803169032,
    0.5446652602023132
  ],
  "time_scales": [
    1.0,
    1.0,
    1.0,
    1.0,
    1.0,
    1.0,
    1.0960183136032322,
    0.977760642910986,
    0.5477671382088859,
    0.6806384691230887,
    1.4848773656514695,
    1.1283378062206935,
    1.2583996699497964,
    1.0467854590369405,
    1.2382673357730345,
    1.2580507106966772
  ],
  "detuning_offsets": [
    0.0,
    0.0,
    0.0,
    0.0,
    0.0,
    0.0,
    6175.743173593539,
    9616.7084692754,
    10612.637152469692,
    -3369.3413301772002,
    259.47099506758514,
    4853.660072406113,
    3024.6999596874684,
    1169.7228244675205,
    -250.73709693823457,
    20000.0
  ]
}