{
  "gen": 0,
  "score": 15661.89349982945,
  "score_SLM": 18446,
  "score_AOD": 13298,
  "survive_SLM": 0.72148,
  "survive_AOD": 0.7525,
  "nzbar_SLM": 20.014775184343293,
  "nzbar_AOD": 24.4882657807309,
  "num_pulses": 260,
  "unique_pairs": [
    [
      0,
      -3
    ],
    [
      0,
      -2
    ],
    [
      0,
      -1
    ],
    [
      1,
      -3
    ],
    [
      1,
      -2
    ],
    [
      1,
      -1
    ],
    [
      2,
      -10
    ],
    [
      2,
      -9
    ],
    [
      2,
      -8
    ],
    [
      2,
      -7
    ],
    [
      2,
      -6
    ],
    [
      2,
      -5
    ],
    [
      2,
      -4
    ],
    [
      2,
      -3
    ],
    [
      2,
      -2
    ],
    [
      2,
      -1
    ]
  ],
  "omega_vector": [
    18418.761554072757,
    14536.838247819653,
    7842.872422149999,
    18572.261044956267,
    11805.345295359666,
    5658.197421209297,
    14068.5997927001,
    18654.107790798695,
    20389.828221548923,
    11694.59432349266,
    10504.210702796348,
    14710.657375676046,
    5039.1568835346,
    2262.786385740963,
    3999.4663316772135,
    590.143054405181
  ],
  "time_vector": [
    7.639281639464551e-05,
    9.391732066209989e-05,
    0.0001344768414436301,
    7.002069846186371e-05,
    0.00010460071800423607,
    0.00015881706690454035,
    2.6623192755641993e-05,
    4.27740350414778e-05,
    4.102132866940146e-05,
    2.1831253646532084e-05,
    4.918878793263537e-05,
    0.00014629496121968313,
    0.0001158012186887448,
    0.0001864577201266987,
    0.0002205099748752822,
    4.737020803757188e-05
  ],
  "detuning_vector": [
    0.0,
    0.0,
    0.0,
    0.0,
    0.0,
    0.0,
    0.0,
    0.0,
    0.0,
    0.0,
    0.0,
    0.0,
    0.0,
    0.0,
    0.0,
    0.0
  ],
  "omega_scales": [
    1.0,
    1.0,
    1.0,
    1.0,
    1.0,
    1.0,
    1.0,
    1.0,
    1.0,
    1.0,
    1.0,
    1.0,
    1.0,
    1.0,
    1.0,
    1.0
  ],
  "time_scales": [
    1.0,
    1.0,
    1.0,
    1.0,
    1.0,
    1.0,
    1.0,
    1.0,
    1.0,
    1.0,
    1.0,
    1.0,
    1.0,
    1.0,
    1.0,
    1.0
  ],
  "detuning_offsets": [
    0.0,
    0.0,
    0.0,
    0.0,
    0.0,
    0.0,
    0.0,
    0.0,
    0.0,
    0.0,
    0.0,
    0.0,
    0.0,
    0.0,
    0.0,
    0.0
  ]
}