{
  "gen": 34,
  "fitness": 67.91425250683682,
  "z_mean": 55.55925250683683,
  "good_frac": 0.8776,
  "survive_frac": 0.9977,
  "num_pulses": 200,
  "z_dns": [
    -5,
    -4,
    -3,
    -2
  ],
  "omega_scales_z": [
    0.13909882540031218,
    0.3338089929577561,
    0.2102410423146823,
    0.1504404691637555
  ],
  "time_scales_z": [
    1.2576199270992965,
    1.174573678039412,
    0.4851321425168026,
    0.1
  ]
}