{
  "gen": 23,
  "score": 16171.355354453133,
  "score_SLM": 18013,
  "score_AOD": 14518,
  "survive_SLM": 0.71028,
  "survive_AOD": 0.74406,
  "nzbar_SLM": 18.76871093090049,
  "nzbar_AOD": 22.504609843292208,
  "num_pulses": 260,
  "unique_pairs": [
    [
      0,
      -3
    ],
    [
      0,
      -2
    ],
    [
      0,
      -1
    ],
    [
      1,
      -3
    ],
    [
      1,
      -2
    ],
    [
      1,
      -1
    ],
    [
      2,
      -10
    ],
    [
      2,
      -9
    ],
    [
      2,
      -8
    ],
    [
      2,
      -7
    ],
    [
      2,
      -6
    ],
    [
      2,
      -5
    ],
    [
      2,
      -4
    ],
    [
      2,
      -3
    ],
    [
      2,
      -2
    ],
    [
      2,
      -1
    ]
  ],
  "omega_vector": [
    20752.963963769438,
    15634.021761166538,
    6584.097079224497,
    18969.16987480485,
    12399.405945613178,
    4261.212355532747,
    15675.721374052357,
    19058.730524664014,
    21771.81226493436,
    13493.545577200273,
    7660.939392164302,
    20177.0353765198,
    5618.210000596595,
    2141.0169156145585,
    4700.737992193784,
    396.5938135637627
  ],
  "time_vector": [
    7.154871246968293e-05,
    9.189426811890658e-05,
    0.00014267622393073843,
    4.706221129559173e-05,
    8.096512235452653e-05,
    0.00020868029413334795,
    1.3305287416298566e-05,
    3.777982712189072e-05,
    4.954686309930454e-05,
    2.017289964780039e-05,
    6.014060832783191e-05,
    9.946784220926864e-05,
    0.00013282337500984857,
    0.00015858030606539806,
    0.00022163281765485453,
    4.0932380445809595e-05
  ],
  "detuning_vector": [
    -313.860951328216,
    1264.1973784793759,
    71.21299919606875,
    -1076.1570054268666,
    -638.8363775140202,
    -164.03481125697778,
    -374.94764776789407,
    -461.10525496711455,
    2075.2408029712133,
    -312.75464305320776,
    -1149.4526020679152,
    1482.2810182564792,
    1871.9597408152936,
    -93.2099223983156,
    132.9900283365268,
    -121.90494909390777
  ],
  "omega_scales": [
    1.1267296068111887,
    1.0754760763408404,
    0.8395007243302284,
    1.0213710559467057,
    1.050321327787593,
    0.7531042200047555,
    1.114234650571705,
    1.0216908113967746,
    1.067778111142932,
    1.1538275893926302,
    0.7293208037158725,
    1.3715930472204707,
    1.114910714320891,
    0.9461860514568501,
    1.1753413086546687,
    0.6720299605381256
  ],
  "time_scales": [
    0.9365895361163551,
    0.9784592178638492,
    1.0609724499704682,
    0.6721185639304046,
    0.7740398335625922,
    1.3139664281722236,
    0.4997630276135422,
    0.8832420669514995,
    1.207831747689402,
    0.9240376193881508,
    1.2226487143817244,
    0.6799129743088227,
    1.146994621592512,
    0.850489354678595,
    1.0050920271530002,
    0.8640954334281983
  ],
  "detuning_offsets": [
    -313.860951328216,
    1264.1973784793759,
    71.21299919606875,
    -1076.1570054268666,
    -638.8363775140202,
    -164.03481125697778,
    -374.94764776789407,
    -461.10525496711455,
    2075.2408029712133,
    -312.75464305320776,
    -1149.4526020679152,
    1482.2810182564792,
    1871.9597408152936,
    -93.2099223983156,
    132.9900283365268,
    -121.90494909390777
  ]
}