{
  "gen": 3,
  "score": 17145.0,
  "n_bar": 20.36136337175457,
  "num_pulses": 260,
  "good": 0.68712,
  "unique_pairs": [
    [
      0,
      -3
    ],
    [
      0,
      -2
    ],
    [
      0,
      -1
    ],
    [
      1,
      -3
    ],
    [
      1,
      -2
    ],
    [
      1,
      -1
    ],
    [
      2,
      -10
    ],
    [
      2,
      -9
    ],
    [
      2,
      -8
    ],
    [
      2,
      -7
    ],
    [
      2,
      -6
    ],
    [
      2,
      -5
    ],
    [
      2,
      -4
    ],
    [
      2,
      -3
    ],
    [
      2,
      -2
    ],
    [
      2,
      -1
    ]
  ],
  "omega_vector": [
    18644.424517194188,
    8253.093628695666,
    8768.99075381736,
    16635.923865285407,
    12868.947327194397,
    7593.969357013452,
    11888.742889441437,
    6782.419219238871,
    16298.588939072288,
    19457.692306143377,
    5993.494678589835,
    13321.570011505633,
    7327.9253782078795,
    7787.686204446002,
    5263.590427018487,
    594.6206575756447
  ],
  "time_vector": [
    8.240419395706511e-05,
    0.00013630471004143417,
    0.00011805492937780982,
    8.816534779866309e-05,
    8.142837032516338e-05,
    0.0001326187455189815,
    4.6062280416977935e-05,
    3.781313379013668e-05,
    5.0758710179750827e-05,
    1.917893925977722e-05,
    7.10172139403709e-05,
    0.00014112705181058396,
    9.551657473270508e-05,
    0.00013995421332536347,
    0.00015519041445435583,
    1.4984652299961446e-05
  ],
  "omega_scales": [
    1.0394370082967517,
    0.4465402039637931,
    0.964116014859285,
    1.1814935883490123,
    0.9999408477045392,
    0.9498844787175498,
    1.2638976466705307,
    0.4131653500910776,
    1.2390090903582516,
    1.6834461105468714,
    0.6986194254383262,
    1.031566258599458,
    1.4391399049648606,
    1.2626037636004808,
    1.2335318907124602,
    0.7394673332789825
  ],
  "time_scales": [
    1.0456191609242678,
    1.2071165629890106,
    0.9938827571773583,
    1.1191839223758204,
    0.7150842926335884,
    0.9787599462247962,
    1.1437618259547238,
    1.1143414930007511,
    1.2660373878484201,
    0.7282489008317967,
    1.0586860057231895,
    1.334494286616747,
    1.0707490691402997,
    1.1459025468751447,
    1.100540302616326,
    0.35326252138083847
  ]
}