{
  "gen": 5,
  "fitness": 69.11404783914953,
  "z_mean": 55.55904783914953,
  "good_frac": 0.8654,
  "survive_frac": 0.9981,
  "num_pulses": 200,
  "z_dns": [
    -5,
    -4,
    -3,
    -2
  ],
  "omega_scales_z": [
    0.9879911868941393,
    0.1,
    0.1,
    0.377074521726722
  ],
  "time_scales_z": [
    0.9974013251540872,
    1.3749000355581504,
    0.1,
    0.8673486292772175
  ]
}