{
  "gen": 17,
  "score": 18855.0,
  "n_bar": 17.238695564574158,
  "num_pulses": 260,
  "good": 0.69486,
  "unique_pairs": [
    [
      0,
      -3
    ],
    [
      0,
      -2
    ],
    [
      0,
      -1
    ],
    [
      1,
      -3
    ],
    [
      1,
      -2
    ],
    [
      1,
      -1
    ],
    [
      2,
      -10
    ],
    [
      2,
      -9
    ],
    [
      2,
      -8
    ],
    [
      2,
      -7
    ],
    [
      2,
      -6
    ],
    [
      2,
      -5
    ],
    [
      2,
      -4
    ],
    [
      2,
      -3
    ],
    [
      2,
      -2
    ],
    [
      2,
      -1
    ]
  ],
  "omega_vector": [
    8365.75862188959,
    11076.85822253959,
    7420.258423050813,
    19214.81190422562,
    15556.61978833694,
    7055.289619348606,
    11695.097224003084,
    8296.41607524331,
    25170.43461461371,
    7329.2648007435,
    6983.84155870869,
    19686.259385857564,
    8132.962178791045,
    3709.9915582437184,
    5916.636116822916,
    703.3175041559759
  ],
  "time_vector": [
    9.199469205890702e-05,
    0.0001239512817453175,
    0.00011914262612266666,
    5.461563011707599e-05,
    5.6779593975270505e-05,
    0.00015134476212884786,
    4.188020856545167e-05,
    3.329907951879277e-05,
    4.516259421478038e-05,
    2.184395049646025e-05,
    9.116198818540493e-05,
    0.00014664210731161678,
    0.00014017185931298662,
    0.00014486936054834443,
    0.00021936239564184095,
    4.43736692150142e-05
  ],
  "omega_scales": [
    0.4663956833878341,
    0.5993222363033538,
    0.8158282042826288,
    1.3646478097647488,
    1.2087779352157935,
    0.8825042329262086,
    1.2433110881831024,
    0.5053936569573794,
    1.9134415508211169,
    0.6341153990848198,
    0.8140571801167137,
    1.5244209896392182,
    1.5972420314043372,
    0.6014943567821577,
    1.3865743235604082,
    0.8746421985524228
  ],
  "time_scales": [
    1.1673121002826528,
    1.0977144161269796,
    1.0030398762019397,
    0.6932988601944013,
    0.49862468856608794,
    1.1169626937953059,
    1.0399177675651945,
    0.9813136936087873,
    1.1264575598090858,
    0.8294427926070892,
    1.3589933452870524,
    1.386644529692615,
    1.571338673932313,
    1.1861462779301457,
    1.5556189996085026,
    1.0461073073984866
  ]
}