{
  "gen": 35,
  "score": 3668.3883382215686,
  "score_SLM": 3857,
  "score_AOD": 3489,
  "survive_SLM": 0.6857,
  "survive_AOD": 0.69,
  "nzbar_SLM": 13.918039959165815,
  "nzbar_AOD": 13.237971014492754,
  "num_pulses": 260,
  "unique_pairs": [
    [
      0,
      -3
    ],
    [
      0,
      -2
    ],
    [
      0,
      -1
    ],
    [
      1,
      -3
    ],
    [
      1,
      -2
    ],
    [
      1,
      -1
    ],
    [
      2,
      -10
    ],
    [
      2,
      -9
    ],
    [
      2,
      -8
    ],
    [
      2,
      -7
    ],
    [
      2,
      -6
    ],
    [
      2,
      -5
    ],
    [
      2,
      -4
    ],
    [
      2,
      -3
    ],
    [
      2,
      -2
    ],
    [
      2,
      -1
    ]
  ],
  "omega_vector": [
    20508.373046875,
    17760.42578125,
    5926.83544921875,
    25809.142578125,
    10060.341796875,
    4332.263671875,
    14202.75935314962,
    24427.850606472377,
    35305.914120259105,
    25061.020619131108,
    12613.579966255038,
    59358.77780678382,
    6119.001269532238,
    2850.322375926375,
    5770.978254842187,
    88.63690314442444
  ],
  "time_vector": [
    6.814449443481863e-05,
    7.641866250196472e-05,
    0.0001462052168790251,
    5.634267290588468e-05,
    0.00013017933815717697,
    0.0001981102832360193,
    2.516074052939821e-05,
    3.559522012736129e-05,
    5.362185589882732e-05,
    8.379078814518734e-06,
    9.079027063525858e-05,
    0.00011692726615203987,
    0.00015129720807059705,
    0.0002606050364271576,
    0.00015283458402176337,
    6.263081873032566e-05
  ],
  "detuning_vector": [
    0.0,
    0.0,
    0.0,
    0.0,
    0.0,
    0.0,
    8487.806887307312,
    13784.970682180548,
    1668.927288056544,
    -14179.846910873144,
    12171.924022965663,
    5689.720349221886,
    815.7040621475044,
    3298.8362303501976,
    170.98825338854152,
    -1828.2613837422432
  ],
  "omega_scales": [
    1.0,
    1.0,
    1.0,
    1.0,
    1.0,
    1.0,
    1.0312534844080026,
    1.4143016129445531,
    1.4463571468750147,
    1.6632360687648624,
    1.2366923844058622,
    2.4165935450312404,
    0.9522771241215742,
    1.3964481713903238,
    1.0461626068619414,
    0.47490152602630714
  ],
  "time_scales": [
    1.0,
    1.0,
    1.0,
    1.0,
    1.0,
    1.0,
    1.5789975620025105,
    0.8672741339255612,
    1.0963429321816132,
    0.491362396987113,
    1.5231883648897822,
    1.1941161262820665,
    1.1597537694527367,
    1.5412699872988764,
    0.9127686065353695,
    1.237607687016491
  ],
  "detuning_offsets": [
    0.0,
    0.0,
    0.0,
    0.0,
    0.0,
    0.0,
    8706.00953928485,
    13087.789224661017,
    580.0353202831066,
    -13314.80076829502,
    12445.85734205746,
    4543.377941995323,
    497.7133394912544,
    2285.832202029885,
    -272.6460239552085,
    -1469.7646796406807
  ]
}