{
  "gen": 31,
  "score": 2819.0,
  "score_SLM": 2819,
  "score_AOD": 2917,
  "survive_SLM": 0.7413,
  "survive_AOD": 0.7447,
  "nzbar_SLM": 37.38014299204101,
  "nzbar_AOD": 31.41828924399087,
  "num_pulses": 260,
  "unique_pairs": [
    [
      0,
      -3
    ],
    [
      0,
      -2
    ],
    [
      0,
      -1
    ],
    [
      1,
      -3
    ],
    [
      1,
      -2
    ],
    [
      1,
      -1
    ],
    [
      2,
      -10
    ],
    [
      2,
      -9
    ],
    [
      2,
      -8
    ],
    [
      2,
      -7
    ],
    [
      2,
      -6
    ],
    [
      2,
      -5
    ],
    [
      2,
      -4
    ],
    [
      2,
      -3
    ],
    [
      2,
      -2
    ],
    [
      2,
      -1
    ]
  ],
  "omega_vector": [
    20000.0,
    17760.42578125,
    5926.83544921875,
    20000.0,
    10060.341796875,
    4332.263671875,
    7834.305653190266,
    6981.296219910943,
    6239.0546923449965,
    9855.784857826042,
    9364.020586282155,
    5220.659706525178,
    8677.788025609883,
    2792.1149870962786,
    3509.4579702761494,
    63.96444307059432
  ],
  "time_vector": [
    6.814449443481863e-05,
    7.641866250196472e-05,
    0.0001462052168790251,
    5.634267290588468e-05,
    0.00013017933815717697,
    0.0001981102832360193,
    1.4024207200242022e-05,
    4.1226007172225184e-05,
    4.471487838392791e-05,
    1.0407107603723323e-05,
    0.000126473076023394,
    0.00014621356093179574,
    0.0001316903378476338,
    0.0002599784688863966,
    0.0002668756238552619,
    4.382630774502521e-05
  ],
  "detuning_vector": [
    0.0,
    0.0,
    0.0,
    0.0,
    0.0,
    0.0,
    7491.959459109382,
    8494.151264291588,
    11208.31310690766,
    -4985.724430440974,
    -4976.679728853338,
    9885.524525982131,
    2274.669739411761,
    1754.36129774662,
    1031.7160577703949,
    10885.934164194003
  ],
  "omega_scales": [
    1.0,
    1.0,
    1.0,
    1.0,
    1.0,
    1.0,
    0.7834305653190266,
    0.6981296219910943,
    0.6239054692344996,
    0.9855784857826042,
    0.9364020586282156,
    0.5220659706525178,
    0.9442134332311047,
    0.8848220609603176,
    0.8260619323918628,
    0.9713251618411105
  ],
  "time_scales": [
    1.0,
    1.0,
    1.0,
    1.0,
    1.0,
    1.0,
    0.762580804656241,
    0.9577348205360123,
    1.1144007093272925,
    0.5682933662253721,
    1.4301377225037064,
    1.119243584854217,
    0.9817230671980863,
    1.032232468395285,
    1.2128000223869,
    0.9804287333283916
  ],
  "detuning_offsets": [
    0.0,
    0.0,
    0.0,
    0.0,
    0.0,
    0.0,
    -3128.938978390618,
    -2323.0928763334123,
    462.9322475326616,
    -566.8831218472238,
    -2071.4043382283385,
    6505.619008404005,
    -915.3527215257388,
    958.9598695239639,
    627.2563714910979,
    -1604.1879061184973
  ],
  "omega_lin_max_xyz": [
    20000.0,
    20000.0,
    10000.0
  ]
}