{
  "gen": 33,
  "score": 2567.6432198775797,
  "score_SLM": 2712,
  "score_AOD": 2663,
  "survive_SLM": 0.7239,
  "survive_AOD": 0.6998,
  "nzbar_SLM": 35.72413316756458,
  "nzbar_AOD": 34.624321234638465,
  "num_pulses": 260,
  "unique_pairs": [
    [
      0,
      -3
    ],
    [
      0,
      -2
    ],
    [
      0,
      -1
    ],
    [
      1,
      -3
    ],
    [
      1,
      -2
    ],
    [
      1,
      -1
    ],
    [
      2,
      -10
    ],
    [
      2,
      -9
    ],
    [
      2,
      -8
    ],
    [
      2,
      -7
    ],
    [
      2,
      -6
    ],
    [
      2,
      -5
    ],
    [
      2,
      -4
    ],
    [
      2,
      -3
    ],
    [
      2,
      -2
    ],
    [
      2,
      -1
    ]
  ],
  "omega_vector": [
    20000.0,
    17760.42578125,
    5926.83544921875,
    20000.0,
    10060.341796875,
    4332.263671875,
    3095.965489239347,
    7614.299164283653,
    6415.1949462410485,
    4479.019782986166,
    9999.999999999998,
    9557.475828497518,
    5125.5155183890465,
    3607.129996206577,
    5520.306226367313,
    16.154418763248593
  ],
  "time_vector": [
    6.814449443481863e-05,
    7.641866250196472e-05,
    0.0001462052168790251,
    5.634267290588468e-05,
    0.00013017933815717697,
    0.0001981102832360193,
    1.817626884990137e-05,
    5.255828895970535e-05,
    5.212081241817137e-05,
    2.60264035452853e-05,
    9.823883086850994e-05,
    0.00010288677121821272,
    0.00012605165231251107,
    0.000341849388540977,
    0.0002930956441563422,
    4.4286320815392524e-05
  ],
  "detuning_vector": [
    0.0,
    0.0,
    0.0,
    0.0,
    0.0,
    0.0,
    25612.551641221246,
    -4107.492525157175,
    5969.630162604402,
    -13354.87827356195,
    -3287.5078482370463,
    17037.164087461373,
    -295.46198277536314,
    14863.190141681676,
    -12232.189187841157,
    30015.48969296714
  ],
  "omega_scales": [
    1.0,
    1.0,
    1.0,
    1.0,
    1.0,
    1.0,
    0.3095965489239347,
    0.7614299164283653,
    0.6415194946241048,
    0.44790197829861667,
    0.9999999999999998,
    0.9557475828497517,
    0.5576974904681768,
    1.1431005571566848,
    1.299378669689266,
    0.24531118644062821
  ],
  "time_scales": [
    1.0,
    1.0,
    1.0,
    1.0,
    1.0,
    1.0,
    0.9883534610759852,
    1.220998755329774,
    1.2989741318496386,
    1.4212049153982549,
    1.1108693032320172,
    0.7875832988300218,
    0.939687882620529,
    1.3572971625864336,
    1.331955308091755,
    0.9907195849903349
  ],
  "detuning_offsets": [
    0.0,
    0.0,
    0.0,
    0.0,
    0.0,
    0.0,
    14991.653203721246,
    -14924.736665782175,
    -4775.750696770598,
    -8936.0369649682,
    -382.23245761204635,
    13657.25856988325,
    -3485.484443712863,
    14067.78871345902,
    -12636.648874120454,
    17525.36762265464
  ],
  "omega_lin_max_xyz": [
    20000.0,
    20000.0,
    10000.0
  ]
}