{
  "gen": 3,
  "score": 3442.6723297949798,
  "score_SLM": 3729,
  "score_AOD": 3631,
  "survive_SLM": 0.7054,
  "survive_AOD": 0.7084,
  "nzbar_SLM": 14.740714488233627,
  "nzbar_AOD": 11.602907961603615,
  "num_pulses": 260,
  "unique_pairs": [
    [
      0,
      -3
    ],
    [
      0,
      -2
    ],
    [
      0,
      -1
    ],
    [
      1,
      -3
    ],
    [
      1,
      -2
    ],
    [
      1,
      -1
    ],
    [
      2,
      -10
    ],
    [
      2,
      -9
    ],
    [
      2,
      -8
    ],
    [
      2,
      -7
    ],
    [
      2,
      -6
    ],
    [
      2,
      -5
    ],
    [
      2,
      -4
    ],
    [
      2,
      -3
    ],
    [
      2,
      -2
    ],
    [
      2,
      -1
    ]
  ],
  "omega_vector": [
    20508.373046875,
    17760.42578125,
    5926.83544921875,
    25809.142578125,
    10060.341796875,
    4332.263671875,
    7286.620889743896,
    21964.112987245302,
    41065.305199499606,
    10264.506637904851,
    16355.852308047824,
    31058.313677797494,
    10053.174250147178,
    2942.05431837141,
    4068.0564132028003,
    114.25622812271249
  ],
  "time_vector": [
    6.814449443481863e-05,
    7.641866250196472e-05,
    0.0001462052168790251,
    5.634267290588468e-05,
    0.00013017933815717697,
    0.0001981102832360193,
    1.130113680460494e-05,
    4.556004265731414e-05,
    4.250337919351747e-05,
    1.6813825622083965e-05,
    8.520136181482341e-05,
    0.00010113266185591371,
    0.0001226081882206669,
    0.0002266851875985767,
    0.0002293314106494571,
    4.834049064742017e-05
  ],
  "detuning_vector": [
    0.0,
    0.0,
    0.0,
    0.0,
    0.0,
    0.0,
    5863.905113780969,
    8368.42853966331,
    12248.078503627134,
    1907.8321938891731,
    -14311.95397286546,
    4888.220027609193,
    -9269.543034848019,
    3591.10821445307,
    949.7359503154557,
    2116.4922877132576
  ],
  "omega_scales": [
    1.0,
    1.0,
    1.0,
    1.0,
    1.0,
    1.0,
    0.697030712706824,
    0.7736293179266591,
    1.0431951873278602,
    0.4306598129398106,
    1.3636760779746622,
    0.5782873087240681,
    1.093866564335083,
    0.9323378791594262,
    0.9575457435966928,
    1.735025647767551
  ],
  "time_scales": [
    1.0,
    1.0,
    1.0,
    1.0,
    1.0,
    1.0,
    0.6145110290325124,
    1.058420212651912,
    1.059284909943704,
    0.9181403638492192,
    0.963443646436867,
    0.7741558462847569,
    0.9140176004625243,
    0.9000430372015731,
    1.0421826315636997,
    1.0814145305065752
  ],
  "detuning_offsets": [
    0.0,
    0.0,
    0.0,
    0.0,
    0.0,
    0.0,
    -4756.993323719031,
    -2448.8156009616914,
    1502.6976442521332,
    6326.673502482923,
    -11406.67858224046,
    1508.3145100310676,
    -12459.565495785519,
    2795.706786230414,
    545.2762640361589,
    -10373.629782599242
  ]
}