{
  "gen": 7,
  "score": 3550.288016485423,
  "score_SLM": 3837,
  "score_AOD": 3285,
  "survive_SLM": 0.7145,
  "survive_AOD": 0.7224,
  "nzbar_SLM": 14.155633310006998,
  "nzbar_AOD": 16.373477297895903,
  "num_pulses": 260,
  "unique_pairs": [
    [
      0,
      -3
    ],
    [
      0,
      -2
    ],
    [
      0,
      -1
    ],
    [
      1,
      -3
    ],
    [
      1,
      -2
    ],
    [
      1,
      -1
    ],
    [
      2,
      -10
    ],
    [
      2,
      -9
    ],
    [
      2,
      -8
    ],
    [
      2,
      -7
    ],
    [
      2,
      -6
    ],
    [
      2,
      -5
    ],
    [
      2,
      -4
    ],
    [
      2,
      -3
    ],
    [
      2,
      -2
    ],
    [
      2,
      -1
    ]
  ],
  "omega_vector": [
    20508.373046875,
    17760.42578125,
    5926.83544921875,
    25809.142578125,
    10060.341796875,
    4332.263671875,
    18739.868470419882,
    19701.56145964995,
    26153.3069916737,
    20838.296045228304,
    13315.408586320922,
    34067.965999869084,
    7694.250088763727,
    1977.9002794478113,
    5193.8619254198065,
    220.31714354710596
  ],
  "time_vector": [
    6.814449443481863e-05,
    7.641866250196472e-05,
    0.0001462052168790251,
    5.634267290588468e-05,
    0.00013017933815717697,
    0.0001981102832360193,
    1.7399370219454916e-05,
    4.008154887153726e-05,
    5.024527522998741e-05,
    2.053631676462727e-05,
    8.009207561561236e-05,
    0.00010190243622042942,
    0.00014971393388401176,
    0.00020234179483139336,
    0.0001572478666233071,
    4.298833808951328e-05
  ],
  "detuning_vector": [
    0.0,
    0.0,
    0.0,
    0.0,
    0.0,
    0.0,
    -2072.568228083993,
    -4302.818542480469,
    -1155.2423807001055,
    -3484.5693347398174,
    4228.084498438403,
    1803.0536285797875,
    -1595.4873783600838,
    4692.151868839663,
    791.7650496231477,
    -1776.9284386681798
  ],
  "omega_scales": [
    1.0,
    1.0,
    1.0,
    1.0,
    1.0,
    1.0,
    1.360690143157464,
    1.140663196234153,
    1.071407536793327,
    1.3829846006976219,
    1.305502834089105,
    1.3869629694130676,
    1.1974271656525084,
    0.9690255571633806,
    0.9415429917828991,
    1.1804219683735544
  ],
  "time_scales": [
    1.0,
    1.0,
    1.0,
    1.0,
    1.0,
    1.0,
    1.0919218822195573,
    0.9765831046859283,
    1.0273059641548379,
    1.204282004516921,
    1.343704747700094,
    1.0406755105350736,
    1.1476173379257735,
    1.1966895952027514,
    0.9391258988736287,
    0.8494651475134694
  ],
  "detuning_offsets": [
    0.0,
    0.0,
    0.0,
    0.0,
    0.0,
    0.0,
    -1854.3655761064538,
    -5000.0,
    -2244.134348473543,
    -2619.5231921616924,
    4502.0178175302,
    656.711221353225,
    -1913.4781010163338,
    3679.1478405193498,
    348.13077227939766,
    -1418.4317345666173
  ]
}