{
  "gen": 3,
  "score": -60.854329825430234,
  "n_bar": 25.118329825430234,
  "num_pulses": 480,
  "good": 0.64616,
  "survive": 0.99296,
  "unique_pairs": [
    [
      0,
      -3
    ],
    [
      0,
      -2
    ],
    [
      0,
      -1
    ],
    [
      1,
      -3
    ],
    [
      1,
      -2
    ],
    [
      1,
      -1
    ],
    [
      2,
      -10
    ],
    [
      2,
      -9
    ],
    [
      2,
      -8
    ],
    [
      2,
      -7
    ],
    [
      2,
      -6
    ],
    [
      2,
      -5
    ],
    [
      2,
      -4
    ],
    [
      2,
      -3
    ],
    [
      2,
      -2
    ],
    [
      2,
      -1
    ]
  ],
  "omega_vector": [
    14115.7231795129,
    15460.247040047841,
    9098.99599579329,
    10027.548291252018,
    20571.79410099089,
    5870.026474920752,
    10888.861626432705,
    10218.724763318261,
    16076.145111752954,
    9669.525258666836,
    6287.041027440567,
    6017.7187564792,
    2992.2705285209186,
    3105.5430874266444,
    2205.663013657008,
    300.0
  ],
  "time_vector": [
    7.621085806951692e-05,
    5.8602265280194214e-05,
    0.000120465050581408,
    9.799916430649397e-05,
    8.198695925987723e-05,
    0.0001351498174721288,
    2.5089349951627636e-05,
    4.931391532709412e-05,
    3.2150056792613285e-05,
    2.3365816255680296e-05,
    4.8842585929911365e-05,
    7.343826318524348e-05,
    8.065041509163231e-05,
    9.281213157283462e-05,
    9.190869488750531e-05,
    8.729003042913672e-05
  ],
  "omega_scales": [
    0.8822326987195562,
    1.1892497723113724,
    1.0109995550881432,
    0.6267217682032511,
    1.5824457000762224,
    0.6522251638800836,
    0.9074051355360587,
    0.8515603969431884,
    1.7862383457503281,
    1.0743916954074262,
    1.0478401712400944,
    1.0029531260798668,
    0.7480676321302296,
    0.7763857718566611,
    0.735221004552336,
    0.1
  ],
  "time_scales": [
    0.9526357258689615,
    0.6511362808910468,
    1.0038754215117334,
    1.2249895538311746,
    0.9109662139986359,
    1.1262484789344067,
    0.8363116650542545,
    1.643797177569804,
    1.071668559753776,
    0.7788605418560097,
    0.9768517185982273,
    1.4687652637048696,
    1.1521487870233191,
    1.3258875938976378,
    1.0212077209722812,
    0.969889226990408
  ]
}