{
  "gen": 26,
  "score": 2412.2813601679513,
  "score_SLM": 2591,
  "score_AOD": 2530,
  "survive_SLM": 0.7548,
  "survive_AOD": 0.7554,
  "nzbar_SLM": 36.07273449920509,
  "nzbar_AOD": 27.782366957903097,
  "num_pulses": 260,
  "unique_pairs": [
    [
      0,
      -3
    ],
    [
      0,
      -2
    ],
    [
      0,
      -1
    ],
    [
      1,
      -3
    ],
    [
      1,
      -2
    ],
    [
      1,
      -1
    ],
    [
      2,
      -10
    ],
    [
      2,
      -9
    ],
    [
      2,
      -8
    ],
    [
      2,
      -7
    ],
    [
      2,
      -6
    ],
    [
      2,
      -5
    ],
    [
      2,
      -4
    ],
    [
      2,
      -3
    ],
    [
      2,
      -2
    ],
    [
      2,
      -1
    ]
  ],
  "omega_vector": [
    20000.0,
    17760.42578125,
    5926.83544921875,
    20000.0,
    10060.341796875,
    4332.263671875,
    796.5043970990654,
    8274.32359682263,
    7697.267352692165,
    9999.999999999998,
    9849.715792174571,
    9225.74827688059,
    9043.271201428986,
    3740.3297299013097,
    5651.279681841957,
    45.43427937536009
  ],
  "time_vector": [
    6.814449443481863e-05,
    7.641866250196472e-05,
    0.0001462052168790251,
    5.634267290588468e-05,
    0.00013017933815717697,
    0.0001981102832360193,
    2.0139388191596958e-05,
    2.8825919589784304e-05,
    4.3261220515477194e-05,
    2.064013423239834e-05,
    0.0001184153537935504,
    7.787177792252903e-05,
    0.000151284012523222,
    0.0002687509694095852,
    0.0002913128773146659,
    6.872439623066323e-05
  ],
  "detuning_vector": [
    0.0,
    0.0,
    0.0,
    0.0,
    0.0,
    0.0,
    24847.345883556874,
    -2856.466946390645,
    26378.467746340197,
    -6651.083253432924,
    2697.4726726178415,
    -2787.8540493065684,
    6354.664777248405,
    11902.976045548015,
    -7183.633907198116,
    18512.746239508524
  ],
  "omega_scales": [
    1.0,
    1.0,
    1.0,
    1.0,
    1.0,
    1.0,
    0.07965043970990654,
    0.8274323596822631,
    0.7697267352692165,
    0.9999999999999998,
    0.984971579217457,
    0.9225748276880589,
    0.9839809550016206,
    1.1853115919571204,
    1.3302074149364733,
    0.6899373565826284
  ],
  "time_scales": [
    1.0,
    1.0,
    1.0,
    1.0,
    1.0,
    1.0,
    1.0951001103411655,
    0.6696643410014104,
    1.0781721111901912,
    1.1270808190814423,
    1.3390222623545087,
    0.5960971562797738,
    1.1277896861664083,
    1.0670632753764846,
    1.323853632733543,
    1.5374184185715707
  ],
  "detuning_offsets": [
    0.0,
    0.0,
    0.0,
    0.0,
    0.0,
    0.0,
    14226.447446056873,
    -13673.711087015645,
    15633.086886965197,
    -2232.2419448391734,
    5602.748063242841,
    -6167.759566884693,
    3164.6423163109052,
    11107.57461732536,
    -7588.0935934774125,
    6022.624169196026
  ],
  "omega_lin_max_xyz": [
    20000.0,
    20000.0,
    10000.0
  ]
}