{
  "gen": 1,
  "score": 3506.242433146915,
  "score_SLM": 3549,
  "score_AOD": 3464,
  "survive_SLM": 0.7228,
  "survive_AOD": 0.712,
  "nzbar_SLM": 21.97454344216934,
  "nzbar_AOD": 14.727387640449438,
  "num_pulses": 260,
  "unique_pairs": [
    [
      0,
      -3
    ],
    [
      0,
      -2
    ],
    [
      0,
      -1
    ],
    [
      1,
      -3
    ],
    [
      1,
      -2
    ],
    [
      1,
      -1
    ],
    [
      2,
      -10
    ],
    [
      2,
      -9
    ],
    [
      2,
      -8
    ],
    [
      2,
      -7
    ],
    [
      2,
      -6
    ],
    [
      2,
      -5
    ],
    [
      2,
      -4
    ],
    [
      2,
      -3
    ],
    [
      2,
      -2
    ],
    [
      2,
      -1
    ]
  ],
  "omega_vector": [
    20508.373046875,
    17760.42578125,
    5926.83544921875,
    25809.142578125,
    10060.341796875,
    4332.263671875,
    19077.564143723892,
    15483.704655140276,
    23452.200385498752,
    10212.286495541994,
    9768.060784240775,
    37442.2294374235,
    8926.248204356818,
    1370.0398797611604,
    3850.8410075674033,
    213.97200748920295
  ],
  "time_vector": [
    6.814449443481863e-05,
    7.641866250196472e-05,
    0.0001462052168790251,
    5.634267290588468e-05,
    0.00013017933815717697,
    0.0001981102832360193,
    2.066378003137096e-05,
    2.5980458127154822e-05,
    4.305637306532292e-05,
    1.914454800004597e-05,
    3.7991879552973046e-05,
    0.00010007893062528968,
    0.00014023821527573303,
    0.00018249000909402541,
    0.00019777192870898487,
    3.9053187542985014e-05
  ],
  "detuning_vector": [
    0.0,
    0.0,
    0.0,
    0.0,
    0.0,
    0.0,
    86.88500223792107,
    756.314648655899,
    -2008.9557620348864,
    -261.4043623322882,
    4578.0712803875385,
    6146.3424072265625,
    5317.99072265625,
    6013.0040283203125,
    -258.78673403423136,
    -5358.4967041015625
  ],
  "omega_scales": [
    1.0,
    1.0,
    1.0,
    1.0,
    1.0,
    1.0,
    1.3852100150432773,
    0.8964615356833623,
    0.9607528506972463,
    0.6777634279977965,
    0.9577048240548546,
    1.5243347877643718,
    1.3891583928189104,
    0.6712187017801771,
    0.6980802368657939,
    1.1464258032341563
  ],
  "time_scales": [
    1.0,
    1.0,
    1.0,
    1.0,
    1.0,
    1.0,
    1.296784498578957,
    0.6330113773870862,
    0.8803229486239006,
    1.122666489093972,
    0.6373897609344619,
    1.0220530154645862,
    1.0749821550670333,
    1.0792821883054355,
    1.1811463284632413,
    0.7717051458931744
  ],
  "detuning_offsets": [
    0.0,
    0.0,
    0.0,
    0.0,
    0.0,
    0.0,
    305.08765421546013,
    59.133191136367714,
    -3097.847729808324,
    603.6417802458368,
    4852.004599479335,
    5000.0,
    5000.0,
    5000.0,
    -702.4210113779814,
    -5000.0
  ]
}