{
  "gen": 26,
  "score": 18207.0,
  "n_bar": 19.851853961382925,
  "num_pulses": 260,
  "good": 0.70228,
  "unique_pairs": [
    [
      0,
      -3
    ],
    [
      0,
      -2
    ],
    [
      0,
      -1
    ],
    [
      1,
      -3
    ],
    [
      1,
      -2
    ],
    [
      1,
      -1
    ],
    [
      2,
      -10
    ],
    [
      2,
      -9
    ],
    [
      2,
      -8
    ],
    [
      2,
      -7
    ],
    [
      2,
      -6
    ],
    [
      2,
      -5
    ],
    [
      2,
      -4
    ],
    [
      2,
      -3
    ],
    [
      2,
      -2
    ],
    [
      2,
      -1
    ]
  ],
  "omega_vector": [
    21611.79130861874,
    9274.41634718832,
    6501.894810889397,
    14570.71960992901,
    7409.462676010792,
    7975.518164884887,
    13479.44817152823,
    21774.499741974323,
    15590.95728489617,
    10488.762241492002,
    10212.517667276465,
    18969.073943363932,
    5350.803290960001,
    3543.1991412241387,
    4861.5316942047275,
    1100.7001101164904
  ],
  "time_vector": [
    6.139128258726557e-05,
    0.00011200940790149213,
    0.00016610943269930776,
    6.967864069555124e-05,
    0.00015097946962319207,
    0.00012051554483650288,
    3.5536035420026375e-05,
    4.538736948602684e-05,
    4.573630833519791e-05,
    2.85743448833991e-05,
    2.8603404427623325e-05,
    0.00011610844185887801,
    0.0001298584508096308,
    0.00014405814010575168,
    0.00021385960027018927,
    6.142290417389215e-05
  ],
  "omega_scales": [
    1.204869352821679,
    0.5017996830811581,
    0.7148577402000431,
    1.0348215065281559,
    0.5757288611811142,
    0.9976101506858648,
    1.4330062463998954,
    1.3264395075184532,
    1.18521535057949,
    0.9074696897286051,
    1.1904011945615178,
    1.4688851704380148,
    1.0508505671384292,
    0.5744525977872056,
    1.1393087029964393,
    1.3688252582516092
  ],
  "time_scales": [
    0.7789882808684108,
    0.9919570016867532,
    1.398444790356942,
    0.8845109370809403,
    1.3258652580982748,
    0.8894352583552736,
    0.8823870722696567,
    1.3375519034507684,
    1.1407672915539033,
    1.0850044922435291,
    0.42640399845862187,
    1.0979188631858399,
    1.4557244720460436,
    1.1795042515905518,
    1.5165956610547258,
    1.4480422744983277
  ]
}