{
  "rank": 1,
  "score": 17764.0,
  "n_bar": 21.653834221733366,
  "num_pulses": 260,
  "good": 0.70914,
  "unique_pairs": [
    [
      0,
      -3
    ],
    [
      0,
      -2
    ],
    [
      0,
      -1
    ],
    [
      1,
      -3
    ],
    [
      1,
      -2
    ],
    [
      1,
      -1
    ],
    [
      2,
      -10
    ],
    [
      2,
      -9
    ],
    [
      2,
      -8
    ],
    [
      2,
      -7
    ],
    [
      2,
      -6
    ],
    [
      2,
      -5
    ],
    [
      2,
      -4
    ],
    [
      2,
      -3
    ],
    [
      2,
      -2
    ],
    [
      2,
      -1
    ]
  ],
  "omega_vector": [
    19447.240285876276,
    21381.818902985928,
    8110.782369366,
    16416.13159081648,
    15561.462697560915,
    7243.62533437474,
    21887.405563767123,
    19172.09086068523,
    12221.901215214164,
    5130.612353995347,
    9774.80415643458,
    10259.142716291542,
    5875.6809064171275,
    5482.176004812628,
    5269.9369885595315,
    55.21822172607452
  ],
  "time_vector": [
    5.555764513056526e-05,
    9.446093669937605e-05,
    0.00011726355526053672,
    9.393825093279411e-05,
    9.227262501608573e-05,
    0.0001229027056683929,
    5.1269890395440836e-05,
    4.2425842485147016e-05,
    3.821794400845522e-05,
    3.859175417886263e-05,
    8.342722830645204e-05,
    0.00011502654069802304,
    9.017947956838796e-05,
    0.0001228926851299309,
    0.0002172579829592962,
    2.0397311270087435e-05
  ],
  "omega_scales": [
    1.2154525178672673,
    1.6447553002296869,
    0.9011980410406667,
    1.02600822442603,
    1.1970355921200704,
    0.8048472593749711,
    1.82395046364726,
    1.597674238390436,
    1.3579890239126848,
    0.5700680393328164,
    1.62913402607243,
    1.7098571193819239,
    1.4689202266042818,
    1.370544001203157,
    1.756645662853177,
    0.018406073908691506
  ],
  "time_scales": [
    0.6944705641320656,
    1.0495659633264005,
    0.9771962938378057,
    1.1742281366599263,
    1.0252513890676191,
    1.024189213903274,
    1.7089963465146947,
    1.4141947495049005,
    1.2739314669485073,
    1.2863918059620878,
    1.6685445661290408,
    2.3005308139604606,
    1.2882782795483996,
    1.7556097875704417,
    2.4139775884366244,
    0.22663679188986036
  ]
}