{
  "rank": 2,
  "score": 17536.0,
  "n_bar": 24.78665064147357,
  "num_pulses": 260,
  "good": 0.71554,
  "unique_pairs": [
    [
      0,
      -3
    ],
    [
      0,
      -2
    ],
    [
      0,
      -1
    ],
    [
      1,
      -3
    ],
    [
      1,
      -2
    ],
    [
      1,
      -1
    ],
    [
      2,
      -10
    ],
    [
      2,
      -9
    ],
    [
      2,
      -8
    ],
    [
      2,
      -7
    ],
    [
      2,
      -6
    ],
    [
      2,
      -5
    ],
    [
      2,
      -4
    ],
    [
      2,
      -3
    ],
    [
      2,
      -2
    ],
    [
      2,
      -1
    ]
  ],
  "omega_vector": [
    17006.063107221726,
    22647.6917771844,
    7551.781208502629,
    17006.906670725733,
    12666.8579512915,
    7535.452939444251,
    12226.112410778675,
    17593.548702103755,
    12380.792607811492,
    9461.47447028745,
    10239.350559062004,
    10833.061175822368,
    5323.600121764928,
    5283.992013889854,
    4695.036451024288,
    715.299219060412
  ],
  "time_vector": [
    7.987111032779e-05,
    7.008428281465913e-05,
    0.00011919347719293122,
    6.413263599504649e-05,
    8.651102467307852e-05,
    0.00012282818410505576,
    4.032096320170464e-05,
    3.5038039664150496e-05,
    2.8808821919355285e-05,
    3.942806303802772e-05,
    8.26189805133871e-05,
    9.601610039176222e-05,
    8.980855023511698e-05,
    0.00011455662550604433,
    0.00022156302873187444,
    4.49303800551554e-05
  ],
  "omega_scales": [
    1.0628789442013578,
    1.7421301367064923,
    0.8390868009447365,
    1.0629316669203583,
    0.9743736885608847,
    0.837272548827139,
    1.0188427008982228,
    1.4661290585086462,
    1.3756436230901659,
    1.05127494114305,
    1.7065584265103342,
    1.8055101959703947,
    1.330900030441232,
    1.3209980034724635,
    1.5650121503414294,
    0.23843307302013733
  ],
  "time_scales": [
    0.998388879097375,
    0.7787142534962125,
    0.9932789766077599,
    0.8016579499380811,
    0.9612336074786502,
    1.0235682008754643,
    1.3440321067234882,
    1.1679346554716834,
    0.9602940639785096,
    1.3142687679342575,
    1.652379610267742,
    1.920322007835244,
    1.2829792890730998,
    1.6365232215149192,
    2.4618114303541603,
    0.4992264450572822
  ]
}