{
  "rank": 3,
  "score": 17532.0,
  "n_bar": 20.447688495171903,
  "num_pulses": 260,
  "good": 0.70214,
  "unique_pairs": [
    [
      0,
      -3
    ],
    [
      0,
      -2
    ],
    [
      0,
      -1
    ],
    [
      1,
      -3
    ],
    [
      1,
      -2
    ],
    [
      1,
      -1
    ],
    [
      2,
      -10
    ],
    [
      2,
      -9
    ],
    [
      2,
      -8
    ],
    [
      2,
      -7
    ],
    [
      2,
      -6
    ],
    [
      2,
      -5
    ],
    [
      2,
      -4
    ],
    [
      2,
      -3
    ],
    [
      2,
      -2
    ],
    [
      2,
      -1
    ]
  ],
  "omega_vector": [
    13236.430030993011,
    15380.823973985713,
    8591.46674989998,
    13537.195331799463,
    10793.638716421596,
    5690.024348869612,
    15424.13505577935,
    13035.848306363212,
    9746.614430218355,
    11510.521642522901,
    11322.213319580502,
    12718.514101906494,
    6661.0401105361725,
    5119.946498308348,
    4820.349036148912,
    234.69981842986712
  ],
  "time_vector": [
    9.999368430057655e-05,
    0.00010237067061092662,
    0.00010077586452121609,
    9.200908945982069e-05,
    9.512196177670949e-05,
    0.000137571502577693,
    4.679263703392744e-05,
    3.587162443909912e-05,
    3.777542997257051e-05,
    3.8046785970477966e-05,
    8.382840603873583e-05,
    0.00011119869435068013,
    0.00010359386904948706,
    0.00013050618067509054,
    0.00021638267440874788,
    2.0586911297448614e-05
  ],
  "omega_scales": [
    0.8272768769370632,
    1.1831403056912086,
    0.9546074166555535,
    0.8460747082374664,
    0.8302799012631997,
    0.6322249276521792,
    1.2853445879816126,
    1.0863206921969344,
    1.0829571589131506,
    1.2789468491692113,
    1.8870355532634169,
    2.119752350317749,
    1.6652600276340432,
    1.279986624577087,
    1.6067830120496374,
    0.0782332728099557
  ],
  "time_scales": [
    1.2499210537572067,
    1.1374518956769624,
    0.8397988710101338,
    1.1501136182477585,
    1.0569106864078832,
    1.1464291881474413,
    1.5597545677975815,
    1.1957208146366374,
    1.259180999085684,
    1.2682261990159323,
    1.6765681207747165,
    2.2239738870136025,
    1.4799124149926723,
    1.8643740096441508,
    2.4042519378749763,
    0.22874345886054015
  ]
}