{
  "rank": 4,
  "score": 17509.0,
  "n_bar": 22.486086660230566,
  "num_pulses": 260,
  "good": 0.70436,
  "unique_pairs": [
    [
      0,
      -3
    ],
    [
      0,
      -2
    ],
    [
      0,
      -1
    ],
    [
      1,
      -3
    ],
    [
      1,
      -2
    ],
    [
      1,
      -1
    ],
    [
      2,
      -10
    ],
    [
      2,
      -9
    ],
    [
      2,
      -8
    ],
    [
      2,
      -7
    ],
    [
      2,
      -6
    ],
    [
      2,
      -5
    ],
    [
      2,
      -4
    ],
    [
      2,
      -3
    ],
    [
      2,
      -2
    ],
    [
      2,
      -1
    ]
  ],
  "omega_vector": [
    17537.668744866227,
    19046.452430503603,
    9108.526902156265,
    17835.17099875501,
    13693.847522603393,
    6309.990411818945,
    14985.000344497159,
    16058.149188004894,
    11160.25610105734,
    10070.323147156825,
    11101.460634604056,
    11819.086258748757,
    6786.987484953543,
    6057.832041565865,
    4578.504579605207,
    24.95967763267695
  ],
  "time_vector": [
    9.280848015313696e-05,
    7.498783044124786e-05,
    0.00011414112117920634,
    8.803882333291537e-05,
    9.324874980201644e-05,
    0.00014128532602135114,
    4.2610873028016145e-05,
    3.562057988181984e-05,
    3.8607360721016525e-05,
    4.595287196748529e-05,
    7.911579697395739e-05,
    0.0001015628877300844,
    8.963808244770209e-05,
    0.00011598151943341899,
    0.00021425021272919722,
    5.346915447731091e-05
  ],
  "omega_scales": [
    1.0961042965541392,
    1.465111725423354,
    1.0120585446840296,
    1.1146981874221882,
    1.0533728863541072,
    0.7011100457576606,
    1.2487500287080966,
    1.3381790990004079,
    1.2400284556730379,
    1.118924794128536,
    1.8502434391006761,
    1.9698477097914595,
    1.6967468712383857,
    1.5144580103914664,
    1.5261681932017357,
    0.00831989254422565
  ],
  "time_scales": [
    1.160106001914212,
    0.8331981160138651,
    0.9511760098267192,
    1.100485291661442,
    1.0360972200224048,
    1.1773777168445925,
    1.420362434267205,
    1.1873526627273283,
    1.2869120240338843,
    1.5317623989161764,
    1.5823159394791477,
    2.031257754601688,
    1.2805440349671728,
    1.6568788490488429,
    2.3805579192133024,
    0.5941017164145657
  ]
}