{
  "rank": 5,
  "score": 17458.0,
  "n_bar": 24.994199080820536,
  "num_pulses": 260,
  "good": 0.71368,
  "unique_pairs": [
    [
      0,
      -3
    ],
    [
      0,
      -2
    ],
    [
      0,
      -1
    ],
    [
      1,
      -3
    ],
    [
      1,
      -2
    ],
    [
      1,
      -1
    ],
    [
      2,
      -10
    ],
    [
      2,
      -9
    ],
    [
      2,
      -8
    ],
    [
      2,
      -7
    ],
    [
      2,
      -6
    ],
    [
      2,
      -5
    ],
    [
      2,
      -4
    ],
    [
      2,
      -3
    ],
    [
      2,
      -2
    ],
    [
      2,
      -1
    ]
  ],
  "omega_vector": [
    17747.458424932483,
    20810.006528825732,
    7744.782492525728,
    13025.930171570832,
    13708.663924696357,
    7321.6829541226125,
    13879.862221047277,
    16644.089272349716,
    12703.131711956987,
    8489.517229197092,
    9273.490710507505,
    11342.472341618392,
    4770.302450523776,
    6289.0541983851435,
    4594.624268100229,
    995.766678245417
  ],
  "time_vector": [
    9.241959166659213e-05,
    7.729543397006163e-05,
    0.00010304969712174303,
    9.903862354295453e-05,
    8.240603720339284e-05,
    0.0001243866333470432,
    4.120733435820163e-05,
    3.4430291628819774e-05,
    3.4891375900730805e-05,
    3.4084880743508474e-05,
    7.351221785157091e-05,
    0.00010091414271186643,
    9.557302961043414e-05,
    0.0001231579047348142,
    0.00021651845449094267,
    3.1983008982896595e-05
  ],
  "omega_scales": [
    1.1092161515582801,
    1.6007697329865946,
    0.8605313880584142,
    0.8141206357231769,
    1.0545126095920274,
    0.8135203282358459,
    1.156655185087273,
    1.3870074393624765,
    1.411459079106332,
    0.9432796921330102,
    1.545581785084584,
    1.8904120569363987,
    1.1925756126309441,
    1.5722635495962858,
    1.5315414227000763,
    0.33192222608180566
  ],
  "time_scales": [
    1.1552448958324015,
    0.858838155222907,
    0.8587474760145251,
    1.2379827942869315,
    0.9156226355932537,
    1.0365552778920264,
    1.3735778119400543,
    1.147676387627326,
    1.1630458633576937,
    1.1361626914502825,
    1.4702443570314183,
    2.0182828542373286,
    1.3653289944347735,
    1.7593986390687744,
    2.4057606054549185,
    0.3553667664766288
  ]
}