{
  "gen": 7,
  "score": 22443.0,
  "n_bar": 8.440629299515463,
  "num_pulses": 260,
  "good": 0.66868,
  "unique_pairs": [
    [
      0,
      -3
    ],
    [
      0,
      -2
    ],
    [
      0,
      -1
    ],
    [
      1,
      -3
    ],
    [
      1,
      -2
    ],
    [
      1,
      -1
    ],
    [
      2,
      -10
    ],
    [
      2,
      -9
    ],
    [
      2,
      -8
    ],
    [
      2,
      -7
    ],
    [
      2,
      -6
    ],
    [
      2,
      -5
    ],
    [
      2,
      -4
    ],
    [
      2,
      -3
    ],
    [
      2,
      -2
    ],
    [
      2,
      -1
    ]
  ],
  "omega_vector": [
    22851.243489824836,
    28073.7909833939,
    3126.2163283822165,
    12181.728675600394,
    14762.184839187561,
    8855.99111192229,
    10238.521807971701,
    21950.122555706013,
    15417.753058578637,
    11070.035819799172,
    12807.745644359624,
    10489.190072867823,
    6501.957961063627,
    836.7140710853218,
    199.3384460326191,
    1292.1211416931947
  ],
  "time_vector": [
    7.683182884387516e-05,
    0.00010738115154896024,
    0.00018166938062909646,
    9.844865085930398e-05,
    0.00013390437970618117,
    0.0001354930400839612,
    2.9971941245803333e-05,
    5.1111490058625155e-05,
    4.9094709680547396e-05,
    4.209237418082924e-05,
    8.755498614181195e-05,
    0.00014886932814271503,
    0.00010142937094767407,
    0.00010990789062265256,
    6.907468190094581e-05,
    4.926063763244104e-05
  ],
  "omega_scales": [
    1.2739694994082162,
    1.5189548205504648,
    0.3437151791722216,
    0.8651538947748273,
    1.1470488802821504,
    1.1077432769868176,
    1.0884618953256138,
    1.3371379410675928,
    1.1720484677469871,
    0.9577604811117081,
    1.4929086256113928,
    0.8122386888228277,
    1.2769271900608565,
    0.13565496958604795,
    0.04671532362474917,
    1.6068755142428082
  ],
  "time_scales": [
    0.9749119377330169,
    0.9509690937912589,
    1.5294411327502597,
    1.2497216874019328,
    1.1759159401123858,
    0.9999729684325135,
    0.7442263373932371,
    1.5062399868132044,
    1.2245334402908559,
    1.5983013875474188,
    1.3052221203362515,
    1.4077050807067721,
    1.137032026427152,
    0.8998923919023452,
    0.48984643535926636,
    1.161317373704341
  ]
}