{
  "gen": 6,
  "score": 2855.0,
  "score_SLM": 2855,
  "score_AOD": 2865,
  "survive_SLM": 0.7294,
  "survive_AOD": 0.7043,
  "nzbar_SLM": 34.70605977515766,
  "nzbar_AOD": 26.203180462870936,
  "num_pulses": 260,
  "unique_pairs": [
    [
      0,
      -3
    ],
    [
      0,
      -2
    ],
    [
      0,
      -1
    ],
    [
      1,
      -3
    ],
    [
      1,
      -2
    ],
    [
      1,
      -1
    ],
    [
      2,
      -10
    ],
    [
      2,
      -9
    ],
    [
      2,
      -8
    ],
    [
      2,
      -7
    ],
    [
      2,
      -6
    ],
    [
      2,
      -5
    ],
    [
      2,
      -4
    ],
    [
      2,
      -3
    ],
    [
      2,
      -2
    ],
    [
      2,
      -1
    ]
  ],
  "omega_vector": [
    20000.0,
    17760.42578125,
    5926.83544921875,
    20000.0,
    10060.341796875,
    4332.263671875,
    6299.994067341324,
    9052.503662409417,
    8385.761799056085,
    8019.399920658491,
    9999.999999999998,
    9999.999999999998,
    9999.999999999998,
    3846.973655363098,
    4171.815727999722,
    68.9287094102127
  ],
  "time_vector": [
    6.814449443481863e-05,
    7.641866250196472e-05,
    0.0001462052168790251,
    5.634267290588468e-05,
    0.00013017933815717697,
    0.0001981102832360193,
    1.5099970356265516e-05,
    3.7140406549362155e-05,
    3.901863347090951e-05,
    1.906881272194327e-05,
    0.00012673536605679978,
    0.00013320266023110152,
    0.00010533089096965368,
    0.0002660480183147626,
    0.00021488716490868155,
    6.680668210363507e-05
  ],
  "detuning_vector": [
    0.0,
    0.0,
    0.0,
    0.0,
    0.0,
    0.0,
    19126.418096607573,
    12921.604172968522,
    20665.994838522744,
    -3179.605697517867,
    -187.93189820970338,
    5085.741730227257,
    8138.277161259747,
    1858.10097350047,
    815.7410933990668,
    9820.076200633712
  ],
  "omega_scales": [
    1.0,
    1.0,
    1.0,
    1.0,
    1.0,
    1.0,
    0.6299994067341324,
    0.9052503662409418,
    0.8385761799056084,
    0.8019399920658491,
    0.9999999999999998,
    0.9999999999999998,
    1.0880807763966376,
    1.2191070833147777,
    0.9819687800914301,
    1.0467094937336043
  ],
  "time_scales": [
    1.0,
    1.0,
    1.0,
    1.0,
    1.0,
    1.0,
    0.8210765414509581,
    0.8628208997439023,
    0.9724367903590739,
    1.0412768066121783,
    1.4331036570947253,
    1.01964702862767,
    0.7852190756247924,
    1.0563313332563866,
    0.9765416363138855,
    1.4945176557834574
  ],
  "detuning_offsets": [
    0.0,
    0.0,
    0.0,
    0.0,
    0.0,
    0.0,
    8505.519659107571,
    2104.360032343522,
    9920.613979147744,
    1239.2356110758828,
    2717.3434924152966,
    1705.836212649132,
    4948.254700322247,
    1062.6995452778137,
    411.28140711976994,
    -2670.0458696787887
  ],
  "omega_lin_max_xyz": [
    20000.0,
    20000.0,
    10000.0
  ]
}