{
  "gen": 35,
  "score": 2764.0,
  "score_SLM": 2963,
  "score_AOD": 2764,
  "survive_SLM": 0.7143,
  "survive_AOD": 0.7359,
  "nzbar_SLM": 32.49545009099818,
  "nzbar_AOD": 33.58717217013181,
  "num_pulses": 260,
  "unique_pairs": [
    [
      0,
      -3
    ],
    [
      0,
      -2
    ],
    [
      0,
      -1
    ],
    [
      1,
      -3
    ],
    [
      1,
      -2
    ],
    [
      1,
      -1
    ],
    [
      2,
      -10
    ],
    [
      2,
      -9
    ],
    [
      2,
      -8
    ],
    [
      2,
      -7
    ],
    [
      2,
      -6
    ],
    [
      2,
      -5
    ],
    [
      2,
      -4
    ],
    [
      2,
      -3
    ],
    [
      2,
      -2
    ],
    [
      2,
      -1
    ]
  ],
  "omega_vector": [
    20000.0,
    17760.42578125,
    5926.83544921875,
    20000.0,
    10060.341796875,
    4332.263671875,
    9045.950422084117,
    5498.32987052446,
    9654.585755786533,
    7700.742032864274,
    7955.476767853404,
    8616.566283921768,
    8759.882730000303,
    4349.110786678257,
    4480.980361519268,
    88.67998589689063
  ],
  "time_vector": [
    6.814449443481863e-05,
    7.641866250196472e-05,
    0.0001462052168790251,
    5.634267290588468e-05,
    0.00013017933815717697,
    0.0001981102832360193,
    1.3641837474677535e-05,
    3.259904448461821e-05,
    3.9871870844687335e-05,
    1.3539812743046144e-05,
    0.00010726328879074852,
    0.00017222844057708666,
    0.00014858376564440254,
    0.0002954537073841858,
    0.00017102638472918282,
    4.352931334300663e-05
  ],
  "detuning_vector": [
    0.0,
    0.0,
    0.0,
    0.0,
    0.0,
    0.0,
    12498.75092222679,
    10460.843920644007,
    3042.1492795016784,
    -2388.453889298811,
    4575.33190237709,
    11517.879459302272,
    1402.0782225591906,
    1643.9405605932684,
    385.42787016063755,
    13167.863523989527
  ],
  "omega_scales": [
    1.0,
    1.0,
    1.0,
    1.0,
    1.0,
    1.0,
    0.9045950422084117,
    0.549832987052446,
    0.9654585755786533,
    0.7700742032864274,
    0.7955476767853404,
    0.8616566283921767,
    0.9531460002002228,
    1.3782344879769484,
    1.0547404550211292,
    1.346640375783457
  ],
  "time_scales": [
    1.0,
    1.0,
    1.0,
    1.0,
    1.0,
    1.0,
    0.741789054446495,
    0.757319036226135,
    0.9937014872324157,
    0.7393587204819532,
    1.2129164590816426,
    1.318383712269133,
    1.1076599280429704,
    1.1730852596219528,
    0.7772189914984393,
    0.9737847365976893
  ],
  "detuning_offsets": [
    0.0,
    0.0,
    0.0,
    0.0,
    0.0,
    0.0,
    1877.8524847267904,
    -356.4002199809929,
    -7703.231579873322,
    2030.3874192949388,
    7480.60729300209,
    8137.973941724147,
    -1787.9442383783094,
    848.5391323706123,
    -19.03181611865932,
    677.7414536770273
  ],
  "omega_lin_max_xyz": [
    20000.0,
    20000.0,
    10000.0
  ]
}