{
  "gen": 35,
  "score": 26195.0,
  "n_bar": 7.54708010644978,
  "num_pulses": 260,
  "good": 0.66886,
  "unique_pairs": [
    [
      0,
      -3
    ],
    [
      0,
      -2
    ],
    [
      0,
      -1
    ],
    [
      1,
      -3
    ],
    [
      1,
      -2
    ],
    [
      1,
      -1
    ],
    [
      2,
      -10
    ],
    [
      2,
      -9
    ],
    [
      2,
      -8
    ],
    [
      2,
      -7
    ],
    [
      2,
      -6
    ],
    [
      2,
      -5
    ],
    [
      2,
      -4
    ],
    [
      2,
      -3
    ],
    [
      2,
      -2
    ],
    [
      2,
      -1
    ]
  ],
  "omega_vector": [
    15146.875599961753,
    23478.943872296826,
    7139.797306401609,
    12581.71900564257,
    9725.148073717384,
    7920.095039769806,
    6449.8344157979545,
    27005.858957719567,
    14883.151785942844,
    10050.327321294628,
    16470.54034423173,
    14629.66934318609,
    2305.937363415273,
    452.2791236554731,
    2261.9196217329963,
    621.1812291503912
  ],
  "time_vector": [
    8.975175421427906e-05,
    6.400804447794815e-05,
    0.00012945984481316399,
    9.971178144392812e-05,
    0.00010988200779036185,
    0.00010690294941409776,
    4.3777214921301565e-05,
    4.9464561742720224e-05,
    5.8591465307204587e-05,
    2.961137371338483e-05,
    8.068441292271047e-05,
    0.00020145407127007884,
    0.00013819422086999537,
    8.542952958302081e-05,
    2.9023090581967687e-05,
    6.526524370038556e-05
  ],
  "omega_scales": [
    0.8444467161830463,
    1.2703469580347937,
    0.7849926085227512,
    0.8935614550746549,
    0.7556618705195379,
    0.9906776014703198,
    0.6856848209562576,
    1.645118771061252,
    1.131408395223596,
    0.8695370536522722,
    1.9198547840628524,
    1.132859959889367,
    0.4528657576002728,
    0.0733272128246917,
    0.5300849346700348,
    0.7724979298156404
  ],
  "time_scales": [
    1.1388516703641571,
    0.5668562049717966,
    1.089898644510522,
    1.265756053255066,
    0.9649572685804787,
    0.7889708548392097,
    1.087021893409013,
    1.4577055128233911,
    1.4614040708492402,
    1.1243818058341644,
    1.202799351055741,
    1.9049452509390643,
    1.5491691758336348,
    0.6994710141376506,
    0.20581864546366158,
    1.5386252604735051
  ]
}