{
  "gen": 9,
  "fitness": 2506.3838585293074,
  "score_list": [
    2331,
    2983,
    3275,
    2707,
    2221
  ],
  "num_pulses": 200,
  "unique_pairs": [
    [
      0,
      -3
    ],
    [
      0,
      -2
    ],
    [
      0,
      -1
    ],
    [
      1,
      -3
    ],
    [
      1,
      -2
    ],
    [
      1,
      -1
    ],
    [
      2,
      -5
    ],
    [
      2,
      -4
    ],
    [
      2,
      -3
    ],
    [
      2,
      -2
    ]
  ],
  "omega_vector": [
    20136.758352018427,
    17329.976333403516,
    10896.429223279278,
    18011.616698977243,
    16237.680976457717,
    2097.42992504757,
    8374.128556057502,
    10253.740179853763,
    2504.220656677753,
    3280.6924414953146
  ],
  "time_vector": [
    7.139256273291888e-05,
    7.945671084415664e-05,
    3.9388948576255626e-05,
    8.648016104661234e-05,
    7.350346224537395e-05,
    6.826451454751006e-05,
    5.17010467899676e-05,
    6.302864932784142e-05,
    0.0002299515698690403,
    0.0002212104632595823
  ],
  "omega_scales": [
    0.8217060500300685,
    0.7071717379281259,
    0.7977559673112318,
    1.0707917648429255,
    0.9653311726717377,
    0.21116983096343578,
    1.8268155003453133,
    2.236852631492104,
    1.0609263544406562,
    1.3898827416487225
  ],
  "time_scales": [
    1.0198937533274126,
    1.1350958692022377,
    0.7877789715251124,
    1.235430872094462,
    1.0500494606481992,
    1.3652902909502012,
    1.034020935799352,
    1.2605729865568287,
    1.1497578493452014,
    1.1060523162979115
  ]
}