{
  "gen": 32,
  "fitness": 2476.719798636516,
  "score_list": [
    2367,
    2966,
    3521,
    2739,
    2052
  ],
  "num_pulses": 200,
  "unique_pairs": [
    [
      0,
      -3
    ],
    [
      0,
      -2
    ],
    [
      0,
      -1
    ],
    [
      1,
      -3
    ],
    [
      1,
      -2
    ],
    [
      1,
      -1
    ],
    [
      2,
      -5
    ],
    [
      2,
      -4
    ],
    [
      2,
      -3
    ],
    [
      2,
      -2
    ]
  ],
  "omega_vector": [
    14553.23041249339,
    13081.780999039687,
    2774.3252049995344,
    15611.665496468933,
    12284.195835690936,
    1914.9340023537607,
    6876.005174968068,
    6634.060777756708,
    3333.1775212270086,
    3338.067332864911
  ],
  "time_vector": [
    7.233004010825605e-05,
    9.83839411086063e-05,
    3.25532333833545e-05,
    0.00012070060164390349,
    0.00012247637731589123,
    1.8290569457556887e-05,
    6.336977270447378e-05,
    8.389034786998018e-05,
    0.00021835455642638368,
    0.00013486841780608585
  ],
  "omega_scales": [
    0.5938630870161253,
    0.5338187211747433,
    0.20311557503828417,
    0.9281145123441701,
    0.7302962281738168,
    0.1927960904696293,
    1.5,
    1.447219848359302,
    1.4121183238662038,
    1.414189918484301
  ],
  "time_scales": [
    1.0332862872608009,
    1.4054848729800897,
    0.6510646676670899,
    1.7242943091986214,
    1.7496625330841602,
    0.36581138915113776,
    1.2673954540894756,
    1.677806957399604,
    1.0917727821319183,
    0.6743420890304292
  ]
}