{
  "gen": 21,
  "score": 2928.0,
  "score_SLM": 2931,
  "score_AOD": 2928,
  "survive_SLM": 0.7419,
  "survive_AOD": 0.7272,
  "nzbar_SLM": 35.02709260008087,
  "nzbar_AOD": 30.260726072607262,
  "num_pulses": 260,
  "unique_pairs": [
    [
      0,
      -3
    ],
    [
      0,
      -2
    ],
    [
      0,
      -1
    ],
    [
      1,
      -3
    ],
    [
      1,
      -2
    ],
    [
      1,
      -1
    ],
    [
      2,
      -10
    ],
    [
      2,
      -9
    ],
    [
      2,
      -8
    ],
    [
      2,
      -7
    ],
    [
      2,
      -6
    ],
    [
      2,
      -5
    ],
    [
      2,
      -4
    ],
    [
      2,
      -3
    ],
    [
      2,
      -2
    ],
    [
      2,
      -1
    ]
  ],
  "omega_vector": [
    20000.0,
    17760.42578125,
    5926.83544921875,
    20000.0,
    10060.341796875,
    4332.263671875,
    5172.439576495413,
    7238.566511295773,
    7883.0979285282865,
    6061.959766094364,
    8601.836554045542,
    9210.131014871678,
    8354.211976005445,
    3642.0551959304803,
    4095.111824840534,
    66.52944926249425
  ],
  "time_vector": [
    6.814449443481863e-05,
    7.641866250196472e-05,
    0.0001462052168790251,
    5.634267290588468e-05,
    0.00013017933815717697,
    0.0001981102832360193,
    1.671436492934336e-05,
    4.201589428244409e-05,
    4.8595004198263236e-05,
    1.5446848099874445e-05,
    0.00011622514664015895,
    0.00014540568967687993,
    0.00010920529824929692,
    0.0002275723435442105,
    0.00021784864065300762,
    1.7914272921192348e-05
  ],
  "detuning_vector": [
    0.0,
    0.0,
    0.0,
    0.0,
    0.0,
    0.0,
    8353.11982991214,
    14986.40280777431,
    13723.621128772971,
    -16574.60686079637,
    -350.0072080679238,
    10279.54073821467,
    5398.065189320514,
    4226.98072209183,
    405.9055896191554,
    9170.734700385066
  ],
  "omega_scales": [
    1.0,
    1.0,
    1.0,
    1.0,
    1.0,
    1.0,
    0.5172439576495413,
    0.7238566511295773,
    0.7883097928528287,
    0.6061959766094364,
    0.8601836554045541,
    0.9210131014871678,
    0.9090057453034094,
    1.1541683632255504,
    0.9639140904492312,
    1.0102757871396215
  ],
  "time_scales": [
    1.0,
    1.0,
    1.0,
    1.0,
    1.0,
    1.0,
    0.9088609199182931,
    0.9760849456545778,
    1.211102637545633,
    0.8434948151308665,
    1.3142557431185633,
    1.1130594476668707,
    0.8141019463069736,
    0.9035654487902546,
    0.9899998825078684,
    0.4007562765909113
  ],
  "detuning_offsets": [
    0.0,
    0.0,
    0.0,
    0.0,
    0.0,
    0.0,
    -2267.77860758786,
    4169.1586671493105,
    2978.240269397971,
    -12155.765552202622,
    2555.268182557076,
    6899.635220636545,
    2208.0427283830136,
    3431.5792938691743,
    1.4459033398585461,
    -3319.3873699274327
  ],
  "omega_lin_max_xyz": [
    20000.0,
    20000.0,
    10000.0
  ]
}