{
  "gen": 24,
  "score": 16354.0,
  "n_bar": 25.14438576987215,
  "num_pulses": 260,
  "good": 0.7196,
  "unique_pairs": [
    [
      0,
      -3
    ],
    [
      0,
      -2
    ],
    [
      0,
      -1
    ],
    [
      1,
      -3
    ],
    [
      1,
      -2
    ],
    [
      1,
      -1
    ],
    [
      2,
      -10
    ],
    [
      2,
      -9
    ],
    [
      2,
      -8
    ],
    [
      2,
      -7
    ],
    [
      2,
      -6
    ],
    [
      2,
      -5
    ],
    [
      2,
      -4
    ],
    [
      2,
      -3
    ],
    [
      2,
      -2
    ],
    [
      2,
      -1
    ]
  ],
  "omega_vector": [
    21465.406945873347,
    20111.644726363527,
    5171.584705580092,
    17475.36122227936,
    12407.033804129125,
    5158.260505635147,
    11961.203225347726,
    17524.508124769705,
    12539.813232474477,
    8238.70405642412,
    10954.748528608623,
    10962.176857676171,
    5603.30474095492,
    5931.853758935767,
    4461.9924520255045,
    561.1052163103554
  ],
  "time_vector": [
    7.789757578252469e-05,
    8.793130311010895e-05,
    0.00014753192743659446,
    9.143119452831496e-05,
    8.79535724994273e-05,
    0.00014859407824681205,
    4.155158454532326e-05,
    4.3244659034883816e-05,
    3.52768484961734e-05,
    3.3000703678051174e-05,
    6.316902656719524e-05,
    9.049441311938215e-05,
    7.061118626119865e-05,
    0.00012338137004706747,
    0.0002118990571212674,
    6.720728103026158e-05
  ],
  "omega_scales": [
    1.3415879341170842,
    1.547049594335656,
    0.5746205228422325,
    1.09221007639246,
    0.9543872157022404,
    0.573140056181683,
    0.9967669354456439,
    1.460375677064142,
    1.393312581386053,
    0.9154115618249021,
    1.8257914214347704,
    1.827029476279362,
    1.40082618523873,
    1.4829634397339417,
    1.4873308173418347,
    0.18703507210345183
  ],
  "time_scales": [
    0.9737196972815585,
    0.9770144790012104,
    1.229432728638287,
    1.142889931603937,
    0.9772619166603033,
    1.2382839853901,
    1.3850528181774422,
    1.4414886344961273,
    1.1758949498724467,
    1.1000234559350393,
    1.2633805313439046,
    1.8098882623876429,
    1.008731232302838,
    1.7625910006723924,
    2.354433968014082,
    0.7467475670029065
  ]
}