{
  "gen": 14,
  "score": 2766.9967491623206,
  "score_SLM": 2897,
  "score_AOD": 2853,
  "survive_SLM": 0.7534,
  "survive_AOD": 0.729,
  "nzbar_SLM": 37.37629413326254,
  "nzbar_AOD": 27.83360768175583,
  "num_pulses": 260,
  "unique_pairs": [
    [
      0,
      -3
    ],
    [
      0,
      -2
    ],
    [
      0,
      -1
    ],
    [
      1,
      -3
    ],
    [
      1,
      -2
    ],
    [
      1,
      -1
    ],
    [
      2,
      -10
    ],
    [
      2,
      -9
    ],
    [
      2,
      -8
    ],
    [
      2,
      -7
    ],
    [
      2,
      -6
    ],
    [
      2,
      -5
    ],
    [
      2,
      -4
    ],
    [
      2,
      -3
    ],
    [
      2,
      -2
    ],
    [
      2,
      -1
    ]
  ],
  "omega_vector": [
    20000.0,
    17760.42578125,
    5926.83544921875,
    20000.0,
    10060.341796875,
    4332.263671875,
    7161.599648300403,
    8257.503407674692,
    9387.791689677431,
    8986.675762411422,
    5033.664642240187,
    6996.700630044293,
    7556.894729090003,
    3264.6680042182475,
    4145.5970484495165,
    71.56971329995169
  ],
  "time_vector": [
    6.814449443481863e-05,
    7.641866250196472e-05,
    0.0001462052168790251,
    5.634267290588468e-05,
    0.00013017933815717697,
    0.0001981102832360193,
    2.0028972023235812e-05,
    5.310210953655769e-05,
    3.9156059672340436e-05,
    2.2336142919047325e-05,
    0.00010224103590340517,
    0.00017112472653655331,
    0.0001512459598093886,
    0.0002704124511156173,
    0.00022667444855302467,
    4.988970226337464e-05
  ],
  "detuning_vector": [
    0.0,
    0.0,
    0.0,
    0.0,
    0.0,
    0.0,
    11782.82119359863,
    -4143.862522388772,
    11081.622595612422,
    -10332.296942330486,
    1711.3240888580503,
    7703.263189812775,
    2783.1822915103803,
    1602.0185731309175,
    -79.35217723368402,
    22708.77473616547
  ],
  "omega_scales": [
    1.0,
    1.0,
    1.0,
    1.0,
    1.0,
    1.0,
    0.7161599648300403,
    0.8257503407674692,
    0.9387791689677432,
    0.8986675762411422,
    0.5033664642240188,
    0.6996700630044292,
    0.822251188397591,
    1.034574251129862,
    0.975797384600319,
    1.086814173888367
  ],
  "time_scales": [
    1.0,
    1.0,
    1.0,
    1.0,
    1.0,
    1.0,
    1.0890961167240114,
    1.2336324285448304,
    0.9758617768935297,
    1.2196935336207246,
    1.1561256105312814,
    1.309934941501853,
    1.1275060113915516,
    1.0736601115297144,
    1.0301082291005432,
    1.116071604315406
  ],
  "detuning_offsets": [
    0.0,
    0.0,
    0.0,
    0.0,
    0.0,
    0.0,
    1161.9227560986292,
    -14961.106663013772,
    336.24173623742206,
    -5913.455633736737,
    4616.59947948305,
    4323.35767223465,
    -406.8401694271197,
    806.6171449082614,
    -483.8118635129809,
    10218.652665852967
  ],
  "omega_lin_max_xyz": [
    20000.0,
    20000.0,
    10000.0
  ]
}