{
  "gen": 16,
  "score": 2811.3769531841795,
  "score_SLM": 2868,
  "score_AOD": 2849,
  "survive_SLM": 0.737,
  "survive_AOD": 0.7227,
  "nzbar_SLM": 39.17652645861601,
  "nzbar_AOD": 32.002490660024904,
  "num_pulses": 260,
  "unique_pairs": [
    [
      0,
      -3
    ],
    [
      0,
      -2
    ],
    [
      0,
      -1
    ],
    [
      1,
      -3
    ],
    [
      1,
      -2
    ],
    [
      1,
      -1
    ],
    [
      2,
      -10
    ],
    [
      2,
      -9
    ],
    [
      2,
      -8
    ],
    [
      2,
      -7
    ],
    [
      2,
      -6
    ],
    [
      2,
      -5
    ],
    [
      2,
      -4
    ],
    [
      2,
      -3
    ],
    [
      2,
      -2
    ],
    [
      2,
      -1
    ]
  ],
  "omega_vector": [
    20000.0,
    17760.42578125,
    5926.83544921875,
    20000.0,
    10060.341796875,
    4332.263671875,
    6884.096656955707,
    6097.446011635399,
    9198.741200275826,
    7279.4037038023425,
    6493.135469158704,
    9999.999999999998,
    9999.999999999998,
    2792.6361098382445,
    4107.6515662511365,
    38.20619667229505
  ],
  "time_vector": [
    6.814449443481863e-05,
    7.641866250196472e-05,
    0.0001462052168790251,
    5.634267290588468e-05,
    0.00013017933815717697,
    0.0001981102832360193,
    1.894138213033542e-05,
    3.9111721231745725e-05,
    4.786202483353144e-05,
    2.2838374831697182e-05,
    0.00010803981454489831,
    0.00013277784535044578,
    8.42256713670503e-05,
    0.00018470336971664422,
    0.00021414963612217627,
    4.2389909458431785e-05
  ],
  "detuning_vector": [
    0.0,
    0.0,
    0.0,
    0.0,
    0.0,
    0.0,
    15085.64992573954,
    12092.665889687638,
    7924.516936974051,
    -9090.416700233323,
    2443.07303401244,
    9078.763310541228,
    16938.176785671138,
    1827.4606891228086,
    330.8493708028268,
    29418.577194325746
  ],
  "omega_scales": [
    1.0,
    1.0,
    1.0,
    1.0,
    1.0,
    1.0,
    0.6884096656955707,
    0.6097446011635399,
    0.9198741200275826,
    0.7279403703802343,
    0.6493135469158704,
    0.9999999999999998,
    1.0880807763966376,
    0.8849872049105812,
    0.9668657152041278,
    0.580176085096108
  ],
  "time_scales": [
    1.0,
    1.0,
    1.0,
    1.0,
    1.0,
    1.0,
    1.0299572888514694,
    0.9086171541729419,
    1.1928350551770543,
    1.2471185469033281,
    1.221697290610559,
    1.0163951323815597,
    0.627884215218181,
    0.7333561739178114,
    0.9731899816522004,
    0.948295381806446
  ],
  "detuning_offsets": [
    0.0,
    0.0,
    0.0,
    0.0,
    0.0,
    0.0,
    4464.751488239542,
    1275.421749062638,
    -2820.86392240095,
    -4671.575391639574,
    5348.34842463744,
    5698.857792963102,
    13748.15432473364,
    1032.0592609001524,
    -73.61031547647008,
    16928.455124013246
  ],
  "omega_lin_max_xyz": [
    20000.0,
    20000.0,
    10000.0
  ]
}