{
  "gen": 27,
  "fitness_penalized": 16447.0,
  "raw_survivors": 16447,
  "num_pulses": 280,
  "length_penalty": 0.0,
  "unique_pairs": [
    [
      0,
      -3
    ],
    [
      0,
      -2
    ],
    [
      0,
      -1
    ],
    [
      1,
      -3
    ],
    [
      1,
      -2
    ],
    [
      1,
      -1
    ],
    [
      2,
      -5
    ],
    [
      2,
      -4
    ],
    [
      2,
      -3
    ],
    [
      2,
      -2
    ],
    [
      2,
      -1
    ]
  ],
  "omega_vector": [
    12765.545989756814,
    23193.120282875556,
    5075.278184773227,
    10525.712367480712,
    22137.496086019935,
    7634.007865036278,
    12679.897050696045,
    13411.327355294638,
    28932.49771906739,
    9178.558406686516,
    887.182891221584
  ],
  "time_vector": [
    8.878330112046742e-05,
    6.267103091718325e-05,
    0.00010673740998033667,
    0.00011039105521016722,
    9.027823839682941e-05,
    0.00010520391553964756,
    0.00011109456584200193,
    0.0001032723604986571,
    4.811436976009892e-05,
    0.00029374701092712706,
    0.00029296989543423687
  ],
  "omega_scales": [
    0.9544700540033555,
    1.3487691487579936,
    0.8952790717939971,
    0.7869994170147115,
    1.2873805416177744,
    1.3466389873923994,
    1.369428881475172,
    1.034588110265586,
    1.1159677691640273,
    1.4161204398887766,
    0.1368796460741872
  ],
  "time_scales": [
    0.9864811235607491,
    0.8953004416740465,
    1.524820142576238,
    1.226567280112969,
    1.289689119954706,
    1.502913079137822,
    1.5870652263143135,
    2.065447209973142,
    0.9622873952019787,
    1.4687350546356353,
    1.4648494771711842
  ]
}