{
  "gen": 29,
  "score": 3616.674301067211,
  "score_SLM": 3837,
  "score_AOD": 3409,
  "survive_SLM": 0.6904,
  "survive_AOD": 0.7355,
  "nzbar_SLM": 12.722624565469292,
  "nzbar_AOD": 14.073419442556084,
  "num_pulses": 260,
  "unique_pairs": [
    [
      0,
      -3
    ],
    [
      0,
      -2
    ],
    [
      0,
      -1
    ],
    [
      1,
      -3
    ],
    [
      1,
      -2
    ],
    [
      1,
      -1
    ],
    [
      2,
      -10
    ],
    [
      2,
      -9
    ],
    [
      2,
      -8
    ],
    [
      2,
      -7
    ],
    [
      2,
      -6
    ],
    [
      2,
      -5
    ],
    [
      2,
      -4
    ],
    [
      2,
      -3
    ],
    [
      2,
      -2
    ],
    [
      2,
      -1
    ]
  ],
  "omega_vector": [
    20508.373046875,
    17760.42578125,
    5926.83544921875,
    25809.142578125,
    10060.341796875,
    4332.263671875,
    17619.239542760417,
    26938.86222697921,
    43993.17994244066,
    20161.76244669068,
    10313.424726693263,
    43925.39848420782,
    8068.89297720253,
    2293.9761452468465,
    2856.755876209105,
    224.62003708359956
  ],
  "time_vector": [
    6.814449443481863e-05,
    7.641866250196472e-05,
    0.0001462052168790251,
    5.634267290588468e-05,
    0.00013017933815717697,
    0.0001981102832360193,
    1.5950303880884118e-05,
    6.287213410773042e-05,
    5.627366796219079e-05,
    2.1650099254604923e-05,
    6.918831251495805e-05,
    0.00014011581993640456,
    0.0001768461871212225,
    0.00024102722677430804,
    0.00019093444551879845,
    4.310627361746918e-05
  ],
  "detuning_vector": [
    0.0,
    0.0,
    0.0,
    0.0,
    0.0,
    0.0,
    17365.506778216903,
    -9140.12072396742,
    4879.741737616016,
    2352.6194657089254,
    -1873.3451947232206,
    -3641.372343447457,
    -1118.8033924690922,
    12946.843781460106,
    2148.5090320217805,
    8032.086650705842
  ],
  "omega_scales": [
    1.0,
    1.0,
    1.0,
    1.0,
    1.0,
    1.0,
    1.2793219767580983,
    1.5596818939286023,
    1.8022433863848257,
    1.338084789954875,
    1.0111747696345306,
    1.7882752705149247,
    1.2557314275181668,
    1.1238794672135457,
    0.5178725413001601,
    1.2034761437149464
  ],
  "time_scales": [
    1.0,
    1.0,
    1.0,
    1.0,
    1.0,
    1.0,
    1.0009836917036712,
    1.5318735341776857,
    1.1505614101587258,
    1.269595966363111,
    1.1607723148279174,
    1.430928521973111,
    1.3555969389169473,
    1.4254829294251063,
    1.1403110682787614,
    0.8517955963073617
  ],
  "detuning_offsets": [
    0.0,
    0.0,
    0.0,
    0.0,
    0.0,
    0.0,
    17583.70943019444,
    -9837.302181486952,
    3790.849769842578,
    3217.6656082870504,
    -1599.4118756314238,
    -4787.714750674019,
    -1436.7941151253422,
    11933.839753139793,
    1704.8747546780305,
    8390.583354807404
  ]
}