{
  "gen": 4,
  "fitness_penalized": 13557.0,
  "raw_survivors": 13557,
  "num_pulses": 280,
  "length_penalty": 0.0,
  "unique_pairs": [
    [
      0,
      -3
    ],
    [
      0,
      -2
    ],
    [
      0,
      -1
    ],
    [
      1,
      -3
    ],
    [
      1,
      -2
    ],
    [
      1,
      -1
    ],
    [
      2,
      -5
    ],
    [
      2,
      -4
    ],
    [
      2,
      -3
    ],
    [
      2,
      -2
    ],
    [
      2,
      -1
    ]
  ],
  "omega_vector": [
    11890.451126375956,
    23000.289375301796,
    4475.992291419366,
    11229.047635665798,
    21785.578913113695,
    6172.457169507593,
    12511.209788798658,
    14078.990218134175,
    28465.54144846855,
    7226.545949073673,
    5638.465289690603
  ],
  "time_vector": [
    7.90265264419329e-05,
    6.860169590587903e-05,
    7.985713374840514e-05,
    6.904316024690869e-05,
    4.1719857335502855e-05,
    8.430024248029388e-05,
    5.747948074937373e-05,
    4.017533824310986e-05,
    6.187276178026305e-05,
    0.00018353256651637014,
    0.00020543097762713223
  ],
  "omega_scales": [
    0.8890398842182636,
    1.3375552898252427,
    0.7895650402063761,
    0.8395872539897811,
    1.2669152044856884,
    1.0888214447011393,
    1.3512106571902542,
    1.0860935311132074,
    1.0979565987266435,
    1.1149528035713665,
    0.8699346446951213
  ],
  "time_scales": [
    0.8780725160214766,
    0.9800242272268433,
    1.1408161964057875,
    0.7671462249656521,
    0.5959979619357552,
    1.2042891782899123,
    0.8211354392767677,
    0.8035067648621972,
    1.2374552356052613,
    0.9176628325818507,
    1.0271548881356611
  ]
}