{
  "gen": 10,
  "score": 23936.0,
  "n_bar": 7.353522363716204,
  "num_pulses": 260,
  "good": 0.63764,
  "unique_pairs": [
    [
      0,
      -3
    ],
    [
      0,
      -2
    ],
    [
      0,
      -1
    ],
    [
      1,
      -3
    ],
    [
      1,
      -2
    ],
    [
      1,
      -1
    ],
    [
      2,
      -10
    ],
    [
      2,
      -9
    ],
    [
      2,
      -8
    ],
    [
      2,
      -7
    ],
    [
      2,
      -6
    ],
    [
      2,
      -5
    ],
    [
      2,
      -4
    ],
    [
      2,
      -3
    ],
    [
      2,
      -2
    ],
    [
      2,
      -1
    ]
  ],
  "omega_vector": [
    18991.11436816189,
    19950.100249329356,
    8431.882897069841,
    10860.426871051477,
    13746.794168868093,
    12024.359720519398,
    9491.974300764297,
    20119.671504283553,
    16739.791805416018,
    10866.723637946543,
    14760.609744667183,
    18168.520775018776,
    6003.3394641977275,
    2638.3844943110785,
    755.4260328222766,
    874.693252474174
  ],
  "time_vector": [
    8.225248495753595e-05,
    6.956082393573539e-05,
    0.00014221013135660716,
    0.00011941885443647015,
    8.396902626231635e-05,
    8.396738409029674e-05,
    3.302286846022374e-05,
    3.529400685220359e-05,
    3.409830331059271e-05,
    2.2279330441272416e-05,
    8.788195852633793e-05,
    0.00015887914592231596,
    0.0001246589078241986,
    9.535518584352072e-05,
    6.76629338423509e-05,
    5.426631220472504e-05
  ],
  "omega_scales": [
    1.0587651597859211,
    1.0794160632637304,
    0.927052333011555,
    0.7713142244932067,
    1.0681511599157802,
    1.504055669448975,
    1.009096091366208,
    1.2256321604546374,
    1.2725490712814782,
    0.9401702604225598,
    1.7205402276864945,
    1.4068937057708244,
    1.1790029155687485,
    0.4277566025247027,
    0.1770354505125334,
    1.087764238601
  ],
  "time_scales": [
    1.0436941395245682,
    0.6160317033979519,
    1.1972409639832118,
    1.5159205430578753,
    0.7373957197982178,
    0.6197005711013366,
    0.8199832050522305,
    1.0401035922582582,
    0.8504890431717005,
    0.8459747270357376,
    1.310096446834701,
    1.5023576966693086,
    1.397437145190088,
    0.7807392697911787,
    0.47983495597062786,
    1.27932593240954
  ]
}