{
  "gen": 18,
  "score": 16199.0,
  "n_bar": 24.157798773412896,
  "num_pulses": 260,
  "good": 0.72396,
  "unique_pairs": [
    [
      0,
      -3
    ],
    [
      0,
      -2
    ],
    [
      0,
      -1
    ],
    [
      1,
      -3
    ],
    [
      1,
      -2
    ],
    [
      1,
      -1
    ],
    [
      2,
      -10
    ],
    [
      2,
      -9
    ],
    [
      2,
      -8
    ],
    [
      2,
      -7
    ],
    [
      2,
      -6
    ],
    [
      2,
      -5
    ],
    [
      2,
      -4
    ],
    [
      2,
      -3
    ],
    [
      2,
      -2
    ],
    [
      2,
      -1
    ]
  ],
  "omega_vector": [
    17937.041271741346,
    18482.308092118237,
    9095.368833902437,
    14080.418234458644,
    12869.708636743491,
    7994.624111835327,
    9406.412711313926,
    16415.750298866456,
    13154.535398668444,
    11558.250751520503,
    8579.055293110137,
    12913.925687058992,
    5091.878387172375,
    6167.957382162706,
    4267.089052702445,
    804.1202509094601
  ],
  "time_vector": [
    7.88089937872069e-05,
    0.00011291760435330886,
    0.0001187815449310013,
    7.877646027250317e-05,
    0.0001138724078166483,
    0.00013549670277222638,
    4.0272615654512434e-05,
    3.3933165037507215e-05,
    4.0092583882350436e-05,
    2.63356926961543e-05,
    6.708052583656898e-05,
    0.00010575320791486138,
    8.920537732467512e-05,
    0.0001221344814242852,
    0.0001410129316349615,
    4.241789432229942e-05
  ],
  "omega_scales": [
    1.1210650794838342,
    1.4217160070860182,
    1.0105965371002708,
    0.8800261396536653,
    0.9899775874418071,
    0.8882915679817031,
    0.7838677259428272,
    1.3679791915722048,
    1.4616150442964937,
    1.284250083502278,
    1.4298425488516897,
    2.1523209478431653,
    1.2729695967930938,
    1.5419893455406766,
    1.4223630175674815,
    0.2680400836364867
  ],
  "time_scales": [
    0.9851124223400862,
    1.2546400483700983,
    0.9898462077583439,
    0.9847057534062895,
    1.2652489757405365,
    1.1291391897685528,
    1.3424205218170813,
    1.1311055012502407,
    1.3364194627450146,
    0.8778564232051433,
    1.3416105167313794,
    2.1150641582972276,
    1.2743625332096447,
    1.7447783060612174,
    1.566810351499572,
    0.471309936914438
  ]
}