{
  "gen": 12,
  "score": 25475.0,
  "n_bar": 6.403421854325015,
  "num_pulses": 260,
  "good": 0.64994,
  "unique_pairs": [
    [
      0,
      -3
    ],
    [
      0,
      -2
    ],
    [
      0,
      -1
    ],
    [
      1,
      -3
    ],
    [
      1,
      -2
    ],
    [
      1,
      -1
    ],
    [
      2,
      -10
    ],
    [
      2,
      -9
    ],
    [
      2,
      -8
    ],
    [
      2,
      -7
    ],
    [
      2,
      -6
    ],
    [
      2,
      -5
    ],
    [
      2,
      -4
    ],
    [
      2,
      -3
    ],
    [
      2,
      -2
    ],
    [
      2,
      -1
    ]
  ],
  "omega_vector": [
    20111.93626697699,
    22228.0388630606,
    8415.153711879073,
    11248.803430776476,
    9922.9508342124,
    9532.862879080687,
    8627.796302030192,
    19858.51999684845,
    16084.094874884375,
    8755.68281401881,
    13632.084766865668,
    22680.996029891463,
    4862.901152955426,
    1570.357825869125,
    4.2670890527024445,
    888.6474854361486
  ],
  "time_vector": [
    7.140652397757293e-05,
    5.3237040090065645e-05,
    9.09457002732291e-05,
    0.00012159401677627601,
    9.139219166106778e-05,
    8.974304275985146e-05,
    3.588211752974835e-05,
    4.0647729901951216e-05,
    4.532020631128228e-05,
    2.5195241698842017e-05,
    9.65015682413567e-05,
    0.00017626001869106817,
    0.00018621951155029686,
    9.366598103126347e-05,
    4.6182457362526364e-05,
    3.777674968103007e-05
  ],
  "omega_scales": [
    1.1212516023287549,
    1.2026657462257433,
    0.9252130249531054,
    0.798896967651683,
    0.7710315083755976,
    1.1924091421594338,
    0.9172249365215261,
    1.2097235664104689,
    1.222703378474224,
    0.757526635046453,
    1.5889960262040308,
    1.7563207786812451,
    0.955030890998144,
    0.25459933144325675,
    0.001,
    1.1051176542701022
  ],
  "time_scales": [
    0.906070748351115,
    0.47146802805048577,
    0.7656551388185624,
    1.543532374463876,
    0.802584166491568,
    0.6623263955781414,
    0.8909805570507526,
    1.1978761738559376,
    1.1303887630694118,
    0.9566956141236709,
    1.438592901057027,
    1.6667108458971656,
    2.087536840660688,
    0.7669085743761052,
    0.32750512188540515,
    0.8905852184456629
  ]
}