{
  "gen": 22,
  "score": 19282.0,
  "n_bar": 19.58963202028643,
  "num_pulses": 260,
  "good": 0.69406,
  "unique_pairs": [
    [
      0,
      -3
    ],
    [
      0,
      -2
    ],
    [
      0,
      -1
    ],
    [
      1,
      -3
    ],
    [
      1,
      -2
    ],
    [
      1,
      -1
    ],
    [
      2,
      -10
    ],
    [
      2,
      -9
    ],
    [
      2,
      -8
    ],
    [
      2,
      -7
    ],
    [
      2,
      -6
    ],
    [
      2,
      -5
    ],
    [
      2,
      -4
    ],
    [
      2,
      -3
    ],
    [
      2,
      -2
    ],
    [
      2,
      -1
    ]
  ],
  "omega_vector": [
    20126.43159415549,
    11601.099260039591,
    5002.783753044358,
    16720.669527682614,
    10715.429089929967,
    6897.293976338883,
    12137.65482003533,
    20001.658099118013,
    14466.089497342342,
    10851.824803557987,
    10713.946020697551,
    19056.895738165877,
    5485.592290539449,
    4864.073587784331,
    4810.0146232745265,
    835.9673318795539
  ],
  "time_vector": [
    7.165827587929824e-05,
    0.00011406491419253058,
    0.00019102068553722155,
    9.367158037400771e-05,
    0.00010926705092365273,
    0.00015396776075451128,
    4.2457583136254796e-05,
    3.7349740012201945e-05,
    4.048281932662779e-05,
    3.589015695896674e-05,
    4.3256699128236485e-05,
    0.00012688406223937556,
    9.205656193435902e-05,
    0.00018581199664464038,
    0.0002177283378530865,
    5.550695682595116e-05
  ],
  "omega_scales": [
    1.1220597248590483,
    0.6276867151694973,
    0.5500363805365192,
    1.187512277636935,
    0.832608524635124,
    0.8627414972679024,
    1.290359586863151,
    1.21844312535012,
    1.0997035667409991,
    0.93888123886705,
    1.2488491630592469,
    1.4756857202387579,
    1.0773219376878542,
    0.7886036310579716,
    1.1272355846963715,
    1.0396048736915589
  ],
  "time_scales": [
    0.9092652048417672,
    1.01016059632766,
    1.6081680504171172,
    1.1890808504212986,
    0.9595568658182123,
    1.1363210882949326,
    1.0542544219249772,
    1.1006854200284089,
    1.0097333571228067,
    1.3627952517094417,
    0.6448473472825071,
    1.1998128916377722,
    1.0319620262274842,
    1.5213721340425124,
    1.5440310000554933,
    1.308574074992938
  ]
}