{
  "gen": 18,
  "fitness": 2439.3704045651643,
  "score_list": [
    2325,
    2870,
    3323,
    2710,
    2062
  ],
  "num_pulses": 200,
  "unique_pairs": [
    [
      0,
      -3
    ],
    [
      0,
      -2
    ],
    [
      0,
      -1
    ],
    [
      1,
      -3
    ],
    [
      1,
      -2
    ],
    [
      1,
      -1
    ],
    [
      2,
      -5
    ],
    [
      2,
      -4
    ],
    [
      2,
      -3
    ],
    [
      2,
      -2
    ]
  ],
  "omega_vector": [
    27948.40840038742,
    12384.580543281381,
    5593.784458428931,
    18498.506016928528,
    11113.174924090421,
    993.243170901028,
    6456.552776445813,
    6745.856670736756,
    3467.03380132114,
    3403.426087356023
  ],
  "time_vector": [
    7.161613923953046e-05,
    9.910047915303132e-05,
    1.8077112151361145e-05,
    0.00010290362972568384,
    0.0001244542528851057,
    5.068390687727486e-05,
    6.583350960819339e-05,
    7.794864346641946e-05,
    0.00019377302650652105,
    0.00013422965065724358
  ],
  "omega_scales": [
    1.14047037114132,
    0.5053685693397089,
    0.4095355313308341,
    1.0997373659383467,
    0.6606789600763956,
    0.1,
    1.4084964915276836,
    1.4716081138132835,
    1.4688272464128516,
    1.4418795012485566
  ],
  "time_scales": [
    1.0230877034218637,
    1.41572113075759,
    0.3615422430272229,
    1.470051853224055,
    1.7779178983586528,
    1.013678137545497,
    1.3166701921638677,
    1.5589728693283895,
    0.9688651325326052,
    0.6711482532862179
  ]
}