{
  "gen": 29,
  "score": 16616.0,
  "n_bar": 25.151895849357604,
  "num_pulses": 260,
  "good": 0.70206,
  "unique_pairs": [
    [
      0,
      -3
    ],
    [
      0,
      -2
    ],
    [
      0,
      -1
    ],
    [
      1,
      -3
    ],
    [
      1,
      -2
    ],
    [
      1,
      -1
    ],
    [
      2,
      -10
    ],
    [
      2,
      -9
    ],
    [
      2,
      -8
    ],
    [
      2,
      -7
    ],
    [
      2,
      -6
    ],
    [
      2,
      -5
    ],
    [
      2,
      -4
    ],
    [
      2,
      -3
    ],
    [
      2,
      -2
    ],
    [
      2,
      -1
    ]
  ],
  "omega_vector": [
    20098.70307184383,
    17687.66761960729,
    7178.903313358631,
    10260.12719207115,
    16221.17693009369,
    5935.53589702416,
    7392.738771703765,
    17416.795304172094,
    12917.602173736965,
    8568.340749877974,
    9889.48152655431,
    12920.411795060161,
    5650.636685714386,
    5717.46685431707,
    5203.473769456393,
    161.21846008248818
  ],
  "time_vector": [
    7.169684682068325e-05,
    6.599043738584443e-05,
    0.00012153522461182368,
    8.614029213849334e-05,
    8.151508213864308e-05,
    0.00017941529602299368,
    4.707910549921664e-05,
    5.695061807800009e-05,
    1.9792449178138047e-05,
    2.7636146142957295e-05,
    7.235998170297339e-05,
    9.803205113333888e-05,
    0.00010307422856776409,
    0.00012888279162406893,
    0.00021439652922316667,
    5.95557604929838e-05
  ],
  "omega_scales": [
    1.2561689419902393,
    1.3605898168928685,
    0.7976559237065145,
    0.6412579495044468,
    1.2477828407764378,
    0.65950398855824,
    0.6160615643086471,
    1.4513996086810077,
    1.4352891304152182,
    0.9520378610975526,
    1.648246921092385,
    2.15340196584336,
    1.4126591714285965,
    1.4293667135792676,
    1.7344912564854642,
    0.05373948669416272
  ],
  "time_scales": [
    0.8962105852585405,
    0.733227082064938,
    1.0127935384318638,
    1.0767536517311667,
    0.905723134873812,
    1.4951274668582804,
    1.569303516640555,
    1.8983539359333366,
    0.659748305937935,
    0.9212048714319099,
    1.4471996340594677,
    1.9606410226667776,
    1.472488979539487,
    1.841182737486699,
    2.382183658035185,
    0.6617306721442644
  ]
}