{
  "gen": 16,
  "score": -46.32366178480765,
  "n_bar": 17.691661784807653,
  "num_pulses": 480,
  "good": 0.71694,
  "survive": 0.99348,
  "unique_pairs": [
    [
      0,
      -3
    ],
    [
      0,
      -2
    ],
    [
      0,
      -1
    ],
    [
      1,
      -3
    ],
    [
      1,
      -2
    ],
    [
      1,
      -1
    ],
    [
      2,
      -10
    ],
    [
      2,
      -9
    ],
    [
      2,
      -8
    ],
    [
      2,
      -7
    ],
    [
      2,
      -6
    ],
    [
      2,
      -5
    ],
    [
      2,
      -4
    ],
    [
      2,
      -3
    ],
    [
      2,
      -2
    ],
    [
      2,
      -1
    ]
  ],
  "omega_vector": [
    15914.24623481533,
    16886.257235278666,
    8842.679676147001,
    16461.915483872926,
    11962.548035636586,
    6085.7957321521335,
    16083.418417060799,
    14400.443020834404,
    14650.77744571306,
    10447.063667116914,
    7916.579730879474,
    6607.274068725036,
    2019.1188773209192,
    1590.9703126176378,
    918.1201560468211,
    300.0
  ],
  "time_vector": [
    7.989442231657539e-05,
    0.00011460511660166472,
    0.00010404903582006909,
    9.808738464809485e-05,
    0.00012618911102366725,
    0.00012345294982321777,
    2.7046654555728993e-05,
    3.5057192806517605e-05,
    4.363638777740193e-05,
    2.3815152029289563e-05,
    5.6791123727401485e-05,
    7.19704245272441e-05,
    5.6246014616036026e-05,
    5.92114013310162e-05,
    1.535027428750468e-05,
    5.653709349254943e-05
  ],
  "omega_scales": [
    0.9946403896759581,
    1.2989428642522052,
    0.9825199640163335,
    1.0288697177420578,
    0.9201960027412759,
    0.6761995257946815,
    1.3402848680883999,
    1.200036918402867,
    1.6278641606347843,
    1.1607848519018793,
    1.319429955146579,
    1.101212344787506,
    0.5047797193302298,
    0.39774257815440944,
    0.306040052015607,
    0.1
  ],
  "time_scales": [
    0.9986802789571924,
    1.2733901844629412,
    0.8670752985005757,
    1.2260923081011856,
    1.4021012335963026,
    1.0287745818601481,
    0.9015551518576331,
    1.1685730935505867,
    1.4545462592467309,
    0.7938384009763186,
    1.1358224745480296,
    1.439408490544882,
    0.8035144945148006,
    0.8458771618716603,
    0.17055860319449645,
    0.6281899276949936
  ]
}