{
  "gen": 12,
  "score": 17481.0,
  "n_bar": 23.777674732315994,
  "num_pulses": 260,
  "good": 0.71166,
  "unique_pairs": [
    [
      0,
      -3
    ],
    [
      0,
      -2
    ],
    [
      0,
      -1
    ],
    [
      1,
      -3
    ],
    [
      1,
      -2
    ],
    [
      1,
      -1
    ],
    [
      2,
      -10
    ],
    [
      2,
      -9
    ],
    [
      2,
      -8
    ],
    [
      2,
      -7
    ],
    [
      2,
      -6
    ],
    [
      2,
      -5
    ],
    [
      2,
      -4
    ],
    [
      2,
      -3
    ],
    [
      2,
      -2
    ],
    [
      2,
      -1
    ]
  ],
  "omega_vector": [
    16103.14204311626,
    11316.992956245142,
    8539.017467737442,
    11688.929598802742,
    10030.866450166082,
    6778.922290971225,
    10914.875672759174,
    11511.377653691698,
    14233.297267600328,
    16431.311468143682,
    7035.733365307361,
    18340.53552389665,
    6170.777229892182,
    4254.035702163948,
    5639.248465838071,
    794.4304903562531
  ],
  "time_vector": [
    5.89870756853861e-05,
    0.00011210359299748516,
    0.00010720234985615916,
    7.8984431623225e-05,
    0.00010695153953821064,
    0.0001259071530962315,
    4.719916434171341e-05,
    4.194597654426877e-05,
    5.2528728702070096e-05,
    1.560040521282915e-05,
    5.353420287773992e-05,
    0.00012774706620729466,
    6.427450125126767e-05,
    0.0001009257955657514,
    0.00022146442445729515,
    2.4780088147515227e-05
  ],
  "omega_scales": [
    0.8977591007991783,
    0.6123149173259991,
    0.9388313573286626,
    0.8301549999556637,
    0.7794167499772359,
    0.8479350868961604,
    1.1603653813351062,
    0.7012398120167912,
    1.0820068391351099,
    1.4216088396822477,
    0.8201058422170444,
    1.4202138032346083,
    1.2118862157897965,
    0.6896992697236068,
    1.321568028271312,
    0.9879498613021525
  ],
  "time_scales": [
    0.7484815228660044,
    0.9927911063139913,
    0.9025168844068467,
    1.0026400189853977,
    0.9392226037602598,
    0.9292266934929392,
    1.1719915276082862,
    1.2361351055200651,
    1.3101856654249133,
    0.5923673773032966,
    0.7980587841955739,
    1.2079734381080645,
    0.720522721599303,
    0.8263497285024975,
    1.5705256382485366,
    0.584189492274918
  ]
}