{
  "gen": 2,
  "fitness_penalized": 14530.0,
  "raw_survivors": 14530,
  "num_pulses": 280,
  "length_penalty": 0.0,
  "unique_pairs": [
    [
      0,
      -3
    ],
    [
      0,
      -2
    ],
    [
      0,
      -1
    ],
    [
      1,
      -3
    ],
    [
      1,
      -2
    ],
    [
      1,
      -1
    ],
    [
      2,
      -5
    ],
    [
      2,
      -4
    ],
    [
      2,
      -3
    ],
    [
      2,
      -2
    ],
    [
      2,
      -1
    ]
  ],
  "omega_vector": [
    11641.908098910846,
    14927.509687481024,
    4636.573417551591,
    16159.09990820514,
    17275.257230156054,
    6817.343412337921,
    9846.089392867447,
    13269.332315428357,
    31366.27998504498,
    6683.253642343673,
    5238.278237071352
  ],
  "time_vector": [
    7.900441789140179e-05,
    9.579112845874461e-05,
    6.141663130911272e-05,
    8.645628762704257e-05,
    6.934951571744262e-05,
    7.74946190990259e-05,
    7.879424347986999e-05,
    5.4540688355240785e-05,
    5.3454203613071926e-05,
    0.0001872674758555818,
    0.0001409719505312101
  ],
  "omega_scales": [
    0.8704565132416415,
    0.8680921018258194,
    0.8178915508561005,
    1.2082034700596456,
    1.0046226512306133,
    1.2025793779364091,
    1.0633776544296836,
    1.0236342071901872,
    1.2098422279945915,
    1.0311305619615951,
    0.8081914994338655
  ],
  "time_scales": [
    0.8778268654600198,
    1.3684446922677802,
    0.8773804472730387,
    0.9606254180782507,
    0.9907073673920375,
    1.1070659871289412,
    1.1256320497124286,
    1.0908137671048157,
    1.0690840722614388,
    0.9363373792779089,
    0.7048597526560505
  ]
}