{
  "gen": 0,
  "score": 8978.0,
  "n_bar": 41.464546140306766,
  "num_pulses": 260,
  "good": 0.7954,
  "unique_pairs": [
    [
      0,
      -3
    ],
    [
      0,
      -2
    ],
    [
      0,
      -1
    ],
    [
      1,
      -3
    ],
    [
      1,
      -2
    ],
    [
      1,
      -1
    ],
    [
      2,
      -10
    ],
    [
      2,
      -9
    ],
    [
      2,
      -8
    ],
    [
      2,
      -7
    ],
    [
      2,
      -6
    ],
    [
      2,
      -5
    ],
    [
      2,
      -4
    ],
    [
      2,
      -3
    ],
    [
      2,
      -2
    ],
    [
      2,
      -1
    ]
  ],
  "omega_vector": [
    16234.48100667423,
    13097.560404082955,
    8836.432326673266,
    15901.335954930611,
    12442.624714766704,
    6404.438275847977,
    10760.374218814,
    14195.097729568432,
    6536.998264407988,
    8658.800079229299,
    5016.295285474987,
    6133.620515277734,
    3689.0934551465457,
    5181.914931979735,
    3303.9498925141525,
    2212.918100533673
  ],
  "time_vector": [
    9.073964818581917e-05,
    7.605626658728287e-05,
    0.00010615208708693922,
    8.502110432171396e-05,
    8.114854644485759e-05,
    0.00014142853959175095,
    2.5352939630919625e-05,
    2.6286320684451818e-05,
    2.6061774638711344e-05,
    2.6606167509869764e-05,
    6.099191555547813e-05,
    5.628796293610303e-05,
    9.393921535616898e-05,
    0.00010174701885458956,
    7.144709342521789e-05,
    9.126754429189121e-05
  ],
  "omega_scales": [
    1.0146550629171394,
    1.0075046464679196,
    0.9818258140748074,
    0.9938334971831632,
    0.9571249780589772,
    0.7116042528719975,
    0.8966978515678334,
    1.1829248107973693,
    0.7263331404897765,
    0.9620888976921443,
    0.8360492142458312,
    1.0222700858796223,
    0.9222733637866364,
    1.2954787329949338,
    1.1013166308380509,
    0.7376393668445578
  ],
  "time_scales": [
    1.1342456023227396,
    0.8450696287475874,
    0.8846007257244932,
    1.0627638040214245,
    0.9016505160539731,
    1.178571163264591,
    0.8450979876973209,
    0.8762106894817273,
    0.8687258212903782,
    0.8868722503289922,
    1.2198383111095625,
    1.1257592587220606,
    1.3419887908024142,
    1.453528840779851,
    0.793856593613532,
    1.0140838254654578
  ]
}