{
  "gen": 10,
  "score": -51.87556349156971,
  "n_bar": 15.691563491569713,
  "num_pulses": 480,
  "good": 0.64292,
  "survive": 0.99048,
  "unique_pairs": [
    [
      0,
      -3
    ],
    [
      0,
      -2
    ],
    [
      0,
      -1
    ],
    [
      1,
      -3
    ],
    [
      1,
      -2
    ],
    [
      1,
      -1
    ],
    [
      2,
      -10
    ],
    [
      2,
      -9
    ],
    [
      2,
      -8
    ],
    [
      2,
      -7
    ],
    [
      2,
      -6
    ],
    [
      2,
      -5
    ],
    [
      2,
      -4
    ],
    [
      2,
      -3
    ],
    [
      2,
      -2
    ],
    [
      2,
      -1
    ]
  ],
  "omega_vector": [
    15010.249327964306,
    11407.68100857009,
    15156.62964122088,
    16695.707303227584,
    8778.298996605607,
    6970.92229252507,
    14985.941016868675,
    17508.747014019988,
    13414.082151505105,
    15435.737969016835,
    4586.196041136712,
    10912.41011146745,
    4881.027977719707,
    1980.645815866906,
    584.0981028962185,
    1012.4950864011647
  ],
  "time_vector": [
    6.884922561482556e-05,
    6.0494061262384956e-05,
    7.786972603152092e-05,
    7.780212504037443e-05,
    0.00014466949992529004,
    0.00013270821580571517,
    1.5884349674670183e-05,
    3.592859620970514e-05,
    2.92600758549746e-05,
    2.6678397920740274e-05,
    8.152397634886879e-05,
    8.46447495246487e-05,
    7.577279319553878e-05,
    6.556847299369089e-05,
    6.715477571941497e-05,
    4.750980993828026e-05
  ],
  "omega_scales": [
    0.9381405829977691,
    0.8775139237361608,
    1.6840699601356532,
    1.043481706451724,
    0.675253768969662,
    0.7745469213916744,
    1.2488284180723896,
    1.4590622511683324,
    1.490453572389456,
    1.715081996557426,
    0.7643660068561187,
    1.8187350185779083,
    1.2202569944299269,
    0.4951614539667265,
    0.19469936763207285,
    0.3374983621337216
  ],
  "time_scales": [
    0.8606153201853194,
    0.6721562362487217,
    0.6489143835960077,
    0.9725265630046802,
    1.607438888058778,
    1.1059017983809596,
    0.5294783224890061,
    1.197619873656838,
    0.9753358618324866,
    0.8892799306913424,
    1.6304795269773757,
    1.6928949904929738,
    1.082468474221983,
    0.9366924713384416,
    0.7461641746601663,
    0.5278867770920028
  ]
}