{
  "gen": 15,
  "score": 2488.4209640209133,
  "score_SLM": 2940,
  "score_AOD": 2781,
  "survive_SLM": 0.7544,
  "survive_AOD": 0.7435,
  "nzbar_SLM": 38.087221633085896,
  "nzbar_AOD": 30.690786819098857,
  "num_pulses": 260,
  "unique_pairs": [
    [
      0,
      -3
    ],
    [
      0,
      -2
    ],
    [
      0,
      -1
    ],
    [
      1,
      -3
    ],
    [
      1,
      -2
    ],
    [
      1,
      -1
    ],
    [
      2,
      -10
    ],
    [
      2,
      -9
    ],
    [
      2,
      -8
    ],
    [
      2,
      -7
    ],
    [
      2,
      -6
    ],
    [
      2,
      -5
    ],
    [
      2,
      -4
    ],
    [
      2,
      -3
    ],
    [
      2,
      -2
    ],
    [
      2,
      -1
    ]
  ],
  "omega_vector": [
    20000.0,
    17760.42578125,
    5926.83544921875,
    20000.0,
    10060.341796875,
    4332.263671875,
    9911.046411828134,
    9446.38363508688,
    8007.589334295698,
    7290.550979193862,
    6684.744882156395,
    6905.623901788827,
    8733.363446583617,
    4360.7062474246195,
    4593.518498915482,
    79.78214173231791
  ],
  "time_vector": [
    6.814449443481863e-05,
    7.641866250196472e-05,
    0.0001462052168790251,
    5.634267290588468e-05,
    0.00013017933815717697,
    0.0001981102832360193,
    2.0630114434375168e-05,
    3.23732470323779e-05,
    2.473267543816043e-05,
    1.544617281446108e-05,
    0.00012799672821621835,
    0.0001665863928882847,
    0.00011837856852941189,
    0.00012906152947327038,
    0.00028663513344563517,
    6.79058777605722e-05
  ],
  "detuning_vector": [
    0.0,
    0.0,
    0.0,
    0.0,
    0.0,
    0.0,
    17578.696968200988,
    1778.060812822634,
    13295.748408441208,
    -11839.143509984955,
    -99.55249553616068,
    19339.936377793376,
    -4276.486679016778,
    -16436.775514905807,
    -32.59491578951747,
    20660.43921838503
  ],
  "omega_scales": [
    1.0,
    1.0,
    1.0,
    1.0,
    1.0,
    1.0,
    0.9911046411828135,
    0.944638363508688,
    0.8007589334295698,
    0.7290550979193862,
    0.6684744882156395,
    0.6905623901788828,
    0.9502604879512717,
    1.381909092899309,
    1.0812298650760908,
    1.2115231214418214
  ],
  "time_scales": [
    1.0,
    1.0,
    1.0,
    1.0,
    1.0,
    1.0,
    1.1217838585017947,
    0.7520734619580416,
    0.6163968694087844,
    0.8434579403107594,
    1.4473669427096778,
    1.2751946562001217,
    0.8824866978599011,
    0.51243282458625,
    1.302595910551477,
    1.5191075211191536
  ],
  "detuning_offsets": [
    0.0,
    0.0,
    0.0,
    0.0,
    0.0,
    0.0,
    6957.798530700986,
    -9039.183327802366,
    2550.367549066208,
    -7420.302201391205,
    2805.7228950888393,
    15960.03086021525,
    -7466.509139954278,
    -17232.176943128463,
    -437.05460206881435,
    8170.317148072529
  ],
  "omega_lin_max_xyz": [
    20000.0,
    20000.0,
    10000.0
  ]
}