{
  "gen": 23,
  "fitness": 3403.5609974030813,
  "score_list": [
    3646,
    3733,
    3981,
    3543,
    2961
  ],
  "num_pulses": 200,
  "unique_pairs": [
    [
      0,
      -3
    ],
    [
      0,
      -2
    ],
    [
      0,
      -1
    ],
    [
      1,
      -3
    ],
    [
      1,
      -2
    ],
    [
      1,
      -1
    ],
    [
      2,
      -5
    ],
    [
      2,
      -4
    ],
    [
      2,
      -3
    ],
    [
      2,
      -2
    ]
  ],
  "omega_vector": [
    24408.292356196856,
    16583.52217731717,
    1393.5929475003675,
    21648.767501244703,
    13820.292356056756,
    2920.648574182927,
    11686.770347854706,
    13826.43811882734,
    3419.936073691872,
    4156.741003154303
  ],
  "time_vector": [
    9.288619655414409e-05,
    7.211505578182725e-05,
    1.7005444511110656e-05,
    7.08721627749055e-05,
    9.239953681706757e-05,
    7.744712375955068e-05,
    8.644034961854759e-05,
    6.970125314381251e-05,
    0.0001224055586399972,
    9.356408548627926e-05
  ],
  "omega_scales": [
    0.9960114309053748,
    0.6767117261723231,
    0.10202856982690392,
    1.2870206126831631,
    0.8216172645639034,
    0.2940517146001053,
    2.549468052409293,
    3.016236412058449,
    1.4488740444684,
    1.7610253581571569
  ],
  "time_scales": [
    1.3269456650592013,
    1.030215082597532,
    0.34010889022221313,
    1.0124594682129358,
    1.3199933831009651,
    1.5489424751910137,
    1.7288069923709517,
    1.3940250628762505,
    0.612027793199986,
    0.4678204274313963
  ]
}