{
  "gen": 27,
  "score": -44.59763166259528,
  "n_bar": 12.194631662595285,
  "num_pulses": 480,
  "good": 0.67954,
  "survive": 0.99286,
  "unique_pairs": [
    [
      0,
      -3
    ],
    [
      0,
      -2
    ],
    [
      0,
      -1
    ],
    [
      1,
      -3
    ],
    [
      1,
      -2
    ],
    [
      1,
      -1
    ],
    [
      2,
      -10
    ],
    [
      2,
      -9
    ],
    [
      2,
      -8
    ],
    [
      2,
      -7
    ],
    [
      2,
      -6
    ],
    [
      2,
      -5
    ],
    [
      2,
      -4
    ],
    [
      2,
      -3
    ],
    [
      2,
      -2
    ],
    [
      2,
      -1
    ]
  ],
  "omega_vector": [
    20922.313045305724,
    26594.75289248014,
    8379.17660984954,
    16481.641289969237,
    14552.979913218436,
    4509.147991121071,
    18118.963448828938,
    17552.417587354463,
    18339.182322264252,
    8902.683175659957,
    10916.613009727975,
    8760.353825683524,
    1718.2581515626068,
    400.0,
    792.6614875039128,
    1792.9554136364839
  ],
  "time_vector": [
    8.594486149304022e-05,
    4.7734566084013365e-05,
    6.852274172360209e-05,
    8.376065371516979e-05,
    0.0001148877333229859,
    0.00013760547739203517,
    2.566152637334985e-05,
    6.133679903543021e-05,
    3.8386198811922174e-05,
    3.298716939886868e-05,
    5.9608907339061316e-05,
    7.932273757602468e-05,
    0.00010944444288045315,
    7.146517999910841e-05,
    9e-06,
    9.824741822432203e-06
  ],
  "omega_scales": [
    1.3076445653316078,
    2.0457502224984725,
    0.9310196233166155,
    1.0301025806230772,
    1.119459993324495,
    0.5010164434578968,
    1.5099136207357449,
    1.4627014656128718,
    2.037686924696028,
    0.989187019517773,
    1.819435501621329,
    1.4600589709472538,
    0.4295645378906517,
    0.1,
    0.2642204958346376,
    0.5976518045454946
  ],
  "time_scales": [
    1.0743107686630027,
    0.5303840676001484,
    0.571022847696684,
    1.0470081714396222,
    1.2765303702553987,
    1.146712311600293,
    0.855384212444995,
    2.0445599678476736,
    1.2795399603974056,
    1.0995723132956225,
    1.1921781467812262,
    1.5864547515204936,
    1.5634920411493312,
    1.0209311428444061,
    0.1,
    0.10916379802702447
  ]
}