{
  "gen": 24,
  "fitness_penalized": 16046.0,
  "raw_survivors": 16046,
  "num_pulses": 280,
  "length_penalty": 0.0,
  "unique_pairs": [
    [
      0,
      -3
    ],
    [
      0,
      -2
    ],
    [
      0,
      -1
    ],
    [
      1,
      -3
    ],
    [
      1,
      -2
    ],
    [
      1,
      -1
    ],
    [
      2,
      -5
    ],
    [
      2,
      -4
    ],
    [
      2,
      -3
    ],
    [
      2,
      -2
    ],
    [
      2,
      -1
    ]
  ],
  "omega_vector": [
    16382.051194821606,
    18579.382422280254,
    5443.995735899728,
    14438.96241421088,
    25793.6507936508,
    5568.680468573283,
    13888.888888888898,
    19444.444444444453,
    29888.417330524484,
    9722.222222222224,
    2649.686197037661
  ],
  "time_vector": [
    0.00010316190936520493,
    8.057967608378328e-05,
    9.42122536175222e-05,
    0.00011237912464896186,
    8.38737270712423e-05,
    8.801327740446337e-05,
    5.567870863435263e-05,
    9.884109182218672e-05,
    3.5620604053624484e-05,
    0.0002445224114931977,
    0.0002875119505439525
  ],
  "omega_scales": [
    1.224873366258969,
    1.0804625470187592,
    0.960320847812712,
    1.0795901128163825,
    1.5,
    0.982315234656327,
    1.5,
    1.5,
    1.1528389541773725,
    1.5,
    0.4088087275429533
  ],
  "time_scales": [
    1.1462434373911659,
    1.1511382297683326,
    1.3458893373931742,
    1.2486569405440207,
    1.1981961010177473,
    1.2573325343494766,
    0.7954101233478948,
    1.9768218364437344,
    0.7124120810724899,
    1.2226120574659884,
    1.4375597527197623
  ]
}