{
  "gen": 17,
  "score": 3696.8489284794964,
  "score_SLM": 3809,
  "score_AOD": 3588,
  "survive_SLM": 0.6948,
  "survive_AOD": 0.7051,
  "nzbar_SLM": 14.730713874496258,
  "nzbar_AOD": 12.98028648418664,
  "num_pulses": 260,
  "unique_pairs": [
    [
      0,
      -3
    ],
    [
      0,
      -2
    ],
    [
      0,
      -1
    ],
    [
      1,
      -3
    ],
    [
      1,
      -2
    ],
    [
      1,
      -1
    ],
    [
      2,
      -10
    ],
    [
      2,
      -9
    ],
    [
      2,
      -8
    ],
    [
      2,
      -7
    ],
    [
      2,
      -6
    ],
    [
      2,
      -5
    ],
    [
      2,
      -4
    ],
    [
      2,
      -3
    ],
    [
      2,
      -2
    ],
    [
      2,
      -1
    ]
  ],
  "omega_vector": [
    20508.373046875,
    17760.42578125,
    5926.83544921875,
    25809.142578125,
    10060.341796875,
    4332.263671875,
    14095.487958969192,
    21397.51271665302,
    32832.51144126443,
    23107.4604761631,
    14879.280524153692,
    40374.24829039782,
    6731.865229211288,
    2518.567375055596,
    3487.939086698992,
    198.43084040231665
  ],
  "time_vector": [
    6.814449443481863e-05,
    7.641866250196472e-05,
    0.0001462052168790251,
    5.634267290588468e-05,
    0.00013017933815717697,
    0.0001981102832360193,
    2.3153595946605e-05,
    3.5857591073072e-05,
    3.324427663574068e-05,
    1.8086059710865934e-05,
    6.294743924697762e-05,
    0.00015128456771954855,
    0.00011003300015904798,
    0.00015429111391214432,
    0.00022998066075414467,
    5.0605064180542466e-05
  ],
  "detuning_vector": [
    0.0,
    0.0,
    0.0,
    0.0,
    0.0,
    0.0,
    -5464.412841453244,
    6209.946407802861,
    -6060.0532884060585,
    -3076.119443006697,
    8231.763257286784,
    6400.6397551904265,
    5245.365834172528,
    -3507.913466693033,
    1187.993919958691,
    -6939.866831583286
  ],
  "omega_scales": [
    1.0,
    1.0,
    1.0,
    1.0,
    1.0,
    1.0,
    1.023464575487192,
    1.2388538490629881,
    1.3450306770468061,
    1.5335832608578521,
    1.4588319064760014,
    1.643702101172868,
    1.0476548341911687,
    1.2339126391893298,
    0.6322933974764147,
    1.0631588601893802
  ],
  "time_scales": [
    1.0,
    1.0,
    1.0,
    1.0,
    1.0,
    1.0,
    1.4530363885182087,
    0.8736667769235343,
    0.6797065695348621,
    1.0605950663913841,
    1.0560691843930603,
    1.544989016818578,
    0.8434470690239347,
    0.9125083169533044,
    1.373505405142805,
    0.999974416771872
  ],
  "detuning_offsets": [
    0.0,
    0.0,
    0.0,
    0.0,
    0.0,
    0.0,
    -5246.210189475705,
    5512.76495028333,
    -7148.945256179496,
    -2211.073300428572,
    8505.696576378581,
    5254.297347963864,
    4927.375111516278,
    -4520.917495013346,
    744.359642614941,
    -6581.370127481723
  ]
}