{
  "gen": 29,
  "score": -43.99125900071456,
  "n_bar": 16.41625900071456,
  "num_pulses": 480,
  "good": 0.72772,
  "survive": 0.99306,
  "unique_pairs": [
    [
      0,
      -3
    ],
    [
      0,
      -2
    ],
    [
      0,
      -1
    ],
    [
      1,
      -3
    ],
    [
      1,
      -2
    ],
    [
      1,
      -1
    ],
    [
      2,
      -10
    ],
    [
      2,
      -9
    ],
    [
      2,
      -8
    ],
    [
      2,
      -7
    ],
    [
      2,
      -6
    ],
    [
      2,
      -5
    ],
    [
      2,
      -4
    ],
    [
      2,
      -3
    ],
    [
      2,
      -2
    ],
    [
      2,
      -1
    ]
  ],
  "omega_vector": [
    16564.305252732058,
    15273.218309521737,
    5316.662976687387,
    17422.77026879786,
    10645.186065917442,
    8056.50290869871,
    24326.390548340834,
    20580.572306553044,
    18460.19606451432,
    11517.762826795677,
    7546.815214220289,
    6553.5349561206485,
    400.0,
    400.0,
    822.4685123431493,
    300.0
  ],
  "time_vector": [
    0.00010081767782114553,
    0.00010856529337813129,
    0.00011502920617098241,
    8.190677724646589e-05,
    0.0001329047707137252,
    8.23966380538166e-05,
    2.4399360136606614e-05,
    3.9804525797822694e-05,
    3.6312217322975487e-05,
    1.9605025067458664e-05,
    2.487352638164252e-05,
    7.489791011319752e-05,
    7.049637500505699e-05,
    5.876235948352606e-05,
    1.8811225676245984e-05,
    9.041643596761397e-06
  ],
  "omega_scales": [
    1.0352690782957537,
    1.1748629468862875,
    0.590740330743043,
    1.0889231417998662,
    0.818860466609034,
    0.8951669898554122,
    2.027199212361736,
    1.7150476922127535,
    2.0511328960571467,
    1.2797514251995197,
    1.2578025357033815,
    1.092255826020108,
    0.1,
    0.1,
    0.27415617078104976,
    0.1
  ],
  "time_scales": [
    1.260220972764319,
    1.206281037534792,
    0.9585767180915201,
    1.0238347155808236,
    1.4767196745969464,
    0.6866386504484716,
    0.8133120045535538,
    1.3268175265940898,
    1.2104072440991827,
    0.6535008355819554,
    0.4974705276328503,
    1.4979582022639504,
    1.0070910715008146,
    0.8394622783360868,
    0.20901361862495535,
    0.10046270663068219
  ]
}