{
  "gen": 14,
  "score": 25304.0,
  "n_bar": 7.701339947370013,
  "num_pulses": 260,
  "good": 0.66122,
  "unique_pairs": [
    [
      0,
      -3
    ],
    [
      0,
      -2
    ],
    [
      0,
      -1
    ],
    [
      1,
      -3
    ],
    [
      1,
      -2
    ],
    [
      1,
      -1
    ],
    [
      2,
      -10
    ],
    [
      2,
      -9
    ],
    [
      2,
      -8
    ],
    [
      2,
      -7
    ],
    [
      2,
      -6
    ],
    [
      2,
      -5
    ],
    [
      2,
      -4
    ],
    [
      2,
      -3
    ],
    [
      2,
      -2
    ],
    [
      2,
      -1
    ]
  ],
  "omega_vector": [
    21558.252084560467,
    27940.77868335552,
    10380.615849558224,
    13602.197095975229,
    9558.640815046885,
    9571.370025431479,
    7577.287172518372,
    19903.317667840332,
    18625.459287324262,
    6413.650732697052,
    12767.538228883273,
    12915.839768336209,
    4345.573693654561,
    1658.434372376527,
    648.1813872673384,
    528.5687789057095
  ],
  "time_vector": [
    7.478825123990859e-05,
    6.233259928180778e-05,
    8.005173825222014e-05,
    9.965077524182948e-05,
    0.00014935196572725306,
    9.677155948751553e-05,
    2.3908296011120487e-05,
    3.963263604788634e-05,
    4.7880779833175176e-05,
    2.746482018659389e-05,
    8.254580292561477e-05,
    0.00012378431590967154,
    0.00013613763584233984,
    7.76084763707194e-05,
    6.205528389281479e-05,
    5.803014383951782e-05
  ],
  "omega_scales": [
    1.201884511383943,
    1.5117580841191323,
    1.1413078500857607,
    0.9660364393642031,
    0.7427239506453849,
    1.1972257721613104,
    0.8055448346854372,
    1.2124525108800357,
    1.4158963978636192,
    0.5548980429172475,
    1.4882219306187716,
    1.0001482178891328,
    0.8534323413147633,
    0.26887902584615797,
    0.15190247479293417,
    0.6573255409348268
  ],
  "time_scales": [
    0.9489811713856573,
    0.5520184371057659,
    0.6739408743902193,
    1.2649816315320335,
    1.3115729117386632,
    0.7141986299857875,
    0.5936613657335572,
    1.1679616682994158,
    1.1942552758624094,
    1.0428744176888474,
    1.2305479409810294,
    1.170501758769332,
    1.5261146796885166,
    0.6354346083569462,
    0.44006803612491774,
    1.3680580982778987
  ]
}