{
  "gen": 24,
  "score": 2537.238499974435,
  "score_SLM": 2863,
  "score_AOD": 2750,
  "survive_SLM": 0.7557,
  "survive_AOD": 0.7516,
  "nzbar_SLM": 39.252348815667595,
  "nzbar_AOD": 33.21221394358702,
  "num_pulses": 260,
  "unique_pairs": [
    [
      0,
      -3
    ],
    [
      0,
      -2
    ],
    [
      0,
      -1
    ],
    [
      1,
      -3
    ],
    [
      1,
      -2
    ],
    [
      1,
      -1
    ],
    [
      2,
      -10
    ],
    [
      2,
      -9
    ],
    [
      2,
      -8
    ],
    [
      2,
      -7
    ],
    [
      2,
      -6
    ],
    [
      2,
      -5
    ],
    [
      2,
      -4
    ],
    [
      2,
      -3
    ],
    [
      2,
      -2
    ],
    [
      2,
      -1
    ]
  ],
  "omega_vector": [
    20000.0,
    17760.42578125,
    5926.83544921875,
    20000.0,
    10060.341796875,
    4332.263671875,
    5062.704987488209,
    3694.9858231544654,
    9999.999999999998,
    3301.474611866203,
    9999.999999999998,
    8468.19663374121,
    7143.692764751883,
    3331.979355166039,
    4629.4437492385705,
    53.43069654627918
  ],
  "time_vector": [
    6.814449443481863e-05,
    7.641866250196472e-05,
    0.0001462052168790251,
    5.634267290588468e-05,
    0.00013017933815717697,
    0.0001981102832360193,
    6.169353993334777e-06,
    6.208347203155986e-05,
    4.5354422384237836e-05,
    1.8482394848399375e-05,
    0.00012051168660706054,
    6.64163011346299e-05,
    6.000321889312917e-05,
    0.00017011916522584948,
    0.00024416992059509573,
    4.1467171052597936e-05
  ],
  "detuning_vector": [
    0.0,
    0.0,
    0.0,
    0.0,
    0.0,
    0.0,
    15403.711925892818,
    7427.332582758572,
    14724.794220754731,
    -18648.10437466378,
    -10368.028052025566,
    14157.431924578936,
    6411.814548835274,
    3060.857653977712,
    -444.01775356965663,
    22812.487619480296
  ],
  "omega_scales": [
    1.0,
    1.0,
    1.0,
    1.0,
    1.0,
    1.0,
    0.5062704987488209,
    0.3694985823154465,
    0.9999999999999998,
    0.3301474611866203,
    0.9999999999999998,
    0.8468196633741211,
    0.7772914769810273,
    1.055905238050851,
    1.0896860090034153,
    0.8113660883878884
  ],
  "time_scales": [
    1.0,
    1.0,
    1.0,
    1.0,
    1.0,
    1.0,
    0.3354650188258227,
    1.4422813903854754,
    1.1303396610442575,
    1.0092547117073696,
    1.3627272652672917,
    0.508407144323336,
    0.44731105604479515,
    0.6754502655339407,
    1.1096153364855208,
    0.9276530029939659
  ],
  "detuning_offsets": [
    0.0,
    0.0,
    0.0,
    0.0,
    0.0,
    0.0,
    4782.813488392818,
    -3389.9115578664278,
    3979.413361379731,
    -14229.263066070029,
    -7462.752661400566,
    10777.52640700081,
    3221.792087897774,
    2265.4562257550556,
    -848.4774398489535,
    10322.365549167796
  ],
  "omega_lin_max_xyz": [
    20000.0,
    20000.0,
    10000.0
  ]
}