{
  "gen": 33,
  "score": 26749.0,
  "n_bar": 8.195223810364096,
  "num_pulses": 260,
  "good": 0.68004,
  "unique_pairs": [
    [
      0,
      -3
    ],
    [
      0,
      -2
    ],
    [
      0,
      -1
    ],
    [
      1,
      -3
    ],
    [
      1,
      -2
    ],
    [
      1,
      -1
    ],
    [
      2,
      -10
    ],
    [
      2,
      -9
    ],
    [
      2,
      -8
    ],
    [
      2,
      -7
    ],
    [
      2,
      -6
    ],
    [
      2,
      -5
    ],
    [
      2,
      -4
    ],
    [
      2,
      -3
    ],
    [
      2,
      -2
    ],
    [
      2,
      -1
    ]
  ],
  "omega_vector": [
    12811.790867021075,
    16898.848771611458,
    6864.82077577044,
    16236.725089986483,
    11656.085469838074,
    8100.490631831392,
    8560.87916409891,
    23538.686961641997,
    15947.994562439435,
    10550.563919365899,
    15202.6899682684,
    14934.01985794687,
    2857.5857264243136,
    6.167957382162706,
    1865.7489461558464,
    735.3172011056756
  ],
  "time_vector": [
    9.43746637841788e-05,
    8.598838601519522e-05,
    0.00012358581911806922,
    9.391180983502717e-05,
    0.00011592870241407901,
    9.175038673674021e-05,
    4.458881853320328e-05,
    4.6507758638098556e-05,
    5.545005321768981e-05,
    2.879063989240932e-05,
    5.498573475595864e-05,
    0.00021191743099053926,
    0.0001611424856057074,
    4.1193503940248895e-05,
    1.0224056181029557e-05,
    6.668101782770185e-05
  ],
  "omega_scales": [
    0.7142644471251358,
    0.9143256718900525,
    0.754760021405865,
    1.1531422447559665,
    0.9056992533489121,
    1.013242213581917,
    0.9101109452492959,
    1.433908687272576,
    1.212357113226953,
    0.9128166647246704,
    1.7720704030469896,
    1.1564275815393255,
    0.561204630028721,
    0.001,
    0.4372416237655563,
    0.9144368647276719
  ],
  "time_scales": [
    1.1975113403807813,
    0.7615144403453267,
    1.0404463015686374,
    1.1921303586143357,
    1.0180578811864505,
    0.6771411027689367,
    1.1071746348863543,
    1.3705694292498891,
    1.3830501264349604,
    1.0932174909101158,
    0.8196974320820081,
    2.0038865494826723,
    1.8064212095556456,
    0.33727988574451817,
    0.07250438709760641,
    1.5720020734892328
  ]
}