{
  "mass": 59,
  "trap_freq": [75e3, 65e3, 13.6e3],
  "lambda": 531e-9,
  "decay_ratio": [0.3333333333333333, 0.3333333333333333, 0.3333333333333333],
  "branch_ratio": 0.0064,
  "trap_depth": 0.22e-3,
  "max_n": [350, 350, 350],
  "LD_RES": 0.01,
  "LD_MIN": 0.0,
  "LD_MAX": 2.5,
  "angle_pump_sigma": [1.0, 0.0],
  "angle_pump_pi": [0.5, -0.25],
  "LD_raman": [0.57, 0.61, 0.62],
  "rabi_freq": 25e3,

  
  "amp_matrix": {
    "0": [0.92],
    "X": [0.3, 0.65, 0.65, 0.7, 0.7, 0.85],
    "Y": [0.3, 0.65, 0.65, 0.7, 0.7, 0.85],
    "Z": [0.14, 0.14, 0.14, 0.28, 0.28, 0.35, 0.35, 0.4, 0.4]
  },
  "duration_matrix": {
    "OP": [8e-5],
    "CO": [1e-4],
    "X":  [5e-5, 7e-5, 7e-5, 9e-5, 9e-5, 11e-5],
    "Y":  [5e-5, 7e-5, 7e-5, 9e-5, 9e-5, 11e-5],
    "Z":  [2e-4, 2e-4, 2e-4, 5e-5, 5e-5, 7e-5, 7e-5, 9e-5, 9e-5]
  }

}
