{
  "gen": 30,
  "score": 26681.0,
  "n_bar": 7.073412997020137,
  "num_pulses": 260,
  "good": 0.66446,
  "unique_pairs": [
    [
      0,
      -3
    ],
    [
      0,
      -2
    ],
    [
      0,
      -1
    ],
    [
      1,
      -3
    ],
    [
      1,
      -2
    ],
    [
      1,
      -1
    ],
    [
      2,
      -10
    ],
    [
      2,
      -9
    ],
    [
      2,
      -8
    ],
    [
      2,
      -7
    ],
    [
      2,
      -6
    ],
    [
      2,
      -5
    ],
    [
      2,
      -4
    ],
    [
      2,
      -3
    ],
    [
      2,
      -2
    ],
    [
      2,
      -1
    ]
  ],
  "omega_vector": [
    19038.62795356074,
    24498.85044034219,
    7142.135705604254,
    15279.369370767366,
    12011.148942887357,
    8131.1360490199495,
    5131.375800999278,
    18968.022337021248,
    10207.362334851063,
    7800.989102848811,
    17001.578381366784,
    16679.13357409818,
    3466.9032734059383,
    221.42508886523012,
    1652.279953096888,
    760.309094640482
  ],
  "time_vector": [
    7.181109588573052e-05,
    6.244064863767197e-05,
    0.00012182296965057221,
    9.589331408907651e-05,
    0.00010389445521919387,
    0.00013411388619546217,
    4.4734705227649934e-05,
    5.101878749264866e-05,
    5.54975454177241e-05,
    2.3125725219135768e-05,
    8.358057034838282e-05,
    0.00013986190963511313,
    0.00015120328061325242,
    0.00010217282686874934,
    9.67248526257961e-06,
    5.319328775927074e-05
  ],
  "omega_scales": [
    1.0614140685261662,
    1.3255298152043138,
    0.7852497063101361,
    1.0851502502514137,
    0.9332883374598985,
    1.0170754666229436,
    0.5455188878569317,
    1.1554770261296574,
    0.775957646931168,
    0.6749281752935841,
    1.9817541446670195,
    1.2915618356434586,
    0.6808692214919887,
    0.0358992572655537,
    0.38721478101106455,
    0.9455166609478773
  ],
  "time_scales": [
    0.9112043237048364,
    0.5529753238270267,
    1.0256051958352423,
    1.2172838657304834,
    0.9123760272040078,
    0.9897944632712667,
    1.1107971136371306,
    1.5035080705338348,
    1.38423468964907,
    0.8781134213764338,
    1.2459736910052785,
    1.3225311301328313,
    1.6950018614116442,
    0.8365600416626758,
    0.068592895349617,
    1.2540294281252573
  ]
}