{
  "gen": 11,
  "score": 14911.0,
  "n_bar": 24.927212101496423,
  "num_pulses": 260,
  "good": 0.73776,
  "unique_pairs": [
    [
      0,
      -3
    ],
    [
      0,
      -2
    ],
    [
      0,
      -1
    ],
    [
      1,
      -3
    ],
    [
      1,
      -2
    ],
    [
      1,
      -1
    ],
    [
      2,
      -10
    ],
    [
      2,
      -9
    ],
    [
      2,
      -8
    ],
    [
      2,
      -7
    ],
    [
      2,
      -6
    ],
    [
      2,
      -5
    ],
    [
      2,
      -4
    ],
    [
      2,
      -3
    ],
    [
      2,
      -2
    ],
    [
      2,
      -1
    ]
  ],
  "omega_vector": [
    17860.633002185434,
    13507.252322946524,
    8307.684532751111,
    17987.711656940905,
    13053.528813110717,
    6009.544395925645,
    17107.633148992267,
    20454.705788259398,
    9675.559377596292,
    12247.470510832642,
    8075.713168074276,
    12158.149165966908,
    3904.181938264878,
    6049.472549027306,
    3219.001886568021,
    1682.0006365210459
  ],
  "time_vector": [
    8.177361362081204e-05,
    0.00010744280046851918,
    7.365456368187565e-05,
    8.250591668897669e-05,
    8.191083338663824e-05,
    0.0001235411063816169,
    2.7629244235603332e-05,
    4.3068305353384615e-05,
    2.1098073898192934e-05,
    3.176648040429267e-05,
    7.838010723022863e-05,
    8.644262253609265e-05,
    8.329618950786335e-05,
    9.925108268489669e-05,
    0.00021110575258134607,
    3.2794014844350505e-05
  ],
  "omega_scales": [
    1.1162895626365896,
    1.039019409457425,
    0.9230760591945678,
    1.1242319785588066,
    1.0041176010085167,
    0.6677271551028495,
    1.4256360957493555,
    1.7045588156882832,
    1.0750621530662545,
    1.3608300567591824,
    1.345952194679046,
    2.026358194327818,
    0.9760454845662195,
    1.5123681372568265,
    1.073000628856007,
    0.5606668788403486
  ],
  "time_scales": [
    1.0221701702601504,
    1.1938088940946574,
    0.6137880306822969,
    1.0313239586122085,
    0.9101203709626471,
    1.0295092198468072,
    0.9209748078534445,
    1.435610178446154,
    0.7032691299397645,
    1.058882680143089,
    1.5676021446045727,
    1.7288524507218528,
    1.1899455643980479,
    1.4178726097842387,
    2.3456194731260673,
    0.3643779427150056
  ]
}