{
  "gen": 1,
  "score": 16001.664038468,
  "score_SLM": 18037,
  "score_AOD": 14196,
  "survive_SLM": 0.72272,
  "survive_AOD": 0.748,
  "nzbar_SLM": 19.774380119548372,
  "nzbar_AOD": 24.817941176470587,
  "num_pulses": 260,
  "unique_pairs": [
    [
      0,
      -3
    ],
    [
      0,
      -2
    ],
    [
      0,
      -1
    ],
    [
      1,
      -3
    ],
    [
      1,
      -2
    ],
    [
      1,
      -1
    ],
    [
      2,
      -10
    ],
    [
      2,
      -9
    ],
    [
      2,
      -8
    ],
    [
      2,
      -7
    ],
    [
      2,
      -6
    ],
    [
      2,
      -5
    ],
    [
      2,
      -4
    ],
    [
      2,
      -3
    ],
    [
      2,
      -2
    ],
    [
      2,
      -1
    ]
  ],
  "omega_vector": [
    16759.539104821924,
    15294.141754104035,
    6596.7362297251975,
    17571.17178258617,
    13048.964575356127,
    6105.4460420875475,
    17205.364691498366,
    17911.714755280827,
    19193.66049614615,
    11492.785806077803,
    10564.49010988638,
    14780.108305362819,
    5884.397297061812,
    2204.8964738321906,
    4147.1397684915355,
    548.6936459972227
  ],
  "time_vector": [
    8.152986419323314e-05,
    9.395269878416196e-05,
    0.00012692774970440984,
    6.88532681682788e-05,
    0.00010290485563734035,
    0.00015367382718610353,
    3.223337518025448e-05,
    4.254949293245126e-05,
    3.9960016554597554e-05,
    1.701014323972743e-05,
    4.502047582751425e-05,
    0.00014209803740685586,
    0.00010827729224739537,
    0.00021396396772728604,
    0.00021806120844287862,
    5.097699848716701e-05
  ],
  "detuning_vector": [
    17.520714299525842,
    17.417113894216104,
    -46.966725152348815,
    1.508554357741125,
    568.6430524582861,
    -1086.7582212296043,
    -800.6372906209166,
    -203.76256604287497,
    5.982626987449128,
    260.1232844361581,
    305.46168064039233,
    -192.43524327201203,
    464.5470896799411,
    771.3701758754305,
    59.27007194266685,
    428.3708231366021
  ],
  "omega_scales": [
    0.9099167202756939,
    1.0520954758781862,
    0.841112270434817,
    0.9460976097661535,
    1.1053437446243348,
    1.0790443647656716,
    1.2229621245197313,
    0.9602021686674256,
    0.9413350758816786,
    0.9827434358274871,
    1.0057385946260564,
    1.0047211302604062,
    1.1677344907218563,
    0.974416536941548,
    1.0369232854005284,
    0.9297637952381966
  ],
  "time_scales": [
    1.0672451683421333,
    1.000376694328721,
    0.9438632581031828,
    0.9833273543505032,
    0.9837872779532254,
    0.9676153210817812,
    1.2107253805396265,
    0.994750504393406,
    0.9741277976791727,
    0.7791647477115685,
    0.9152588978035061,
    0.9713119045397265,
    0.9350272257360905,
    1.147520025354256,
    0.988894985663172,
    1.0761404815181388
  ],
  "detuning_offsets": [
    17.520714299525842,
    17.417113894216104,
    -46.966725152348815,
    1.508554357741125,
    568.6430524582861,
    -1086.7582212296043,
    -800.6372906209166,
    -203.76256604287497,
    5.982626987449128,
    260.1232844361581,
    305.46168064039233,
    -192.43524327201203,
    464.5470896799411,
    771.3701758754305,
    59.27007194266685,
    428.3708231366021
  ]
}