{
  "gen": 5,
  "score": 17055.0,
  "n_bar": 20.201133063827363,
  "num_pulses": 260,
  "good": 0.70252,
  "unique_pairs": [
    [
      0,
      -3
    ],
    [
      0,
      -2
    ],
    [
      0,
      -1
    ],
    [
      1,
      -3
    ],
    [
      1,
      -2
    ],
    [
      1,
      -1
    ],
    [
      2,
      -10
    ],
    [
      2,
      -9
    ],
    [
      2,
      -8
    ],
    [
      2,
      -7
    ],
    [
      2,
      -6
    ],
    [
      2,
      -5
    ],
    [
      2,
      -4
    ],
    [
      2,
      -3
    ],
    [
      2,
      -2
    ],
    [
      2,
      -1
    ]
  ],
  "omega_vector": [
    16917.553118906533,
    11974.307942846399,
    6622.5188619152395,
    14672.401729652833,
    14991.747817853522,
    7915.826398255109,
    12848.964972798542,
    15642.99429066681,
    12371.317934130146,
    9627.169844063937,
    6890.646805385733,
    14635.650267182586,
    6163.324759369754,
    7550.939140207125,
    5103.80776508231,
    790.3413698150139
  ],
  "time_vector": [
    9.604905143443968e-05,
    0.00010681078079856671,
    0.00011945026244302932,
    5.7436210663817686e-05,
    7.395589565856882e-05,
    0.00010756385672709783,
    4.4349331806865524e-05,
    3.733360341740554e-05,
    5.561692995445306e-05,
    2.030331525534894e-05,
    8.612684408126577e-05,
    0.0001434200525123663,
    0.00010274004044031038,
    0.00014316501534989107,
    0.0001573825210757123,
    4.8916587768643656e-05
  ],
  "omega_scales": [
    0.9431629700021402,
    0.6478794681951222,
    0.7281198797821371,
    1.0420430334764803,
    1.1648863454339224,
    0.9901436624814463,
    1.365979291695755,
    0.9529259403846434,
    0.9404602715854364,
    0.8329261956951897,
    0.803194124668791,
    1.1333230974463293,
    1.2104226163171141,
    1.2242203816200001,
    1.196086536288703,
    0.9828646510532942
  ],
  "time_scales": [
    1.218757489707112,
    0.945917881843886,
    1.0056298098531762,
    0.7291037254674126,
    0.6494628238525422,
    0.7938485182766077,
    1.101227995403281,
    1.100209879512852,
    1.3872124108420354,
    0.7709428982320614,
    1.2839321551321192,
    1.3561768506360374,
    1.1517247448701888,
    1.1721916176361982,
    1.1160857323577003,
    1.1532064132407398
  ]
}