{
  "gen": 17,
  "score": 15762.0,
  "n_bar": 28.235171086756463,
  "num_pulses": 260,
  "good": 0.71718,
  "unique_pairs": [
    [
      0,
      -3
    ],
    [
      0,
      -2
    ],
    [
      0,
      -1
    ],
    [
      1,
      -3
    ],
    [
      1,
      -2
    ],
    [
      1,
      -1
    ],
    [
      2,
      -10
    ],
    [
      2,
      -9
    ],
    [
      2,
      -8
    ],
    [
      2,
      -7
    ],
    [
      2,
      -6
    ],
    [
      2,
      -5
    ],
    [
      2,
      -4
    ],
    [
      2,
      -3
    ],
    [
      2,
      -2
    ],
    [
      2,
      -1
    ]
  ],
  "omega_vector": [
    17897.769972763865,
    20064.381644853605,
    6419.796905481783,
    13767.52177511584,
    13283.326095748915,
    7623.667748719143,
    7615.312089040229,
    17508.4264492109,
    6428.223542833643,
    9675.115002219043,
    9568.927628634976,
    10651.04786962345,
    3778.865059069658,
    6093.320177038725,
    5634.274241815143,
    377.7266726919366
  ],
  "time_vector": [
    8.994450134380049e-05,
    7.318436968030137e-05,
    0.000102740967529541,
    9.412248143334202e-05,
    6.80567519417669e-05,
    0.00010172400845969756,
    3.252328235004991e-05,
    4.084300812776205e-05,
    4.515793335127e-05,
    4.268369800733535e-05,
    6.671804582258445e-05,
    8.839237304348003e-05,
    8.989525017979857e-05,
    0.00014697462404701978,
    0.00022487156364433067,
    3.624187076669738e-05
  ],
  "omega_scales": [
    1.1186106232977415,
    1.5434139726810465,
    0.7133107672757537,
    0.86047011094474,
    1.0217943150576088,
    0.8470741943021269,
    0.6346093407533524,
    1.4590355374342416,
    0.7142470603148492,
    1.0750127780243381,
    1.5948212714391625,
    1.7751746449372416,
    0.9447162647674144,
    1.5233300442596813,
    1.878091413938381,
    0.1259088908973122
  ],
  "time_scales": [
    1.1243062667975061,
    0.8131596631144595,
    0.8561747294128415,
    1.1765310179167752,
    0.7561861326862988,
    0.8477000704974794,
    1.0841094116683303,
    1.3614336042587352,
    1.5052644450423334,
    1.4227899335778453,
    1.334360916451689,
    1.7678474608696007,
    1.2842178597114082,
    2.0996374863859972,
    2.4985729293814516,
    0.4026874529633042
  ]
}