{
  "gen": 0,
  "fitness_penalized": 14368.0,
  "raw_survivors": 14368,
  "num_pulses": 280,
  "length_penalty": 0.0,
  "unique_pairs": [
    [
      0,
      -3
    ],
    [
      0,
      -2
    ],
    [
      0,
      -1
    ],
    [
      1,
      -3
    ],
    [
      1,
      -2
    ],
    [
      1,
      -1
    ],
    [
      2,
      -5
    ],
    [
      2,
      -4
    ],
    [
      2,
      -3
    ],
    [
      2,
      -2
    ],
    [
      2,
      -1
    ]
  ],
  "omega_vector": [
    16644.657901802966,
    16664.316596059678,
    5183.301788930718,
    12432.56457688334,
    19026.460161955965,
    6083.269914244988,
    10023.578910362947,
    14079.906304094517,
    37030.76533784685,
    5954.647200982907,
    5817.463128981342
  ],
  "time_vector": [
    7.53520908915382e-05,
    7.862371191605693e-05,
    8.580561209809249e-05,
    8.794894576221226e-05,
    5.8237809322524604e-05,
    5.845726298032265e-05,
    7.910829902954581e-05,
    5.743254171203442e-05,
    5.543154268305194e-05,
    0.00017337961170845224,
    0.00020928645292266879
  ],
  "omega_scales": [
    1.244508267734806,
    0.9690941035862396,
    0.9143344355673786,
    0.9295732899023541,
    1.1064618371106698,
    1.0730888128728158,
    1.0825465223191977,
    1.0861642006015766,
    1.4283295201740922,
    0.9187169967230768,
    0.8975514541856925
  ],
  "time_scales": [
    0.8372454543504244,
    1.123195884515099,
    1.2257944585441782,
    0.977210508469025,
    0.8319687046074944,
    0.8351037568617521,
    1.1301185575649402,
    1.1486508342406885,
    1.108630853661039,
    0.8668980585422611,
    1.046432264613344
  ]
}