{
  "rank": 1,
  "score": 2981.0,
  "score_SLM": 2982,
  "score_AOD": 2981,
  "survive_SLM": 0.727,
  "survive_AOD": 0.7462,
  "nzbar_SLM": 30.228748280605227,
  "nzbar_AOD": 29.398016617528814,
  "num_pulses": 260,
  "unique_pairs": [
    [
      0,
      -3
    ],
    [
      0,
      -2
    ],
    [
      0,
      -1
    ],
    [
      1,
      -3
    ],
    [
      1,
      -2
    ],
    [
      1,
      -1
    ],
    [
      2,
      -10
    ],
    [
      2,
      -9
    ],
    [
      2,
      -8
    ],
    [
      2,
      -7
    ],
    [
      2,
      -6
    ],
    [
      2,
      -5
    ],
    [
      2,
      -4
    ],
    [
      2,
      -3
    ],
    [
      2,
      -2
    ],
    [
      2,
      -1
    ]
  ],
  "omega_vector": [
    20000.0,
    17760.42578125,
    5926.83544921875,
    20000.0,
    10060.341796875,
    4332.263671875,
    9712.630318508709,
    8909.767570806254,
    8943.590143449816,
    8223.934128211595,
    9508.685945672436,
    8989.199206386782,
    9304.170661227963,
    2994.651724212067,
    4214.372820146347,
    79.52923008338794
  ],
  "time_vector": [
    6.814449443481863e-05,
    7.641866250196472e-05,
    0.0001462052168790251,
    5.634267290588468e-05,
    0.00013017933815717697,
    0.0001981102832360193,
    2.0290122228697657e-05,
    4.95607953154077e-05,
    3.984320422407e-05,
    1.8008677682384887e-05,
    9.416294955641167e-05,
    0.00016401206703597706,
    0.0001531688636737585,
    0.00025430725577949275,
    0.0001732289094938434,
    4.023688868486621e-05
  ],
  "detuning_vector": [
    0.0,
    0.0,
    0.0,
    0.0,
    0.0,
    0.0,
    11197.22174111077,
    9930.564051837606,
    9402.281519849877,
    -4914.203688951766,
    -5389.821992501174,
    15812.159654318444,
    1390.6797908780961,
    5635.919590022469,
    1274.7797592768115,
    13863.16267904644
  ],
  "omega_scales": [
    1.0,
    1.0,
    1.0,
    1.0,
    1.0,
    1.0,
    0.9712630318508708,
    0.8909767570806255,
    0.8943590143449816,
    0.8223934128211594,
    0.9508685945672436,
    0.8989199206386782,
    1.012368923679574,
    0.9490060125465459,
    0.9919859377475035,
    1.2076825588333533
  ],
  "time_scales": [
    1.0,
    1.0,
    1.0,
    1.0,
    1.0,
    1.0,
    1.103296429866404,
    1.1513630026970678,
    0.992987047128706,
    0.9833867824839989,
    1.0647798761368668,
    1.2554885654848853,
    1.1418408449906607,
    1.0097151794474333,
    0.7872282311783314,
    0.9001306255569027
  ],
  "detuning_offsets": [
    0.0,
    0.0,
    0.0,
    0.0,
    0.0,
    0.0,
    576.3233036107703,
    -886.6800887873947,
    -1343.099339525122,
    -495.3623803580155,
    -2484.5466018761736,
    12432.25413674032,
    -1799.3426700594039,
    4840.518161799812,
    870.3200729975148,
    1373.0406087339402
  ],
  "omega_lin_max_xyz": [
    20000.0,
    20000.0,
    10000.0
  ]
}