{
  "rank": 2,
  "score": 2972.0,
  "score_SLM": 2972,
  "score_AOD": 3026,
  "survive_SLM": 0.7348,
  "survive_AOD": 0.7414,
  "nzbar_SLM": 32.918753402286335,
  "nzbar_AOD": 29.409630428918263,
  "num_pulses": 260,
  "unique_pairs": [
    [
      0,
      -3
    ],
    [
      0,
      -2
    ],
    [
      0,
      -1
    ],
    [
      1,
      -3
    ],
    [
      1,
      -2
    ],
    [
      1,
      -1
    ],
    [
      2,
      -10
    ],
    [
      2,
      -9
    ],
    [
      2,
      -8
    ],
    [
      2,
      -7
    ],
    [
      2,
      -6
    ],
    [
      2,
      -5
    ],
    [
      2,
      -4
    ],
    [
      2,
      -3
    ],
    [
      2,
      -2
    ],
    [
      2,
      -1
    ]
  ],
  "omega_vector": [
    20000.0,
    17760.42578125,
    5926.83544921875,
    20000.0,
    10060.341796875,
    4332.263671875,
    9681.318790840103,
    9722.483102603157,
    6395.978901228565,
    7221.4994749759335,
    9264.221280246045,
    8816.320508087292,
    7573.176720881446,
    3258.546219152243,
    4613.913909162033,
    43.81939376048909
  ],
  "time_vector": [
    6.814449443481863e-05,
    7.641866250196472e-05,
    0.0001462052168790251,
    5.634267290588468e-05,
    0.00013017933815717697,
    0.0001981102832360193,
    1.622180720401333e-05,
    4.260009757239196e-05,
    3.4249709850516194e-05,
    1.3376269653466926e-05,
    0.00010751745305391973,
    0.00014792274010196543,
    0.0001659797578035225,
    0.00024490289389355403,
    0.00016577323606557022,
    3.447126041317563e-05
  ],
  "detuning_vector": [
    0.0,
    0.0,
    0.0,
    0.0,
    0.0,
    0.0,
    5256.898413967638,
    10392.196415505914,
    13727.325477325488,
    -14685.878294248598,
    -3549.7553035237834,
    4641.813090044725,
    -960.6387468055145,
    2432.0790230388675,
    702.9436130355919,
    1843.4716788530604
  ],
  "omega_scales": [
    1.0,
    1.0,
    1.0,
    1.0,
    1.0,
    1.0,
    0.9681318790840103,
    0.9722483102603157,
    0.6395978901228565,
    0.7221499474975933,
    0.9264221280246046,
    0.8816320508087292,
    0.8240228006245627,
    1.0326342556411763,
    1.0860305699549881,
    0.6654146849869688
  ],
  "time_scales": [
    1.0,
    1.0,
    1.0,
    1.0,
    1.0,
    1.0,
    0.882077582995309,
    0.9896567628503923,
    0.8535839150439931,
    0.7304282417707866,
    1.2157905087363396,
    1.132327103300712,
    1.2373432978218868,
    0.9723755961935332,
    0.7533463772641533,
    0.771149018068017
  ],
  "detuning_offsets": [
    0.0,
    0.0,
    0.0,
    0.0,
    0.0,
    0.0,
    -5364.000023532362,
    -425.0477251190857,
    2981.9446179504876,
    -10267.036985654848,
    -644.4799128987833,
    1261.9075724665997,
    -4150.6612077430145,
    1636.6775948162115,
    298.483926756295,
    -10646.65039145944
  ],
  "omega_lin_max_xyz": [
    20000.0,
    20000.0,
    10000.0
  ]
}