{
  "rank": 3,
  "score": 2959.0,
  "score_SLM": 3144,
  "score_AOD": 2959,
  "survive_SLM": 0.7385,
  "survive_AOD": 0.7394,
  "nzbar_SLM": 29.506025727826675,
  "nzbar_AOD": 27.73721936705437,
  "num_pulses": 260,
  "unique_pairs": [
    [
      0,
      -3
    ],
    [
      0,
      -2
    ],
    [
      0,
      -1
    ],
    [
      1,
      -3
    ],
    [
      1,
      -2
    ],
    [
      1,
      -1
    ],
    [
      2,
      -10
    ],
    [
      2,
      -9
    ],
    [
      2,
      -8
    ],
    [
      2,
      -7
    ],
    [
      2,
      -6
    ],
    [
      2,
      -5
    ],
    [
      2,
      -4
    ],
    [
      2,
      -3
    ],
    [
      2,
      -2
    ],
    [
      2,
      -1
    ]
  ],
  "omega_vector": [
    20000.0,
    17760.42578125,
    5926.83544921875,
    20000.0,
    10060.341796875,
    4332.263671875,
    3906.8983466682416,
    9999.999999999998,
    5160.002853654564,
    9999.999999999998,
    9695.906379657235,
    7434.392472813618,
    9999.999999999998,
    2458.1262529659502,
    2947.160827887956,
    32.598783128744984
  ],
  "time_vector": [
    6.814449443481863e-05,
    7.641866250196472e-05,
    0.0001462052168790251,
    5.634267290588468e-05,
    0.00013017933815717697,
    0.0001981102832360193,
    1.7098024096867146e-05,
    4.920907754960267e-05,
    3.62078652477749e-05,
    1.7864361546716736e-05,
    0.00012468173836793957,
    0.00014538729762556012,
    0.00010596638684198892,
    0.00032684560517139507,
    0.00029694189499686037,
    5.60664892357811e-05
  ],
  "detuning_vector": [
    0.0,
    0.0,
    0.0,
    0.0,
    0.0,
    0.0,
    22225.098370102583,
    4793.268037748908,
    11897.47660315295,
    -6257.147934220546,
    592.1567719734671,
    15964.669442570592,
    -4198.131320723791,
    -10963.260632249368,
    921.8294396259485,
    5904.374960546242
  ],
  "omega_scales": [
    1.0,
    1.0,
    1.0,
    1.0,
    1.0,
    1.0,
    0.39068983466682417,
    0.9999999999999998,
    0.5160002853654564,
    0.9999999999999998,
    0.9695906379657235,
    0.7434392472813618,
    1.0880807763966376,
    0.7789809328418593,
    0.6937075152842365,
    0.49502531059960153
  ],
  "time_scales": [
    1.0,
    1.0,
    1.0,
    1.0,
    1.0,
    1.0,
    0.9297227848712711,
    1.1431921325493626,
    0.9023857868715706,
    0.9755062160805009,
    1.4098815570386327,
    1.1129186591837723,
    0.7899565602966179,
    1.2977253356994185,
    1.349434360835875,
    1.2542511530610607
  ],
  "detuning_offsets": [
    0.0,
    0.0,
    0.0,
    0.0,
    0.0,
    0.0,
    11604.199932602582,
    -6023.976102876092,
    1152.0957437779498,
    -1838.3066256267955,
    3497.432162598467,
    12584.763924992467,
    -7388.153781661291,
    -11758.662060472025,
    517.3697533466516,
    -6585.747109766258
  ],
  "omega_lin_max_xyz": [
    20000.0,
    20000.0,
    10000.0
  ]
}