{
  "gen": 31,
  "fitness": 2409.5977208162203,
  "score_list": [
    2415,
    2859,
    2787,
    2609,
    2080
  ],
  "num_pulses": 200,
  "unique_pairs": [
    [
      0,
      -3
    ],
    [
      0,
      -2
    ],
    [
      0,
      -1
    ],
    [
      1,
      -3
    ],
    [
      1,
      -2
    ],
    [
      1,
      -1
    ],
    [
      2,
      -5
    ],
    [
      2,
      -4
    ],
    [
      2,
      -3
    ],
    [
      2,
      -2
    ]
  ],
  "omega_vector": [
    18380.050039620164,
    8061.031371611209,
    1453.9069834587242,
    12510.587331809513,
    10673.109145117218,
    3237.81874911186,
    5985.06039592749,
    6144.1320042821135,
    3354.2948861318896,
    3339.6016006406417
  ],
  "time_vector": [
    5.6241661754092624e-05,
    9.213629180972179e-05,
    3.3283150177161166e-05,
    9.84395290387775e-05,
    0.00012170644438196382,
    1.4628410119390029e-05,
    7.31538036250215e-05,
    7.419794510555902e-05,
    0.00011018180399543632,
    0.0001290663362132078
  ],
  "omega_scales": [
    0.7500213318047502,
    0.32894064336185325,
    0.10644431751015486,
    0.7437552170988924,
    0.6345170213682256,
    0.3259844964425629,
    1.3056404649859688,
    1.3403419241123493,
    1.421064807437524,
    1.4148399191596412
  ],
  "time_scales": [
    0.8034523107727518,
    1.3162327401388825,
    0.6656630035432233,
    1.40627898626825,
    1.7386634911709116,
    0.29256820238780057,
    1.46307607250043,
    1.4839589021111808,
    0.5509090199771816,
    0.645331681066039
  ]
}