{
  "gen": 25,
  "score": 3680.6597234734973,
  "score_SLM": 3912,
  "score_AOD": 3463,
  "survive_SLM": 0.7033,
  "survive_AOD": 0.7138,
  "nzbar_SLM": 15.872031849850703,
  "nzbar_AOD": 11.028439338750351,
  "num_pulses": 260,
  "unique_pairs": [
    [
      0,
      -3
    ],
    [
      0,
      -2
    ],
    [
      0,
      -1
    ],
    [
      1,
      -3
    ],
    [
      1,
      -2
    ],
    [
      1,
      -1
    ],
    [
      2,
      -10
    ],
    [
      2,
      -9
    ],
    [
      2,
      -8
    ],
    [
      2,
      -7
    ],
    [
      2,
      -6
    ],
    [
      2,
      -5
    ],
    [
      2,
      -4
    ],
    [
      2,
      -3
    ],
    [
      2,
      -2
    ],
    [
      2,
      -1
    ]
  ],
  "omega_vector": [
    20508.373046875,
    17760.42578125,
    5926.83544921875,
    25809.142578125,
    10060.341796875,
    4332.263671875,
    17876.197054066884,
    10970.172008052843,
    41305.231608341266,
    15126.791923032912,
    12125.392776608634,
    43377.07346092122,
    10345.127357777435,
    1638.2085657111143,
    4221.2143641474595,
    224.42304631803276
  ],
  "time_vector": [
    6.814449443481863e-05,
    7.641866250196472e-05,
    0.0001462052168790251,
    5.634267290588468e-05,
    0.00013017933815717697,
    0.0001981102832360193,
    1.7967675636599554e-05,
    3.2281443069224706e-05,
    5.029178758321621e-05,
    1.5216363270939898e-05,
    3.965675508933134e-05,
    7.252205060599193e-05,
    0.00017404101602839378,
    0.00019596983516627654,
    0.0002805292858369453,
    5.781533596867464e-05
  ],
  "detuning_vector": [
    0.0,
    0.0,
    0.0,
    0.0,
    0.0,
    0.0,
    4781.797348022461,
    953.679088768218,
    6088.8919677734375,
    -3924.5266437779624,
    4726.066680908203,
    -1163.6221645739943,
    -4682.00927734375,
    -455.41780117859116,
    -197.3533462324101,
    -5358.4967041015625
  ],
  "omega_scales": [
    1.0,
    1.0,
    1.0,
    1.0,
    1.0,
    1.0,
    1.297979501137038,
    0.6351411024741347,
    1.6921277476787142,
    1.0039266282668116,
    1.1888283060700224,
    1.765952056311177,
    1.6099732121298937,
    0.8026016198254559,
    0.7652214976922211,
    1.2024207005320056
  ],
  "time_scales": [
    1.0,
    1.0,
    1.0,
    1.0,
    1.0,
    1.0,
    1.1275866857691874,
    0.7865342728477348,
    1.0282569474594392,
    0.8923115411303282,
    0.6653213777060255,
    0.7406292218194335,
    1.3340941776277242,
    1.1590045591544607,
    1.6753951794659823,
    1.1424520016313813
  ],
  "detuning_offsets": [
    0.0,
    0.0,
    0.0,
    0.0,
    0.0,
    0.0,
    5000.0,
    256.49763124868673,
    5000.0,
    -3059.4805011998374,
    5000.0,
    -2309.9645718005568,
    -5000.0,
    -1468.4218294989037,
    -640.9876235761601,
    -5000.0
  ]
}