{
  "gen": 15,
  "score": 15321.0,
  "n_bar": 31.486240759725895,
  "num_pulses": 260,
  "good": 0.74132,
  "unique_pairs": [
    [
      0,
      -3
    ],
    [
      0,
      -2
    ],
    [
      0,
      -1
    ],
    [
      1,
      -3
    ],
    [
      1,
      -2
    ],
    [
      1,
      -1
    ],
    [
      2,
      -10
    ],
    [
      2,
      -9
    ],
    [
      2,
      -8
    ],
    [
      2,
      -7
    ],
    [
      2,
      -6
    ],
    [
      2,
      -5
    ],
    [
      2,
      -4
    ],
    [
      2,
      -3
    ],
    [
      2,
      -2
    ],
    [
      2,
      -1
    ]
  ],
  "omega_vector": [
    19155.369804883885,
    21639.403960466698,
    8123.4591228480585,
    15016.471879088804,
    10686.32351749622,
    8398.884103048218,
    12042.01555400163,
    15683.025136934704,
    11989.834199036035,
    9806.339541806214,
    7240.14317798932,
    8214.64772491678,
    3577.709871507917,
    5824.527691587741,
    4338.236594225882,
    467.5050900087856
  ],
  "time_vector": [
    7.616520448611414e-05,
    6.789792884642395e-05,
    0.00010654451251110989,
    5.391189602016397e-05,
    0.00011085274792790533,
    9.587069696394951e-05,
    4.283208405063866e-05,
    2.5515570635428313e-05,
    3.60892520708349e-05,
    1.0915677166357586e-05,
    7.864490147340981e-05,
    0.00010139050098150784,
    0.00010574153285935151,
    0.00010018262232214845,
    0.00021349173235737934,
    7.509841620447964e-05
  ],
  "omega_scales": [
    1.1972106128052429,
    1.6645695354205152,
    0.9026065692053399,
    0.9385294924430503,
    0.8220248859612476,
    0.9332093447831354,
    1.0035012961668024,
    1.3069187614112254,
    1.3322037998928928,
    1.0895932824229126,
    1.2066905296648867,
    1.3691079541527966,
    0.8944274678769792,
    1.4561319228969354,
    1.4460788647419607,
    0.15583503000292853
  ],
  "time_scales": [
    0.9520650560764268,
    0.7544214316269326,
    0.8878709375925822,
    0.6738987002520496,
    1.231697199198948,
    0.7989224746995791,
    1.427736135021289,
    0.8505190211809438,
    1.2029750690278302,
    0.3638559055452529,
    1.572898029468196,
    2.0278100196301567,
    1.5105933265621645,
    1.4311803188878351,
    2.372130359526437,
    0.8344268467164404
  ]
}