{
  "gen": 17,
  "score": 3733.86662857687,
  "score_SLM": 3890,
  "score_AOD": 3584,
  "survive_SLM": 0.7159,
  "survive_AOD": 0.7208,
  "nzbar_SLM": 14.763793825953345,
  "nzbar_AOD": 11.952413984461709,
  "num_pulses": 260,
  "unique_pairs": [
    [
      0,
      -3
    ],
    [
      0,
      -2
    ],
    [
      0,
      -1
    ],
    [
      1,
      -3
    ],
    [
      1,
      -2
    ],
    [
      1,
      -1
    ],
    [
      2,
      -10
    ],
    [
      2,
      -9
    ],
    [
      2,
      -8
    ],
    [
      2,
      -7
    ],
    [
      2,
      -6
    ],
    [
      2,
      -5
    ],
    [
      2,
      -4
    ],
    [
      2,
      -3
    ],
    [
      2,
      -2
    ],
    [
      2,
      -1
    ]
  ],
  "omega_vector": [
    20508.373046875,
    17760.42578125,
    5926.83544921875,
    25809.142578125,
    10060.341796875,
    4332.263671875,
    18115.51539325612,
    16345.366935552076,
    37519.3075187288,
    16881.792196071598,
    11162.008780767635,
    48187.53872093788,
    7677.54228587618,
    1626.5572488468076,
    4451.353688918856,
    218.77214515702508
  ],
  "time_vector": [
    6.814449443481863e-05,
    7.641866250196472e-05,
    0.0001462052168790251,
    5.634267290588468e-05,
    0.00013017933815717697,
    0.0001981102832360193,
    1.6526231394452807e-05,
    3.6326881610666825e-05,
    5.871448122623451e-05,
    1.84937572666485e-05,
    4.7935783209087375e-05,
    0.0001284815283520091,
    0.0001374127183901408,
    0.0001693678196960711,
    0.00024103671053441318,
    4.590283119863908e-05
  ],
  "detuning_vector": [
    0.0,
    0.0,
    0.0,
    0.0,
    0.0,
    0.0,
    3452.522422989292,
    -442.242424520502,
    3489.7800179188253,
    3574.137728440821,
    1711.6910401066855,
    -1229.7382444541877,
    -4248.798172266661,
    2321.3230987112647,
    -308.3994499521584,
    1000.5094831332678
  ],
  "omega_scales": [
    1.0,
    1.0,
    1.0,
    1.0,
    1.0,
    1.0,
    1.3153562562474386,
    0.94634927949808,
    1.5370319655418858,
    1.120401523650036,
    1.0943737852993598,
    1.961794014745583,
    1.1948269932087856,
    0.7968933321360108,
    0.8069411412799052,
    1.1721441284769814
  ],
  "time_scales": [
    1.0,
    1.0,
    1.0,
    1.0,
    1.0,
    1.0,
    1.0371268306050316,
    0.8851009959870977,
    1.2004658441988014,
    1.0845030940743312,
    0.8042186319643514,
    1.3121136753082638,
    1.0533235884257142,
    1.0016749518375725,
    1.4395350620840923,
    0.907056588097084
  ],
  "detuning_offsets": [
    0.0,
    0.0,
    0.0,
    0.0,
    0.0,
    0.0,
    3670.725074966831,
    -1139.4238820400333,
    2400.8880501453878,
    4439.183871018946,
    1985.6243591984824,
    -2376.08065168075,
    -4566.788894922911,
    1308.3190703909522,
    -752.0337272959084,
    1359.0061872348303
  ]
}