{
  "gen": 6,
  "score": 15607.820123258725,
  "score_SLM": 16897,
  "score_AOD": 14417,
  "survive_SLM": 0.71378,
  "survive_AOD": 0.72882,
  "nzbar_SLM": 17.99815069068901,
  "nzbar_AOD": 23.659010455256443,
  "num_pulses": 260,
  "unique_pairs": [
    [
      0,
      -3
    ],
    [
      0,
      -2
    ],
    [
      0,
      -1
    ],
    [
      1,
      -3
    ],
    [
      1,
      -2
    ],
    [
      1,
      -1
    ],
    [
      2,
      -10
    ],
    [
      2,
      -9
    ],
    [
      2,
      -8
    ],
    [
      2,
      -7
    ],
    [
      2,
      -6
    ],
    [
      2,
      -5
    ],
    [
      2,
      -4
    ],
    [
      2,
      -3
    ],
    [
      2,
      -2
    ],
    [
      2,
      -1
    ]
  ],
  "omega_vector": [
    16560.45111060648,
    13172.590291345916,
    8554.82891511075,
    25146.812875933345,
    11439.939134328575,
    5846.4928396160885,
    12139.216872842073,
    23107.40502676487,
    25777.215682365146,
    11771.769891547205,
    8762.986212733374,
    18652.95963955607,
    6149.984587554697,
    3214.1094141161702,
    4765.762590020934,
    533.9351989311276
  ],
  "time_vector": [
    9.154431742993713e-05,
    8.467346744918878e-05,
    0.00010860435003957495,
    6.104728699809781e-05,
    8.925824970089012e-05,
    0.00016503366497310658,
    2.767810745410293e-05,
    4.0702728933633774e-05,
    3.9955338583243554e-05,
    2.5246472501700057e-05,
    5.1925440839704275e-05,
    0.00012470898149275554,
    0.00010174553277955063,
    0.00019804089006158246,
    0.00024771383665701075,
    5.5596749858250824e-05
  ],
  "detuning_vector": [
    1284.4930413883314,
    38.58212295522502,
    -184.43102360156763,
    -352.3029364512862,
    127.69318757761141,
    8.627197941127605,
    668.3868119436706,
    -989.6493960289886,
    1413.8503819935786,
    1036.1030373724413,
    -227.66410796798164,
    1672.1772148816754,
    -189.25488449422784,
    684.3706049567752,
    1662.926346164368,
    -1508.5724361329837
  ],
  "omega_scales": [
    0.899107741961328,
    0.9061523604227792,
    1.0907775180621362,
    1.353998461203115,
    0.969047397438284,
    1.0332783401478678,
    0.8628589235398434,
    1.2387301116681015,
    1.2642193647871236,
    1.0065992514079356,
    0.8342355709221029,
    1.2679895373267676,
    1.2204391984003746,
    1.4204210500690682,
    1.1915996272488603,
    0.9047555418055261
  ],
  "time_scales": [
    1.198336725236296,
    0.9015745642258144,
    0.8076063422793853,
    0.8718463017238651,
    0.8533234895890044,
    1.039143136123417,
    1.0396238989118756,
    0.9515756204474166,
    0.9740137601405133,
    1.1564371387215542,
    1.0556357052508956,
    0.852448918630129,
    0.8786222971713828,
    1.0621222330028113,
    1.1233679419587015,
    1.17366488688743
  ],
  "detuning_offsets": [
    1284.4930413883314,
    38.58212295522502,
    -184.43102360156763,
    -352.3029364512862,
    127.69318757761141,
    8.627197941127605,
    668.3868119436706,
    -989.6493960289886,
    1413.8503819935786,
    1036.1030373724413,
    -227.66410796798164,
    1672.1772148816754,
    -189.25488449422784,
    684.3706049567752,
    1662.926346164368,
    -1508.5724361329837
  ]
}