{
  "gen": 10,
  "score": 18364.0,
  "n_bar": 18.434243105558245,
  "num_pulses": 260,
  "good": 0.70274,
  "unique_pairs": [
    [
      0,
      -3
    ],
    [
      0,
      -2
    ],
    [
      0,
      -1
    ],
    [
      1,
      -3
    ],
    [
      1,
      -2
    ],
    [
      1,
      -1
    ],
    [
      2,
      -10
    ],
    [
      2,
      -9
    ],
    [
      2,
      -8
    ],
    [
      2,
      -7
    ],
    [
      2,
      -6
    ],
    [
      2,
      -5
    ],
    [
      2,
      -4
    ],
    [
      2,
      -3
    ],
    [
      2,
      -2
    ],
    [
      2,
      -1
    ]
  ],
  "omega_vector": [
    18833.94775587712,
    13833.121619482808,
    8183.412763190617,
    14572.731387198364,
    14311.068085691792,
    8427.817000248457,
    10799.262734973498,
    14445.875674085373,
    12074.767222699415,
    16534.449829070443,
    9244.442037659783,
    15575.150870834654,
    5452.881462400559,
    5245.247569071835,
    3333.82907365318,
    836.0761289575086
  ],
  "time_vector": [
    9.994752554600573e-05,
    9.528590961324346e-05,
    0.00011874827912316232,
    7.951087384689398e-05,
    9.106271108885631e-05,
    0.00010875991031187454,
    2.9460055643366663e-05,
    3.360334713796123e-05,
    6.177298206610455e-05,
    2.1796136752389153e-05,
    7.791872445567292e-05,
    0.0001342178044515483,
    0.00014379718884359,
    0.0001497147388585665,
    0.00023061010241102466,
    5.069792292344109e-05
  ],
  "omega_scales": [
    1.0500030339757758,
    0.7484520626232181,
    0.8997340198769554,
    1.0349643841924308,
    1.1119962798296608,
    1.0541855229655923,
    1.148074517502753,
    0.8800009387985691,
    0.9179166619153962,
    1.4305321934807615,
    1.0775594425600332,
    1.2060740661252651,
    1.0708978195821868,
    0.8504026931574977,
    0.7812888440989507,
    1.0397401732040779
  ],
  "time_scales": [
    1.268224865500443,
    0.8438534492216418,
    0.9997199412765823,
    1.009322754181266,
    0.7996907476379731,
    0.8026756968005553,
    0.731515824452434,
    0.9902803673284992,
    1.5407583167031969,
    0.8276272434730734,
    1.1615699713915213,
    1.2691605961076433,
    1.6119789317209043,
    1.225818762340094,
    1.635382654180982,
    1.195201311461347
  ]
}