{
  "gen": 15,
  "score": 15673.514283657,
  "score_SLM": 15925,
  "score_AOD": 15426,
  "survive_SLM": 0.73106,
  "survive_AOD": 0.7326,
  "nzbar_SLM": 19.111263097420185,
  "nzbar_AOD": 19.625989625989625,
  "num_pulses": 260,
  "unique_pairs": [
    [
      0,
      -3
    ],
    [
      0,
      -2
    ],
    [
      0,
      -1
    ],
    [
      1,
      -3
    ],
    [
      1,
      -2
    ],
    [
      1,
      -1
    ],
    [
      2,
      -10
    ],
    [
      2,
      -9
    ],
    [
      2,
      -8
    ],
    [
      2,
      -7
    ],
    [
      2,
      -6
    ],
    [
      2,
      -5
    ],
    [
      2,
      -4
    ],
    [
      2,
      -3
    ],
    [
      2,
      -2
    ],
    [
      2,
      -1
    ]
  ],
  "omega_vector": [
    20550.6245676245,
    15625.065428617234,
    6988.226047415595,
    21452.25158411488,
    12141.519576549774,
    4165.684802936563,
    19121.032794114253,
    17076.137525542512,
    28623.0481347849,
    10921.990324338592,
    9750.546159333462,
    14122.8196113809,
    5112.377589605464,
    2448.1510217626032,
    5289.434059470329,
    362.0244112004098
  ],
  "time_vector": [
    7.511882692088005e-05,
    8.886022323709825e-05,
    0.00011615860670697629,
    5.498528808310356e-05,
    0.00010854375577295558,
    0.00016809270343479764,
    1.7274530077592427e-05,
    4.0119594348607934e-05,
    5.083427842741839e-05,
    1.990917639589525e-05,
    5.3291648660595826e-05,
    8.593995359580847e-05,
    0.00011657200733853258,
    0.0001583821208188291,
    0.0001606856655510012,
    4.058970988856151e-05
  ],
  "detuning_vector": [
    341.8564440150474,
    1007.9645782429682,
    -654.8507919524905,
    -536.2989684530729,
    -156.58051928398683,
    -1341.2832498187538,
    -164.13714565513362,
    545.3075825643961,
    1102.7885849222803,
    -487.6817396638261,
    -1015.9049653203901,
    2431.76630379217,
    1552.1394696689222,
    253.0167297600401,
    733.1777241461126,
    -61.94218767377878
  ],
  "omega_scales": [
    1.115744101865543,
    1.0748599635110339,
    0.891028907684295,
    1.1550694625811726,
    1.028476446285925,
    0.7362211836797756,
    1.359128347942327,
    0.9154089660597688,
    1.4037905480996022,
    0.9339349465417519,
    0.9282511970878258,
    0.960040007099402,
    1.0145303485807542,
    1.0819187516725939,
    1.3225349636215478,
    0.6134519562638971
  ],
  "time_scales": [
    0.9833231770486895,
    0.9461537297981881,
    0.8637814917423352,
    0.7852719166040726,
    1.0376960870245635,
    1.058404532403514,
    0.6488526840542671,
    0.9379427100974723,
    1.2392157952050096,
    0.9119575411583313,
    1.0834104864218117,
    0.587443018401414,
    1.0066561359069937,
    0.8494264582405484,
    0.7287002125045957,
    0.8568615501195944
  ],
  "detuning_offsets": [
    341.8564440150474,
    1007.9645782429682,
    -654.8507919524905,
    -536.2989684530729,
    -156.58051928398683,
    -1341.2832498187538,
    -164.13714565513362,
    545.3075825643961,
    1102.7885849222803,
    -487.6817396638261,
    -1015.9049653203901,
    2431.76630379217,
    1552.1394696689222,
    253.0167297600401,
    733.1777241461126,
    -61.94218767377878
  ]
}