{
  "gen": 23,
  "score": 3440.7821055815125,
  "score_SLM": 3554,
  "score_AOD": 3612,
  "survive_SLM": 0.7306,
  "survive_AOD": 0.7163,
  "nzbar_SLM": 12.257870243635368,
  "nzbar_AOD": 11.223649308948765,
  "num_pulses": 260,
  "unique_pairs": [
    [
      0,
      -3
    ],
    [
      0,
      -2
    ],
    [
      0,
      -1
    ],
    [
      1,
      -3
    ],
    [
      1,
      -2
    ],
    [
      1,
      -1
    ],
    [
      2,
      -10
    ],
    [
      2,
      -9
    ],
    [
      2,
      -8
    ],
    [
      2,
      -7
    ],
    [
      2,
      -6
    ],
    [
      2,
      -5
    ],
    [
      2,
      -4
    ],
    [
      2,
      -3
    ],
    [
      2,
      -2
    ],
    [
      2,
      -1
    ]
  ],
  "omega_vector": [
    20508.373046875,
    17760.42578125,
    5926.83544921875,
    25809.142578125,
    10060.341796875,
    4332.263671875,
    11284.41309586835,
    36836.8403349601,
    55672.961419595595,
    18233.834728211612,
    2661.704360805257,
    83142.8468111092,
    6367.577190704106,
    3926.315379863341,
    2263.9076634497405,
    89.80491746332754
  ],
  "time_vector": [
    6.814449443481863e-05,
    7.641866250196472e-05,
    0.0001462052168790251,
    5.634267290588468e-05,
    0.00013017933815717697,
    0.0001981102832360193,
    1.8494839091995853e-05,
    6.336278535925064e-05,
    4.504853506691659e-05,
    2.2866153235263346e-05,
    4.087561042614936e-05,
    7.342533598737545e-05,
    0.00015294705415277348,
    0.0004127985894019918,
    0.00026555699314764254,
    4.73593495095882e-05
  ],
  "detuning_vector": [
    0.0,
    0.0,
    0.0,
    0.0,
    0.0,
    0.0,
    17235.34119735601,
    13715.43287413249,
    -468.4772488986546,
    -10923.976165471398,
    3670.4032883234377,
    -8117.854489737092,
    -9786.80402895361,
    2889.8509052295008,
    1352.1530121323703,
    16739.31926219082
  ],
  "omega_scales": [
    1.0,
    1.0,
    1.0,
    1.0,
    1.0,
    1.0,
    1.0794554323201226,
    1.2974828384582355,
    1.4142781877563997,
    0.7650226289716611,
    0.22192072263241144,
    1.548070304809396,
    0.6928438333426845,
    1.2442504991543455,
    0.5328822727228401,
    1.3637229029403586
  ],
  "time_scales": [
    1.0,
    1.0,
    1.0,
    1.0,
    1.0,
    1.0,
    1.0056760482345486,
    1.472001535612897,
    1.1227162243780506,
    1.2486354220113873,
    0.46221499657357074,
    0.5620602887031139,
    1.1401873028490412,
    1.6389976782065958,
    1.2068075854283706,
    1.0594656369657962
  ],
  "detuning_offsets": [
    0.0,
    0.0,
    0.0,
    0.0,
    0.0,
    0.0,
    6614.442759856011,
    2898.1887335074907,
    -11213.858108273655,
    -6505.134856877649,
    6575.678678948438,
    -11497.760007315217,
    -12976.82648989111,
    2094.4494770068445,
    947.6933258530735,
    4249.19719187832
  ]
}