{
  "gen": 38,
  "score": 3491.961416585799,
  "score_SLM": 3804,
  "score_AOD": 3697,
  "survive_SLM": 0.6598,
  "survive_AOD": 0.6728,
  "nzbar_SLM": 9.783873901182176,
  "nzbar_AOD": 8.107907253269916,
  "num_pulses": 260,
  "unique_pairs": [
    [
      0,
      -3
    ],
    [
      0,
      -2
    ],
    [
      0,
      -1
    ],
    [
      1,
      -3
    ],
    [
      1,
      -2
    ],
    [
      1,
      -1
    ],
    [
      2,
      -10
    ],
    [
      2,
      -9
    ],
    [
      2,
      -8
    ],
    [
      2,
      -7
    ],
    [
      2,
      -6
    ],
    [
      2,
      -5
    ],
    [
      2,
      -4
    ],
    [
      2,
      -3
    ],
    [
      2,
      -2
    ],
    [
      2,
      -1
    ]
  ],
  "omega_vector": [
    20508.373046875,
    17760.42578125,
    5926.83544921875,
    25809.142578125,
    10060.341796875,
    4332.263671875,
    15850.862417485347,
    58471.43561783801,
    61481.940597722525,
    18539.480825994542,
    9633.305898759512,
    87157.97106542102,
    14538.977191352584,
    3867.9572420212253,
    3072.9256453351036,
    115.89238935861506
  ],
  "time_vector": [
    6.814449443481863e-05,
    7.641866250196472e-05,
    0.0001462052168790251,
    5.634267290588468e-05,
    0.00013017933815717697,
    0.0001981102832360193,
    2.165129328314446e-05,
    2.4950814757132092e-05,
    3.0717970906761046e-05,
    1.179402969654538e-05,
    0.00010357132122156294,
    6.0156512336551755e-05,
    0.00013000199200273785,
    0.00015582863167137992,
    0.00016808075891103916,
    4.535260183646318e-05
  ],
  "detuning_vector": [
    0.0,
    0.0,
    0.0,
    0.0,
    0.0,
    0.0,
    5374.301570282441,
    25146.506888881842,
    27205.467273884096,
    -6924.372436093469,
    645.2325993336876,
    6753.806005346216,
    -16809.9775390625,
    4128.650943866669,
    70.67609449064048,
    5600.382873470864
  ],
  "omega_scales": [
    1.0,
    1.0,
    1.0,
    1.0,
    1.0,
    1.0,
    1.5162773108490823,
    2.059505743823525,
    1.5618455586177662,
    0.7778463813389592,
    0.8031809384514124,
    1.6228295278408307,
    1.5819581590379928,
    1.2257567881009308,
    0.7233102428299736,
    1.7598713980151885
  ],
  "time_scales": [
    1.0,
    1.0,
    1.0,
    1.0,
    1.0,
    1.0,
    1.1773115170049422,
    0.5796405165753865,
    0.7655646130504488,
    0.6440280136254047,
    1.171168268423451,
    0.4604893697329241,
    0.9691368130473824,
    0.618710363999781,
    0.7638327743288804,
    1.0145731242148222
  ],
  "detuning_offsets": [
    0.0,
    0.0,
    0.0,
    0.0,
    0.0,
    0.0,
    -5246.596867217559,
    14329.262748256844,
    16460.086414509096,
    -2505.5311274997193,
    3550.5079899586876,
    3373.900487768091,
    -20000.0,
    3333.249515644013,
    -333.7835917886564,
    -6889.739196841636
  ]
}