{
  "gen": 19,
  "score": 16495.046620122055,
  "score_SLM": 16981,
  "score_AOD": 16023,
  "survive_SLM": 0.71044,
  "survive_AOD": 0.72068,
  "nzbar_SLM": 14.807330668318226,
  "nzbar_AOD": 15.88960426264084,
  "num_pulses": 260,
  "unique_pairs": [
    [
      0,
      -3
    ],
    [
      0,
      -2
    ],
    [
      0,
      -1
    ],
    [
      1,
      -3
    ],
    [
      1,
      -2
    ],
    [
      1,
      -1
    ],
    [
      2,
      -10
    ],
    [
      2,
      -9
    ],
    [
      2,
      -8
    ],
    [
      2,
      -7
    ],
    [
      2,
      -6
    ],
    [
      2,
      -5
    ],
    [
      2,
      -4
    ],
    [
      2,
      -3
    ],
    [
      2,
      -2
    ],
    [
      2,
      -1
    ]
  ],
  "omega_vector": [
    20540.246544277845,
    16766.996983751455,
    3166.534262560291,
    24457.648110044098,
    16559.58779988152,
    5017.2345401488155,
    15587.028612956365,
    29544.421829885418,
    32567.655486728076,
    17383.459464954165,
    9084.383950846834,
    22756.16083399554,
    7090.725660834655,
    3105.1963866578362,
    3991.570038977729,
    163.68709417463216
  ],
  "time_vector": [
    6.504886464150521e-05,
    9.913732269932253e-05,
    0.0001949524991350402,
    6.324174848204037e-05,
    0.00010531676687711801,
    0.00020021809149108242,
    8.263596387385444e-06,
    5.032766107705974e-05,
    5.4968471409180666e-05,
    2.438512559022572e-05,
    7.187405173511403e-05,
    8.930724499952105e-05,
    0.0001247351342472658,
    0.00014930603395606605,
    0.0003356356009393418,
    4.3159332908789706e-05
  ],
  "detuning_vector": [
    -842.5183231002316,
    -461.51336732559525,
    -318.19650873066666,
    386.0445223046063,
    1308.043488232919,
    -900.635591787024,
    1549.7364261675748,
    -317.7129494268686,
    2112.71522549368,
    -998.2210143052316,
    -1488.2699647631875,
    2289.4653557362367,
    2339.897870699312,
    -194.32823757895613,
    469.29411648754296,
    -167.51033331691545
  ],
  "omega_scales": [
    1.1151806533776418,
    1.1534142911899221,
    0.40374675146025596,
    1.3168912525427885,
    1.4027194788102137,
    0.8867195975421635,
    1.1079303443576627,
    1.5838024611639945,
    1.597250115737074,
    1.4864525424394963,
    0.8648326093105178,
    1.5469166504837961,
    1.4071254030616784,
    1.3722887879409886,
    0.9980256634149054,
    0.27736850065890584
  ],
  "time_scales": [
    0.851504993682424,
    1.0555808236481043,
    1.4497105750119827,
    0.9031864844433757,
    1.0068455445291775,
    1.260683724951468,
    0.31039088599297393,
    1.1765937215943556,
    1.3399973426551302,
    1.1169823769648393,
    1.4611876965447168,
    0.6104601570344809,
    1.077148717946863,
    0.8007500781121428,
    1.5220880648559016,
    0.9111071007870115
  ],
  "detuning_offsets": [
    -842.5183231002316,
    -461.51336732559525,
    -318.19650873066666,
    386.0445223046063,
    1308.043488232919,
    -900.635591787024,
    1549.7364261675748,
    -317.7129494268686,
    2112.71522549368,
    -998.2210143052316,
    -1488.2699647631875,
    2289.4653557362367,
    2339.897870699312,
    -194.32823757895613,
    469.29411648754296,
    -167.51033331691545
  ]
}