{
  "gen": 5,
  "fitness_penalized": 14650.0,
  "raw_survivors": 14650,
  "num_pulses": 280,
  "length_penalty": 0.0,
  "unique_pairs": [
    [
      0,
      -3
    ],
    [
      0,
      -2
    ],
    [
      0,
      -1
    ],
    [
      1,
      -3
    ],
    [
      1,
      -2
    ],
    [
      1,
      -1
    ],
    [
      2,
      -5
    ],
    [
      2,
      -4
    ],
    [
      2,
      -3
    ],
    [
      2,
      -2
    ],
    [
      2,
      -1
    ]
  ],
  "omega_vector": [
    13216.31615725893,
    21220.174795661052,
    5936.19308975743,
    16906.80557027194,
    15568.28848205106,
    6006.831478036059,
    9885.959677617055,
    13018.390634016789,
    32229.10451929603,
    6649.324995147045,
    3097.825649652016
  ],
  "time_vector": [
    7.76644084176124e-05,
    6.395166368953119e-05,
    6.76516670814144e-05,
    9.724085724224688e-05,
    7.114983352914732e-05,
    7.182753804330956e-05,
    9.275994684725565e-05,
    6.787204593680466e-05,
    5.7914829483571214e-05,
    0.000202396113011005,
    0.00013880226882661946
  ],
  "omega_scales": [
    0.988173792681206,
    1.2340347804245964,
    1.0471444610332106,
    1.2641088472541786,
    0.9053558532638922,
    1.0596050727255606,
    1.0676836451826412,
    1.0042758489098662,
    1.243122602887132,
    1.0258958563941154,
    0.47795024308916806
  ],
  "time_scales": [
    0.8629378713068043,
    0.9135951955647312,
    0.9664523868773485,
    1.0804539693582986,
    1.0164261932735332,
    1.0261076863329937,
    1.325142097817938,
    1.357440918736093,
    1.1582965896714246,
    1.0119805650550249,
    0.6940113441330973
  ]
}