{
  "gen": 32,
  "score": 16539.0,
  "n_bar": 26.92798331320672,
  "num_pulses": 260,
  "good": 0.72872,
  "unique_pairs": [
    [
      0,
      -3
    ],
    [
      0,
      -2
    ],
    [
      0,
      -1
    ],
    [
      1,
      -3
    ],
    [
      1,
      -2
    ],
    [
      1,
      -1
    ],
    [
      2,
      -10
    ],
    [
      2,
      -9
    ],
    [
      2,
      -8
    ],
    [
      2,
      -7
    ],
    [
      2,
      -6
    ],
    [
      2,
      -5
    ],
    [
      2,
      -4
    ],
    [
      2,
      -3
    ],
    [
      2,
      -2
    ],
    [
      2,
      -1
    ]
  ],
  "omega_vector": [
    20434.14402030644,
    21682.317482539056,
    6181.066045593446,
    12894.029384912543,
    9970.082835004978,
    6461.756014122071,
    10442.142994360034,
    16681.378874041475,
    12837.633226247906,
    9627.339165736481,
    10020.327185703803,
    9885.459552807,
    3666.7418552763634,
    4013.9927821174374,
    4279.904693841911,
    3.0
  ],
  "time_vector": [
    8.163490942916541e-05,
    7.316162023309793e-05,
    0.0001563626064071307,
    9.081105445846062e-05,
    0.00012640253191973286,
    0.0001398460558969766,
    3.364432330151604e-05,
    4.446797066793925e-05,
    3.653199281837454e-05,
    2.9881659425874132e-05,
    6.637268114975248e-05,
    0.00010331235859361323,
    0.00011310449904156599,
    0.00013653936283767484,
    0.00021059757289534607,
    4.987310721647775e-05
  ],
  "omega_scales": [
    1.2771340012691526,
    1.6678705755799275,
    0.6867851161770495,
    0.8058768365570339,
    0.7669294488465368,
    0.7179728904580079,
    0.8701785828633362,
    1.390114906170123,
    1.426403691805323,
    1.0697043517484979,
    1.670054530950634,
    1.6475765921345,
    0.9166854638190909,
    1.0034981955293594,
    1.4266348979473036,
    0.001
  ],
  "time_scales": [
    1.0204363678645676,
    0.8129068914788659,
    1.3030217200594223,
    1.1351381807307577,
    1.4044725768859205,
    1.1653837991414715,
    1.121477443383868,
    1.4822656889313084,
    1.2177330939458182,
    0.9960553141958045,
    1.3274536229950495,
    2.0662471718722646,
    1.615778557736657,
    1.9505623262524978,
    2.3399730321705117,
    0.5541456357386416
  ]
}