{
  "gen": 27,
  "score": 2466.5060522377926,
  "score_SLM": 2926,
  "score_AOD": 2764,
  "survive_SLM": 0.7335,
  "survive_AOD": 0.7215,
  "nzbar_SLM": 37.206816632583504,
  "nzbar_AOD": 27.146084546084545,
  "num_pulses": 260,
  "unique_pairs": [
    [
      0,
      -3
    ],
    [
      0,
      -2
    ],
    [
      0,
      -1
    ],
    [
      1,
      -3
    ],
    [
      1,
      -2
    ],
    [
      1,
      -1
    ],
    [
      2,
      -10
    ],
    [
      2,
      -9
    ],
    [
      2,
      -8
    ],
    [
      2,
      -7
    ],
    [
      2,
      -6
    ],
    [
      2,
      -5
    ],
    [
      2,
      -4
    ],
    [
      2,
      -3
    ],
    [
      2,
      -2
    ],
    [
      2,
      -1
    ]
  ],
  "omega_vector": [
    20000.0,
    17760.42578125,
    5926.83544921875,
    20000.0,
    10060.341796875,
    4332.263671875,
    6381.651237109609,
    8844.0573501162,
    9691.783643004575,
    9999.999999999998,
    9999.999999999998,
    8679.974351140545,
    9093.689279091153,
    2515.598821304917,
    4853.991523185717,
    95.27817111817748
  ],
  "time_vector": [
    6.814449443481863e-05,
    7.641866250196472e-05,
    0.0001462052168790251,
    5.634267290588468e-05,
    0.00013017933815717697,
    0.0001981102832360193,
    1.716560838531241e-05,
    4.3397675169819506e-05,
    2.149627248806942e-05,
    2.367938222679264e-05,
    5.109297094332016e-05,
    0.00013465190565686518,
    0.00012746568806271228,
    0.00030406294705599023,
    0.0003542936309563605,
    6.35417918197109e-05
  ],
  "detuning_vector": [
    0.0,
    0.0,
    0.0,
    0.0,
    0.0,
    0.0,
    22829.788352434487,
    17948.201628730432,
    17385.409966346768,
    -11344.870018576103,
    866.2583629784217,
    16978.885424211265,
    -4409.796055335534,
    12958.28241968135,
    -11584.113893550084,
    26994.498709255196
  ],
  "omega_scales": [
    1.0,
    1.0,
    1.0,
    1.0,
    1.0,
    1.0,
    0.6381651237109609,
    0.88440573501162,
    0.9691783643004576,
    0.9999999999999998,
    0.9999999999999998,
    0.8679974351140545,
    0.9894668491103283,
    0.7971940066591567,
    1.1425404297236825,
    1.4468364068948483
  ],
  "time_scales": [
    1.0,
    1.0,
    1.0,
    1.0,
    1.0,
    1.0,
    0.9333977506164879,
    1.0081855481859376,
    0.5357380400973595,
    1.293042826902916,
    0.5777513080120865,
    1.0307407919922182,
    0.950229214175327,
    1.2072678469550469,
    1.6100658327208182,
    1.4214795101986906
  ],
  "detuning_offsets": [
    0.0,
    0.0,
    0.0,
    0.0,
    0.0,
    0.0,
    12208.889914934489,
    7130.957488105431,
    6640.029106971768,
    -6926.028709982353,
    3771.5337536034217,
    13598.979906633138,
    -7599.818516273034,
    12162.880991458695,
    -11988.57357982938,
    14504.376638942696
  ],
  "omega_lin_max_xyz": [
    20000.0,
    20000.0,
    10000.0
  ]
}