{
  "gen": 20,
  "score": 3673.3091348265257,
  "score_SLM": 3950,
  "score_AOD": 3416,
  "survive_SLM": 0.7047,
  "survive_AOD": 0.7133,
  "nzbar_SLM": 15.887753654037178,
  "nzbar_AOD": 13.239590635076405,
  "num_pulses": 260,
  "unique_pairs": [
    [
      0,
      -3
    ],
    [
      0,
      -2
    ],
    [
      0,
      -1
    ],
    [
      1,
      -3
    ],
    [
      1,
      -2
    ],
    [
      1,
      -1
    ],
    [
      2,
      -10
    ],
    [
      2,
      -9
    ],
    [
      2,
      -8
    ],
    [
      2,
      -7
    ],
    [
      2,
      -6
    ],
    [
      2,
      -5
    ],
    [
      2,
      -4
    ],
    [
      2,
      -3
    ],
    [
      2,
      -2
    ],
    [
      2,
      -1
    ]
  ],
  "omega_vector": [
    20508.373046875,
    17760.42578125,
    5926.83544921875,
    25809.142578125,
    10060.341796875,
    4332.263671875,
    16826.23171172324,
    26917.75221149683,
    34018.233322168395,
    21981.548845865516,
    11168.316312107741,
    35946.510412781856,
    6356.243904667703,
    2593.4923273212526,
    4652.316856147552,
    197.60980873470066
  ],
  "time_vector": [
    6.814449443481863e-05,
    7.641866250196472e-05,
    0.0001462052168790251,
    5.634267290588468e-05,
    0.00013017933815717697,
    0.0001981102832360193,
    1.2876528050477832e-05,
    3.472695431002558e-05,
    4.8420746021558846e-05,
    1.6272362919433962e-05,
    8.094220262659626e-05,
    0.00011704180944771025,
    0.00013724701241787417,
    0.0001273407946705974,
    0.00021245914695080633,
    3.5761306892807356e-05
  ],
  "detuning_vector": [
    0.0,
    0.0,
    0.0,
    0.0,
    0.0,
    0.0,
    1885.7377141470643,
    2864.7553601543773,
    -400.95347698237674,
    -1235.1754876855707,
    4474.155490974428,
    3835.2626460671877,
    3380.281544921244,
    4298.037438231525,
    -879.4609336299568,
    -3823.9265172955675
  ],
  "omega_scales": [
    1.0,
    1.0,
    1.0,
    1.0,
    1.0,
    1.0,
    1.2217421735251044,
    1.5584596853345274,
    1.3936054657014767,
    1.4588593754178776,
    1.0949922041775513,
    1.463441604419274,
    0.989198301999201,
    1.2706203510841565,
    0.8433717327025642,
    1.058759911466731
  ],
  "time_scales": [
    1.0,
    1.0,
    1.0,
    1.0,
    1.0,
    1.0,
    0.8080845782343009,
    0.8461189203307964,
    0.9900019643456235,
    0.9542370260180597,
    1.3579673285113283,
    1.195285896182781,
    1.0520533857008403,
    0.7531187718984835,
    1.268862284994122,
    0.7066563906638568
  ],
  "detuning_offsets": [
    0.0,
    0.0,
    0.0,
    0.0,
    0.0,
    0.0,
    2103.9403661246033,
    2167.573902634846,
    -1489.8454447558142,
    -370.12934510744583,
    4748.088810066225,
    2688.920238840625,
    3062.290822264994,
    3285.0334099112124,
    -1323.0952109737068,
    -3465.429813194005
  ]
}