{
  "gen": 13,
  "fitness_penalized": 15623.0,
  "raw_survivors": 15623,
  "num_pulses": 280,
  "length_penalty": 0.0,
  "unique_pairs": [
    [
      0,
      -3
    ],
    [
      0,
      -2
    ],
    [
      0,
      -1
    ],
    [
      1,
      -3
    ],
    [
      1,
      -2
    ],
    [
      1,
      -1
    ],
    [
      2,
      -5
    ],
    [
      2,
      -4
    ],
    [
      2,
      -3
    ],
    [
      2,
      -2
    ],
    [
      2,
      -1
    ]
  ],
  "omega_vector": [
    11680.33466873079,
    18133.75325294668,
    5195.047151982993,
    12123.097881675603,
    18838.066278526836,
    5941.537157484268,
    13447.89129326364,
    19424.30005826203,
    38888.888888888905,
    9465.393487750804,
    2005.4395653291363
  ],
  "time_vector": [
    6.981332835208968e-05,
    5.7744339598850155e-05,
    7.923263646224276e-05,
    0.00011987042323222303,
    4.860112689315545e-05,
    9.848199336742745e-05,
    0.00010185745283931699,
    6.590678714553182e-05,
    4.636742182167772e-05,
    0.0002451101732107663,
    0.00021526103484732065
  ],
  "omega_scales": [
    0.8733296383081788,
    1.0545474968636683,
    0.9164063176097997,
    0.9064347031529757,
    1.0955060081974066,
    1.0480871545802248,
    1.4523722596724722,
    1.498446004494499,
    1.5,
    1.4603749952529808,
    0.30941067579363807
  ],
  "time_scales": [
    0.7757036483565519,
    0.8249191371264308,
    1.131894806603468,
    1.3318935914691448,
    0.6943018127593636,
    1.4068856195346777,
    1.4551064691331,
    1.3181357429106364,
    0.9273484364335546,
    1.2255508660538315,
    1.0763051742366032
  ]
}