{
  "gen": 11,
  "score": -52.06788620729859,
  "n_bar": 20.43788620729859,
  "num_pulses": 480,
  "good": 0.68616,
  "survive": 0.99508,
  "unique_pairs": [
    [
      0,
      -3
    ],
    [
      0,
      -2
    ],
    [
      0,
      -1
    ],
    [
      1,
      -3
    ],
    [
      1,
      -2
    ],
    [
      1,
      -1
    ],
    [
      2,
      -10
    ],
    [
      2,
      -9
    ],
    [
      2,
      -8
    ],
    [
      2,
      -7
    ],
    [
      2,
      -6
    ],
    [
      2,
      -5
    ],
    [
      2,
      -4
    ],
    [
      2,
      -3
    ],
    [
      2,
      -2
    ],
    [
      2,
      -1
    ]
  ],
  "omega_vector": [
    15050.53738418439,
    16940.05315570228,
    7338.204350974621,
    21213.68319668371,
    11533.549631053602,
    4710.255895974791,
    10870.933164979344,
    10360.141203263285,
    16202.26762195622,
    8684.320003681692,
    9124.975937344156,
    5889.327285705026,
    1335.4175736532384,
    2344.958005862097,
    1577.0492768637732,
    300.0
  ],
  "time_vector": [
    6.853629240976138e-05,
    8.353188989026751e-05,
    4.749788288118668e-05,
    7.117422623809119e-05,
    0.00010202290707104407,
    0.00010082208227952245,
    3.337548062599262e-05,
    2.0865329864645345e-05,
    4.467790375093953e-05,
    2.385588276359804e-05,
    5.2452078580079555e-05,
    2.0103759301865514e-05,
    9.798656944398774e-05,
    4.723806775106379e-05,
    1.2076728840692518e-05,
    8.849501093365051e-05
  ],
  "omega_scales": [
    0.9406585865115243,
    1.3030810119770986,
    0.8153560389971801,
    1.3258551997927317,
    0.8871961254656616,
    0.5233617662194212,
    0.905911097081612,
    0.8633451002719404,
    1.8002519579951355,
    0.9649244448535215,
    1.5208293228906926,
    0.9815545476175044,
    0.3338543934133096,
    0.5862395014655242,
    0.5256830922879244,
    0.1
  ],
  "time_scales": [
    0.8567036551220172,
    0.9281321098918611,
    0.39581569067655564,
    0.8896778279761397,
    1.133587856344934,
    0.8401840189960204,
    1.1125160208664207,
    0.6955109954881782,
    1.4892634583646507,
    0.7951960921199346,
    1.049041571601591,
    0.40207518603731024,
    1.399808134914111,
    0.6748295393009115,
    0.13418587600769463,
    0.9832778992627833
  ]
}