{
  "gen": 14,
  "score": 3587.003339336746,
  "score_SLM": 3593,
  "score_AOD": 3591,
  "survive_SLM": 0.6607,
  "survive_AOD": 0.691,
  "nzbar_SLM": 14.636143484183442,
  "nzbar_AOD": 10.142691751085383,
  "num_pulses": 260,
  "unique_pairs": [
    [
      0,
      -3
    ],
    [
      0,
      -2
    ],
    [
      0,
      -1
    ],
    [
      1,
      -3
    ],
    [
      1,
      -2
    ],
    [
      1,
      -1
    ],
    [
      2,
      -10
    ],
    [
      2,
      -9
    ],
    [
      2,
      -8
    ],
    [
      2,
      -7
    ],
    [
      2,
      -6
    ],
    [
      2,
      -5
    ],
    [
      2,
      -4
    ],
    [
      2,
      -3
    ],
    [
      2,
      -2
    ],
    [
      2,
      -1
    ]
  ],
  "omega_vector": [
    20508.373046875,
    17760.42578125,
    5926.83544921875,
    25809.142578125,
    10060.341796875,
    4332.263671875,
    12737.173643227234,
    30562.811285030653,
    38596.11693809052,
    28720.026786742328,
    10098.625562363182,
    62819.94926119991,
    11495.808410331958,
    2102.4305874580723,
    3380.930217244178,
    85.5741500990696
  ],
  "time_vector": [
    6.814449443481863e-05,
    7.641866250196472e-05,
    0.0001462052168790251,
    5.634267290588468e-05,
    0.00013017933815717697,
    0.0001981102832360193,
    2.0065325425185743e-05,
    4.8787326678343006e-05,
    5.178907424872272e-05,
    1.569732290186937e-05,
    5.923326655241533e-05,
    0.00010902238219120322,
    0.0001561055038115253,
    0.00034898307593578975,
    0.00027097855754333903,
    4.376936342847539e-05
  ],
  "detuning_vector": [
    0.0,
    0.0,
    0.0,
    0.0,
    0.0,
    0.0,
    17962.74905287401,
    11146.301916420653,
    17268.0864626771,
    -1369.311491619589,
    -321.54247181587834,
    9126.113078385646,
    -4299.045529795355,
    -3769.819591651858,
    -198.68168802758805,
    10220.635576888044
  ],
  "omega_scales": [
    1.0,
    1.0,
    1.0,
    1.0,
    1.0,
    1.0,
    1.2184250226199562,
    1.0764963220727306,
    0.9804696018635692,
    1.204983522338042,
    0.8419771614740008,
    1.1696700525763384,
    1.2508368140420996,
    0.6662608717828268,
    0.7958088605685749,
    1.2994770407468186
  ],
  "time_scales": [
    1.0,
    1.0,
    1.0,
    1.0,
    1.0,
    1.0,
    1.0910728706406598,
    1.1333943004840514,
    1.2907064307017049,
    0.8571723107233407,
    0.6698004949927597,
    0.8345505101948015,
    1.1637328638769742,
    1.385621137951969,
    1.231445554702173,
    0.9791548444927178
  ],
  "detuning_offsets": [
    0.0,
    0.0,
    0.0,
    0.0,
    0.0,
    0.0,
    7341.850615374007,
    329.0577757956523,
    6522.7056033021,
    3049.529816974161,
    2583.7329188091217,
    5746.207560807522,
    -7489.067990732855,
    -4565.221019874514,
    -603.1413743068849,
    -2269.4864934244565
  ]
}