{
  "gen": 13,
  "fitness": 2348.6690309441224,
  "score_list": [
    2136,
    2821,
    3105,
    2620,
    2060
  ],
  "num_pulses": 200,
  "unique_pairs": [
    [
      0,
      -3
    ],
    [
      0,
      -2
    ],
    [
      0,
      -1
    ],
    [
      1,
      -3
    ],
    [
      1,
      -2
    ],
    [
      1,
      -1
    ],
    [
      2,
      -5
    ],
    [
      2,
      -4
    ],
    [
      2,
      -3
    ],
    [
      2,
      -2
    ]
  ],
  "omega_vector": [
    21137.161884186546,
    11759.384056246516,
    1983.025962321245,
    12659.2798361929,
    12492.893366066151,
    3644.376531869774,
    6876.005174968068,
    6650.437599682632,
    2967.9466486286965,
    2717.204168740435
  ],
  "time_vector": [
    6.19815605287572e-05,
    5.920829946806318e-05,
    1.5571971969475178e-05,
    0.00010901117262579885,
    9.210682186858385e-05,
    3.3552656515534285e-05,
    8.237616115512e-05,
    6.987506814455328e-05,
    0.0001502936149098742,
    0.0001341157724496296
  ],
  "omega_scales": [
    0.8625287892457673,
    0.4798566310786729,
    0.14518249624336818,
    0.7525949959953998,
    0.7427033097036788,
    0.36691684761987853,
    1.5,
    1.4507924508026968,
    1.2573863288394698,
    1.1511579482125884
  ],
  "time_scales": [
    0.8854508646965316,
    0.8458328495437596,
    0.3114394393895035,
    1.5573024660828407,
    1.3158117409797692,
    0.6710531303106857,
    1.6475232231024,
    1.397501362891066,
    0.7514680745493709,
    0.6705788622481479
  ]
}