{
  "gen": 1,
  "fitness": 1754.9758418687377,
  "score_list": [
    1587,
    1887,
    2651,
    1965,
    1637
  ],
  "num_pulses": 200,
  "unique_pairs": [
    [
      0,
      -3
    ],
    [
      0,
      -2
    ],
    [
      0,
      -1
    ],
    [
      1,
      -3
    ],
    [
      1,
      -2
    ],
    [
      1,
      -1
    ],
    [
      2,
      -5
    ],
    [
      2,
      -4
    ],
    [
      2,
      -3
    ],
    [
      2,
      -2
    ]
  ],
  "omega_vector": [
    25879.868160844853,
    18012.37964778096,
    9547.792468853728,
    19157.09446342351,
    15869.256044076814,
    11106.094166443912,
    5088.927125527159,
    7716.430230681617,
    2792.7995670807136,
    936.2080797088977
  ],
  "time_vector": [
    7.222771247222924e-05,
    7.566520463104648e-05,
    3.745835766844831e-05,
    7.012543578496472e-05,
    6.898361923562313e-05,
    6.162770767959117e-05,
    6.813308548140923e-05,
    4.509602394501554e-05,
    0.00022511761501932962,
    0.0003024169789617482
  ],
  "omega_scales": [
    1.0560609543002821,
    0.7350180735786856,
    0.6990187574847591,
    1.1388904912081936,
    0.94342828687589,
    1.1181646641847973,
    1.1101490609809188,
    1.683338661256342,
    1.1831843394013108,
    0.39662951519661577
  ],
  "time_scales": [
    1.0318244638889893,
    1.0809314947292354,
    0.7491671533689662,
    1.0017919397852104,
    0.9854802747946161,
    1.2325541535918232,
    1.3626617096281846,
    0.901920478900311,
    1.125588075096648,
    1.512084894808741
  ]
}