{
  "gen": 21,
  "score": 16920.80184270237,
  "score_SLM": 17253,
  "score_AOD": 16595,
  "survive_SLM": 0.69916,
  "survive_AOD": 0.7056,
  "nzbar_SLM": 15.858144058584587,
  "nzbar_AOD": 17.261026077097505,
  "num_pulses": 260,
  "unique_pairs": [
    [
      0,
      -3
    ],
    [
      0,
      -2
    ],
    [
      0,
      -1
    ],
    [
      1,
      -3
    ],
    [
      1,
      -2
    ],
    [
      1,
      -1
    ],
    [
      2,
      -10
    ],
    [
      2,
      -9
    ],
    [
      2,
      -8
    ],
    [
      2,
      -7
    ],
    [
      2,
      -6
    ],
    [
      2,
      -5
    ],
    [
      2,
      -4
    ],
    [
      2,
      -3
    ],
    [
      2,
      -2
    ],
    [
      2,
      -1
    ]
  ],
  "omega_vector": [
    23781.501641718085,
    15826.364325848166,
    4665.287234044193,
    20811.496123475976,
    15667.484707097838,
    5025.416506134106,
    16265.204521013571,
    26367.44774140038,
    31540.058309510154,
    16954.99030763087,
    7353.562182619502,
    25992.483583593832,
    7349.365077720766,
    2852.996107801635,
    4248.786453093653,
    289.7310138733172
  ],
  "time_vector": [
    7.253678575386056e-05,
    8.666468511350539e-05,
    0.00017824992380585962,
    7.150451847197129e-05,
    9.638196302121961e-05,
    0.00022004423568007625,
    1.0140140957078806e-05,
    4.586008188723657e-05,
    5.885676919031729e-05,
    2.5670071150477698e-05,
    6.27939310811315e-05,
    8.767360328721658e-05,
    0.0001252221453493075,
    0.00016484275819368286,
    0.0003132280712310164,
    4.817963389089133e-05
  ],
  "detuning_vector": [
    -694.2269069577624,
    90.13551895440679,
    -1087.0125731849532,
    678.102588668859,
    656.7843916298948,
    -581.9311782936112,
    528.1841601299813,
    658.6761397773083,
    2352.2732969114513,
    -307.4136639651293,
    98.90544995998818,
    2240.959870966154,
    2021.2206606291434,
    1142.6982580543115,
    520.2432995679067,
    358.22671980509983
  ],
  "omega_scales": [
    1.2911563881155472,
    1.0887074655468445,
    0.5948442079547787,
    1.1205687919795757,
    1.3271517533041803,
    0.8881656351008074,
    1.15613527719036,
    1.413492836918545,
    1.5468525760397112,
    1.4498143192167747,
    0.7000585185007661,
    1.76691516359916,
    1.4584513337409182,
    1.2608331594090816,
    1.0623383473544294,
    0.4909504766862737
  ],
  "time_scales": [
    0.949523648652189,
    0.9227763792933535,
    1.3255064730277613,
    1.0211911626519368,
    0.921427355951002,
    1.3855200827524257,
    0.3808762175952734,
    1.0721476672183545,
    1.4347845645043575,
    1.1758404517715553,
    1.2765903312585896,
    0.5992933902594357,
    1.0813542963298566,
    0.8840758005711515,
    1.4204712118269227,
    1.0170872345056508
  ],
  "detuning_offsets": [
    -694.2269069577624,
    90.13551895440679,
    -1087.0125731849532,
    678.102588668859,
    656.7843916298948,
    -581.9311782936112,
    528.1841601299813,
    658.6761397773083,
    2352.2732969114513,
    -307.4136639651293,
    98.90544995998818,
    2240.959870966154,
    2021.2206606291434,
    1142.6982580543115,
    520.2432995679067,
    358.22671980509983
  ]
}