{
  "gen": 28,
  "fitness_penalized": 16925.0,
  "raw_survivors": 16925,
  "num_pulses": 280,
  "length_penalty": 0.0,
  "unique_pairs": [
    [
      0,
      -3
    ],
    [
      0,
      -2
    ],
    [
      0,
      -1
    ],
    [
      1,
      -3
    ],
    [
      1,
      -2
    ],
    [
      1,
      -1
    ],
    [
      2,
      -5
    ],
    [
      2,
      -4
    ],
    [
      2,
      -3
    ],
    [
      2,
      -2
    ],
    [
      2,
      -1
    ]
  ],
  "omega_vector": [
    12311.21446975933,
    18236.902903286846,
    6972.042741782619,
    13004.77022449487,
    22004.019886745697,
    6025.5774340531325,
    11979.236631859381,
    17901.51014913909,
    31910.532837156396,
    6141.198794935184,
    1861.5172598501194
  ],
  "time_vector": [
    0.00010192784386935116,
    8.433406990218541e-05,
    8.149489981327492e-05,
    0.00011688840237226437,
    6.647513831367422e-05,
    0.00010681399688118224,
    0.00010336540170712531,
    9.750270339879528e-05,
    5.677376640228646e-05,
    0.00029754661093785254,
    0.0002924743080776279
  ],
  "omega_scales": [
    0.9205000357389281,
    1.0605460457603733,
    1.2298683396504537,
    0.9723566660160778,
    1.2796183872599802,
    1.0629118593669724,
    1.2937575562408123,
    1.3809736400764434,
    1.2308348380046032,
    0.9474992426471425,
    0.2872055200911612
  ],
  "time_scales": [
    1.1325315985483462,
    1.2047724271740774,
    1.1642128544753558,
    1.2987600263584929,
    0.9496448330524889,
    1.5259142411597462,
    1.476648595816076,
    1.9500540679759055,
    1.1354753280457295,
    1.4877330546892626,
    1.4623715403881394
  ]
}