{
  "gen": 38,
  "score": 26906.0,
  "n_bar": 7.019797532047442,
  "num_pulses": 260,
  "good": 0.66776,
  "unique_pairs": [
    [
      0,
      -3
    ],
    [
      0,
      -2
    ],
    [
      0,
      -1
    ],
    [
      1,
      -3
    ],
    [
      1,
      -2
    ],
    [
      1,
      -1
    ],
    [
      2,
      -10
    ],
    [
      2,
      -9
    ],
    [
      2,
      -8
    ],
    [
      2,
      -7
    ],
    [
      2,
      -6
    ],
    [
      2,
      -5
    ],
    [
      2,
      -4
    ],
    [
      2,
      -3
    ],
    [
      2,
      -2
    ],
    [
      2,
      -1
    ]
  ],
  "omega_vector": [
    15818.346134738964,
    27972.305440601845,
    7376.484890756647,
    9365.018618504451,
    11680.571163847231,
    8059.3628837603665,
    1993.2474176124072,
    27656.301404542966,
    15728.846420405407,
    11109.236800853108,
    18635.566732800035,
    17753.14341931359,
    3419.3461589516196,
    254.44962285576875,
    1013.204200773463,
    581.7644422722087
  ],
  "time_vector": [
    9.56610421407644e-05,
    5.316478564051664e-05,
    0.00014410458137838872,
    0.0001270014768734498,
    0.00012889076322325214,
    0.00011899822049435521,
    5.781234440320985e-05,
    4.3148256099712164e-05,
    7.14298707860131e-05,
    3.6434031875107545e-05,
    7.206824482711584e-05,
    0.00019101642270920408,
    0.00017426830865366927,
    0.00011734197292186586,
    4.0892716699532445e-05,
    4.725940501819868e-05
  ],
  "omega_scales": [
    0.8818815709400051,
    1.5134638644294567,
    0.8110154767183542,
    0.6651094067352121,
    0.9076018367538821,
    1.008097788091025,
    0.21190303666082522,
    1.684741842500656,
    1.1956976010980007,
    0.9611520826462866,
    2.172216648509569,
    1.3747286333085205,
    0.6715294237124254,
    0.041253466437952205,
    0.23744622815682218,
    0.7234794069845065
  ],
  "time_scales": [
    1.2138340758297195,
    0.47082814155812797,
    1.2131899906007897,
    1.612175470110321,
    1.1318875703695679,
    0.8782370202350565,
    1.4355249457637882,
    1.2715659164719608,
    1.781623029900208,
    1.3834468792319392,
    1.0743542026242112,
    1.8062470765529381,
    1.9535628218845598,
    0.9607603975017459,
    0.2899926710650264,
    1.1141384025126877
  ]
}