{
  "gen": 41,
  "score": 3885.3378231500024,
  "score_SLM": 3921,
  "score_AOD": 3850,
  "survive_SLM": 0.7069,
  "survive_AOD": 0.7057,
  "nzbar_SLM": 14.306549724147686,
  "nzbar_AOD": 10.90916820178546,
  "num_pulses": 260,
  "unique_pairs": [
    [
      0,
      -3
    ],
    [
      0,
      -2
    ],
    [
      0,
      -1
    ],
    [
      1,
      -3
    ],
    [
      1,
      -2
    ],
    [
      1,
      -1
    ],
    [
      2,
      -10
    ],
    [
      2,
      -9
    ],
    [
      2,
      -8
    ],
    [
      2,
      -7
    ],
    [
      2,
      -6
    ],
    [
      2,
      -5
    ],
    [
      2,
      -4
    ],
    [
      2,
      -3
    ],
    [
      2,
      -2
    ],
    [
      2,
      -1
    ]
  ],
  "omega_vector": [
    20508.373046875,
    17760.42578125,
    5926.83544921875,
    25809.142578125,
    10060.341796875,
    4332.263671875,
    15534.948496622179,
    19013.993765540163,
    33476.66336166544,
    16208.245611919781,
    15173.685261164415,
    58890.5706262462,
    8585.495910260455,
    2605.0265430132495,
    2980.127268059071,
    210.20548636253648
  ],
  "time_vector": [
    6.814449443481863e-05,
    7.641866250196472e-05,
    0.0001462052168790251,
    5.634267290588468e-05,
    0.00013017933815717697,
    0.0001981102832360193,
    1.0110755319923934e-05,
    3.500920514835884e-05,
    6.104984780599468e-05,
    2.3215651483693402e-05,
    5.99196759318153e-05,
    8.713328289458347e-05,
    0.00013584570848970115,
    0.00020575898894822315,
    0.0003100014390578654,
    8.747708546290745e-05
  ],
  "detuning_vector": [
    0.0,
    0.0,
    0.0,
    0.0,
    0.0,
    0.0,
    -2361.3143221177224,
    5697.181457519531,
    945.5518640790481,
    3922.9238070365063,
    -3990.181918714434,
    6146.3424072265625,
    -4441.601723300973,
    -3986.9959716796875,
    967.3810683097895,
    -3012.3677470162706
  ],
  "omega_scales": [
    1.0,
    1.0,
    1.0,
    1.0,
    1.0,
    1.0,
    1.1279829059194588,
    1.1008550234049648,
    1.3714192795503926,
    1.0756999534394645,
    1.4876966773949802,
    2.3975320600743317,
    1.3361283965226818,
    1.2762712678181893,
    0.540237300134878,
    1.1262454204882735
  ],
  "time_scales": [
    1.0,
    1.0,
    1.0,
    1.0,
    1.0,
    1.0,
    0.6345146312967302,
    0.8529959350111209,
    1.2482143340795706,
    1.3614024182323212,
    1.0052723994399342,
    0.8898459842978573,
    1.0413118291739727,
    1.216899560463788,
    1.8514106827582566,
    1.7285789265001656
  ],
  "detuning_offsets": [
    0.0,
    0.0,
    0.0,
    0.0,
    0.0,
    0.0,
    -2143.1116701401834,
    5000.0,
    -143.34010369438943,
    4787.969949614631,
    -3716.248599622637,
    5000.0,
    -4759.592445957223,
    -5000.0,
    523.7467909660395,
    -2653.871042914708
  ]
}