{
  "gen": 7,
  "fitness": 2451.401448178724,
  "score_list": [
    2543,
    2478,
    3096,
    2395,
    2401
  ],
  "num_pulses": 200,
  "unique_pairs": [
    [
      0,
      -3
    ],
    [
      0,
      -2
    ],
    [
      0,
      -1
    ],
    [
      1,
      -3
    ],
    [
      1,
      -2
    ],
    [
      1,
      -1
    ],
    [
      2,
      -5
    ],
    [
      2,
      -4
    ],
    [
      2,
      -3
    ],
    [
      2,
      -2
    ]
  ],
  "omega_vector": [
    18154.985955352768,
    25304.70167928985,
    12414.230765826764,
    15535.242900043955,
    16690.619296010183,
    6538.830160876344,
    8725.499244986731,
    9236.813107227601,
    2524.5402397237676,
    3211.421159800598
  ],
  "time_vector": [
    7.375871301459987e-05,
    5.322268201062701e-05,
    5.8882333271872125e-05,
    7.198267344843159e-05,
    6.124057500075045e-05,
    4.5365183434146064e-05,
    5.9034597475136624e-05,
    7.052165777132903e-05,
    0.0002483221007017681,
    0.00032720090795495025
  ],
  "omega_scales": [
    0.7408373054359548,
    1.0325905540796392,
    0.9088781719298424,
    0.923571184098437,
    0.9922583847407195,
    0.6583312478196649,
    1.9034669891069242,
    2.015010068823246,
    1.0695348534989468,
    1.360535595996907
  ],
  "time_scales": [
    1.0536959002085697,
    0.7603240287232429,
    1.1776466654374425,
    1.0283239064061656,
    0.8748653571535778,
    0.9073036686829212,
    1.1806919495027324,
    1.410433155426581,
    1.2416105035088405,
    1.6360045397747511
  ]
}