{
  "gen": 15,
  "score": 17995.0,
  "n_bar": 16.73494983277592,
  "num_pulses": 260,
  "good": 0.69368,
  "unique_pairs": [
    [
      0,
      -3
    ],
    [
      0,
      -2
    ],
    [
      0,
      -1
    ],
    [
      1,
      -3
    ],
    [
      1,
      -2
    ],
    [
      1,
      -1
    ],
    [
      2,
      -10
    ],
    [
      2,
      -9
    ],
    [
      2,
      -8
    ],
    [
      2,
      -7
    ],
    [
      2,
      -6
    ],
    [
      2,
      -5
    ],
    [
      2,
      -4
    ],
    [
      2,
      -3
    ],
    [
      2,
      -2
    ],
    [
      2,
      -1
    ]
  ],
  "omega_vector": [
    22088.092233926516,
    9241.161071961333,
    5732.323772738965,
    15668.596135274298,
    12245.999456703075,
    9158.40981127557,
    21383.49531822254,
    21931.62230112594,
    2114.83993406935,
    14022.834256356542,
    8390.18058456245,
    13975.271142523121,
    6010.501230232651,
    5088.678614622387,
    2188.3856091260927,
    892.5099437963346
  ],
  "time_vector": [
    5.658036496920908e-05,
    0.00017658351581793376,
    0.00017435285156997443,
    0.00010885586590933124,
    0.00012485772700522127,
    0.00012375340941682647,
    3.1618454976405415e-05,
    4.12240045878633e-05,
    5.9682227578011444e-05,
    3.424072487431114e-05,
    8.7572098992104e-05,
    0.00012641729035719066,
    0.00010439405824438058,
    0.0002487368445401385,
    0.000252594961497967,
    4.826076521877078e-05
  ],
  "omega_scales": [
    1.2314233935964056,
    0.5000003799288106,
    0.6302464339183338,
    1.112793375478645,
    0.9515366538060601,
    1.1455710341299679,
    2.273289082085747,
    1.336010959099467,
    0.16076888083746696,
    1.2132315290160853,
    0.977984206818373,
    1.0821861201760987,
    1.180409423244377,
    0.825018446031823,
    0.512852106458884,
    1.1099209885423302
  ],
  "time_scales": [
    0.7179429941966065,
    1.5638262729869274,
    1.467844619054701,
    1.3818324094885392,
    1.0964704198160213,
    0.9133315194013193,
    0.7851105388249758,
    1.2148588126777249,
    1.488610156488643,
    1.3001642017656976,
    1.3054772294023076,
    1.1953991070235712,
    1.1702664275991366,
    2.0365816568708963,
    1.7912893418304117,
    1.1377454253640242
  ]
}