{
  "gen": 28,
  "score": 26677.0,
  "n_bar": 6.765138551142334,
  "num_pulses": 260,
  "good": 0.66618,
  "unique_pairs": [
    [
      0,
      -3
    ],
    [
      0,
      -2
    ],
    [
      0,
      -1
    ],
    [
      1,
      -3
    ],
    [
      1,
      -2
    ],
    [
      1,
      -1
    ],
    [
      2,
      -10
    ],
    [
      2,
      -9
    ],
    [
      2,
      -8
    ],
    [
      2,
      -7
    ],
    [
      2,
      -6
    ],
    [
      2,
      -5
    ],
    [
      2,
      -4
    ],
    [
      2,
      -3
    ],
    [
      2,
      -2
    ],
    [
      2,
      -1
    ]
  ],
  "omega_vector": [
    18478.822094583913,
    26758.683270144764,
    8681.748340494787,
    12412.921274356719,
    11566.081387529239,
    8518.595470373844,
    4224.400170317792,
    24840.104340998907,
    12955.11633524282,
    4925.762086833156,
    19647.300167665082,
    14450.163168500812,
    4418.991761292259,
    235.95455340029105,
    1652.835206718544,
    939.8953134405472
  ],
  "time_vector": [
    6.016433159038783e-05,
    5.261720496881175e-05,
    0.00010853392134215498,
    0.0001253548078038626,
    0.00011396304480528296,
    0.00012470182150443206,
    4.494548771919953e-05,
    5.1192045278985104e-05,
    6.778035898726748e-05,
    2.4747881938594195e-05,
    9.914665084572053e-05,
    0.00011760798340204713,
    0.0001374513425220698,
    6.154291422366756e-05,
    3.077277306934153e-05,
    5.1134735087736465e-05
  ],
  "omega_scales": [
    1.0302045813818865,
    1.4477998703064996,
    0.9545240549381676,
    0.8815733359381965,
    0.8987057708151402,
    1.0655404620916231,
    0.44909789735642064,
    1.5131872676397966,
    0.9848402807150114,
    0.4261684734289073,
    2.2901472831169674,
    1.1189597579720507,
    0.8678510021811844,
    0.038254893602646285,
    0.38734490569672214,
    1.1688492018171728
  ],
  "time_scales": [
    0.7634196136653928,
    0.4659787588905247,
    0.9137271400637278,
    1.5912724101874576,
    1.0007959505456576,
    0.9203310409262075,
    1.1160310049085058,
    1.5086139245308003,
    1.6905959260151073,
    0.9397087907512172,
    1.4780243541068905,
    1.11209849491647,
    1.5408414452617238,
    0.5038946700880688,
    0.21822660313880038,
    1.2054991390945715
  ]
}