{
  "gen": 26,
  "score": 26359.0,
  "n_bar": 6.926019724100945,
  "num_pulses": 260,
  "good": 0.67126,
  "unique_pairs": [
    [
      0,
      -3
    ],
    [
      0,
      -2
    ],
    [
      0,
      -1
    ],
    [
      1,
      -3
    ],
    [
      1,
      -2
    ],
    [
      1,
      -1
    ],
    [
      2,
      -10
    ],
    [
      2,
      -9
    ],
    [
      2,
      -8
    ],
    [
      2,
      -7
    ],
    [
      2,
      -6
    ],
    [
      2,
      -5
    ],
    [
      2,
      -4
    ],
    [
      2,
      -3
    ],
    [
      2,
      -2
    ],
    [
      2,
      -1
    ]
  ],
  "omega_vector": [
    20160.66508527348,
    22685.54366558177,
    8703.773469472857,
    14870.750572097493,
    9753.31415654201,
    8058.935681911156,
    5620.658421564534,
    26175.512881160885,
    12404.319314698627,
    7342.118541972672,
    15685.952317215982,
    16345.32978305891,
    3203.567956014443,
    1088.3966038237925,
    1919.932167579455,
    765.2930981501653
  ],
  "time_vector": [
    6.824294001306794e-05,
    5.130258200019027e-05,
    0.00010566848028890625,
    9.319403486543317e-05,
    0.00012836792480435145,
    8.821654076508932e-05,
    2.4500345080319536e-05,
    5.188905226852562e-05,
    6.285118221869856e-05,
    3.5727725188105386e-05,
    9.564449507967861e-05,
    0.00016785626353549808,
    0.00014289846326230395,
    5.912798559521596e-05,
    4.842543576956058e-05,
    6.0323917845369e-05
  ],
  "omega_scales": [
    1.1239682609770938,
    1.2274194079462277,
    0.9569456311689162,
    1.0561298907801395,
    0.7578504268963797,
    1.008044351951535,
    0.597534745079181,
    1.594536491150719,
    0.9429690170155822,
    0.6352274826935935,
    1.8284008884587446,
    1.265713476363637,
    0.6291524880258286,
    0.17645981260690258,
    0.44993955923266193,
    0.9517147432670906
  ],
  "time_scales": [
    0.8659283253549908,
    0.45433643810038926,
    0.8896035183772677,
    1.1830188173352394,
    1.127296129579972,
    0.651060424056102,
    0.6083623991672451,
    1.529154507431632,
    1.567651074614773,
    1.3566275092192182,
    1.4258161204456195,
    1.5872451226544921,
    1.6019041401753789,
    0.48412196871586305,
    0.34341131134638725,
    1.4221337199582829
  ]
}