{
  "gen": 18,
  "fitness": 67.99677485480014,
  "z_mean": 55.716774854800136,
  "good_frac": 0.8781,
  "survive_frac": 0.9982,
  "num_pulses": 200,
  "z_dns": [
    -5,
    -4,
    -3,
    -2
  ],
  "omega_scales_z": [
    0.38686202027838396,
    0.27248087670253207,
    0.1,
    0.2362553636710657
  ],
  "time_scales_z": [
    1.9172989221118313,
    0.44262334964385425,
    0.11082116207420126,
    0.34475348679830764
  ]
}