{
  "gen": 2,
  "score": 15276.864305216564,
  "score_SLM": 16579,
  "score_AOD": 14077,
  "survive_SLM": 0.72128,
  "survive_AOD": 0.74614,
  "nzbar_SLM": 21.02456743566992,
  "nzbar_AOD": 25.613423754255233,
  "num_pulses": 260,
  "unique_pairs": [
    [
      0,
      -3
    ],
    [
      0,
      -2
    ],
    [
      0,
      -1
    ],
    [
      1,
      -3
    ],
    [
      1,
      -2
    ],
    [
      1,
      -1
    ],
    [
      2,
      -10
    ],
    [
      2,
      -9
    ],
    [
      2,
      -8
    ],
    [
      2,
      -7
    ],
    [
      2,
      -6
    ],
    [
      2,
      -5
    ],
    [
      2,
      -4
    ],
    [
      2,
      -3
    ],
    [
      2,
      -2
    ],
    [
      2,
      -1
    ]
  ],
  "omega_vector": [
    18312.888164974647,
    16514.085561512056,
    7154.856680559903,
    20098.9275619436,
    8547.36629264338,
    5247.760142654193,
    11912.87949775039,
    13384.851771506052,
    18663.819553622136,
    11263.838564691338,
    11801.340409428969,
    12520.055978172608,
    5333.599568547597,
    2390.222523759152,
    4105.439701095676,
    555.8138737843014
  ],
  "time_vector": [
    7.536569511886035e-05,
    8.909131158386108e-05,
    0.00010313963285876335,
    6.305279477781154e-05,
    0.000100701101372089,
    0.000181258663656003,
    2.480997892013534e-05,
    3.984087325815223e-05,
    4.044248999221822e-05,
    2.419521489251092e-05,
    5.433232729734049e-05,
    0.00013808526176558057,
    0.0001225521814181514,
    0.00016662819193388902,
    0.0002527773329554934,
    4.602419160245235e-05
  ],
  "detuning_vector": [
    -91.84562901491972,
    151.4655764461707,
    9.150780979847923,
    -1490.7456480560952,
    826.4191168237531,
    -406.72589598287084,
    2540.3241702693185,
    842.4768081051443,
    -131.5132619441409,
    461.83353524934324,
    272.4788225324429,
    -72.48649108260655,
    223.91993917257662,
    413.30944559081667,
    763.8941832492762,
    23.338813672220226
  ],
  "omega_scales": [
    0.9942518725383738,
    1.1360163248696096,
    0.9122750308105245,
    1.0822014354252218,
    0.7240250986985615,
    0.9274614779228783,
    0.8467707997445297,
    0.7175283815025584,
    0.9153495238325421,
    0.9631662504157157,
    1.1234866420079814,
    0.8510874571026594,
    1.0584309422822469,
    1.0563182361451495,
    1.0264968774906582,
    0.9418290525244244
  ],
  "time_scales": [
    0.9865547400363006,
    0.9486142806862852,
    0.7669694778040823,
    0.900487943749273,
    0.9627190261543984,
    1.141304692177394,
    0.9318934489882925,
    0.931426582026192,
    0.9858893240185317,
    1.1082833484624166,
    1.10456731261094,
    0.943882554903757,
    1.058297855634422,
    0.8936513426242934,
    1.146330605218477,
    0.9715851694370451
  ],
  "detuning_offsets": [
    -91.84562901491972,
    151.4655764461707,
    9.150780979847923,
    -1490.7456480560952,
    826.4191168237531,
    -406.72589598287084,
    2540.3241702693185,
    842.4768081051443,
    -131.5132619441409,
    461.83353524934324,
    272.4788225324429,
    -72.48649108260655,
    223.91993917257662,
    413.30944559081667,
    763.8941832492762,
    23.338813672220226
  ]
}