{
  "gen": 26,
  "score": 16807.0,
  "n_bar": 29.905305017812267,
  "num_pulses": 260,
  "good": 0.72422,
  "unique_pairs": [
    [
      0,
      -3
    ],
    [
      0,
      -2
    ],
    [
      0,
      -1
    ],
    [
      1,
      -3
    ],
    [
      1,
      -2
    ],
    [
      1,
      -1
    ],
    [
      2,
      -10
    ],
    [
      2,
      -9
    ],
    [
      2,
      -8
    ],
    [
      2,
      -7
    ],
    [
      2,
      -6
    ],
    [
      2,
      -5
    ],
    [
      2,
      -4
    ],
    [
      2,
      -3
    ],
    [
      2,
      -2
    ],
    [
      2,
      -1
    ]
  ],
  "omega_vector": [
    14367.7010767449,
    20641.637372365192,
    6520.092822577855,
    20758.918043728754,
    15365.420586874716,
    6833.613502440653,
    13091.451134609475,
    13208.580978193793,
    10053.665686446906,
    8905.892492823474,
    8802.428123111104,
    12604.203460091092,
    6572.6299466941755,
    4749.80588956236,
    5328.898648260862,
    253.1578995588832
  ],
  "time_vector": [
    0.00012588809576030992,
    5.120767652552171e-05,
    0.00015004896671248042,
    7.049069540100297e-05,
    9.641703174245804e-05,
    0.00012287154825206442,
    2.4440902690030665e-05,
    2.7781415146370023e-05,
    4.2013472602129597e-05,
    3.432177897728103e-05,
    5.1630663181585635e-05,
    7.451269251766151e-05,
    9.647644667304689e-05,
    0.00014385362219239057,
    0.00022467086209315446,
    4.88870424065652e-05
  ],
  "omega_scales": [
    0.8979813172965562,
    1.587818259412707,
    0.7244547580642061,
    1.2974323777330472,
    1.1819554297595936,
    0.7592903891600725,
    1.0909542612174563,
    1.1007150815161495,
    1.1170739651607673,
    0.9895436103137194,
    1.4670713538518505,
    2.1007005766818487,
    1.6431574866735439,
    1.18745147239059,
    1.7762995494202871,
    0.08438596651962774
  ],
  "time_scales": [
    1.573601197003874,
    0.5689741836169079,
    1.2504080559373365,
    0.8811336925125371,
    1.0713003526939782,
    1.0239295687672032,
    0.8146967563343556,
    0.9260471715456675,
    1.4004490867376533,
    1.144059299242701,
    1.0326132636317127,
    1.49025385035323,
    1.3782349524720985,
    2.0550517456055797,
    2.4963429121461607,
    0.5431893600729466
  ]
}