{
  "gen": 11,
  "fitness": 68.46077812106648,
  "z_mean": 55.800778121066486,
  "good_frac": 0.8739,
  "survive_frac": 0.999,
  "num_pulses": 200,
  "z_dns": [
    -5,
    -4,
    -3,
    -2
  ],
  "omega_scales_z": [
    0.7065891905796273,
    0.28605095917630285,
    0.2857452173144123,
    0.20911154893566197
  ],
  "time_scales_z": [
    1.1264936696149888,
    0.669929928911552,
    0.2081871716033759,
    0.4181155957662417
  ]
}