{
  "gen": 21,
  "fitness_penalized": 16013.0,
  "raw_survivors": 16013,
  "num_pulses": 280,
  "length_penalty": 0.0,
  "unique_pairs": [
    [
      0,
      -3
    ],
    [
      0,
      -2
    ],
    [
      0,
      -1
    ],
    [
      1,
      -3
    ],
    [
      1,
      -2
    ],
    [
      1,
      -1
    ],
    [
      2,
      -5
    ],
    [
      2,
      -4
    ],
    [
      2,
      -3
    ],
    [
      2,
      -2
    ],
    [
      2,
      -1
    ]
  ],
  "omega_vector": [
    17854.973539795803,
    17600.424165467266,
    5361.798496771458,
    9010.036180949366,
    17510.242009718513,
    7629.522656197142,
    11376.912358758898,
    19444.444444444453,
    27622.696636767854,
    9160.424219975434,
    1849.5106579172932
  ],
  "time_vector": [
    0.00011145877935188025,
    9.354575908198145e-05,
    0.000108585420119512,
    0.00014106628222027058,
    7.442872400082901e-05,
    9.467430626083698e-05,
    7.597550803663039e-05,
    9.488369313206907e-05,
    5.556396666856897e-05,
    0.00016965838196017073,
    0.00028448994669355446
  ],
  "omega_scales": [
    1.3350026369755013,
    1.0235323591610193,
    0.9458212548304852,
    0.6736734744525217,
    1.018287919949784,
    1.3458477965531757,
    1.2287065347459603,
    1.5,
    1.065446870275331,
    1.4133225939390666,
    0.28535307293581086
  ],
  "time_scales": [
    1.2384308816875582,
    1.3363679868854494,
    1.5512202874216,
    1.5674031357807843,
    1.0632674857261288,
    1.3524900894405283,
    1.0853644005232914,
    1.8976738626413812,
    1.1112793333713797,
    0.8482919098008537,
    1.4224497334677724
  ]
}