{
  "gen": 37,
  "fitness": 2432.858340217599,
  "score_list": [
    2289,
    2925,
    3316,
    2927,
    1943
  ],
  "num_pulses": 200,
  "unique_pairs": [
    [
      0,
      -3
    ],
    [
      0,
      -2
    ],
    [
      0,
      -1
    ],
    [
      1,
      -3
    ],
    [
      1,
      -2
    ],
    [
      1,
      -1
    ],
    [
      2,
      -5
    ],
    [
      2,
      -4
    ],
    [
      2,
      -3
    ],
    [
      2,
      -2
    ]
  ],
  "omega_vector": [
    19905.461310096358,
    7054.004267621396,
    1365.885016191701,
    7956.280821228958,
    7561.481460984296,
    2552.5534942856075,
    6876.005174968068,
    6876.005174968068,
    3497.67421854648,
    3540.614265348371
  ],
  "time_vector": [
    7.608318319141825e-05,
    0.00011600890897419746,
    2.2059429962014143e-05,
    0.00011130557380635651,
    0.0001274629665521869,
    8.508997570914768e-06,
    7.4647321109159e-05,
    9.820709770528846e-05,
    0.0001318631448379376,
    9.758761205582466e-05
  ],
  "omega_scales": [
    0.8122676798922864,
    0.2878476208689978,
    0.1,
    0.4730014037348153,
    0.4495305565154624,
    0.25699179909488223,
    1.5,
    1.5,
    1.4818082215752189,
    1.5
  ],
  "time_scales": [
    1.0869026170202607,
    1.6572701282028206,
    0.44118859924028286,
    1.590079625805093,
    1.8208995221740985,
    0.17017995141829534,
    1.49294642218318,
    1.9641419541057696,
    0.6593157241896879,
    0.48793806027912323
  ]
}