{
  "gen": 16,
  "fitness": 67.93726201269266,
  "z_mean": 56.087262012692655,
  "good_frac": 0.8824,
  "survive_frac": 0.9982,
  "num_pulses": 200,
  "z_dns": [
    -5,
    -4,
    -3,
    -2
  ],
  "omega_scales_z": [
    0.5227413317505181,
    0.24714366105023416,
    0.1,
    0.15604227986627495
  ],
  "time_scales_z": [
    1.2585301767328478,
    0.5578097836146582,
    0.453248957335823,
    0.5543306009375075
  ]
}