{
  "gen": 5,
  "fitness": 2235.816822709556,
  "score_list": [
    2037,
    2522,
    2963,
    2466,
    2050
  ],
  "num_pulses": 200,
  "unique_pairs": [
    [
      0,
      -3
    ],
    [
      0,
      -2
    ],
    [
      0,
      -1
    ],
    [
      1,
      -3
    ],
    [
      1,
      -2
    ],
    [
      1,
      -1
    ],
    [
      2,
      -5
    ],
    [
      2,
      -4
    ],
    [
      2,
      -3
    ],
    [
      2,
      -2
    ]
  ],
  "omega_vector": [
    21919.657627517674,
    18427.037186657617,
    10591.481605523508,
    15997.976098332614,
    20501.862216074034,
    3201.889298054538,
    9272.994073668438,
    9024.368070349452,
    3120.830168526145,
    2738.255495618485
  ],
  "time_vector": [
    5.3662499572068604e-05,
    7.504385843497678e-05,
    4.483929937609176e-05,
    4.511507731977066e-05,
    7.090996530170949e-05,
    5.608764471546999e-05,
    5.948031188071719e-05,
    4.6464444321155045e-05,
    0.00021844814682736815,
    0.00017358667009982037
  ],
  "omega_scales": [
    0.89445952383461,
    0.7519387021341439,
    0.7754299578638179,
    0.9510807023348017,
    1.2188370201195198,
    0.3223671092699203,
    2.0229029438691857,
    1.9686652003700744,
    1.3221562423797713,
    1.1600764544238173
  ],
  "time_scales": [
    0.7666071367438373,
    1.0720551204996682,
    0.8967859875218352,
    0.6445011045681523,
    1.0129995043101354,
    1.1217528943093997,
    1.1896062376143437,
    0.929288886423101,
    1.0922407341368408,
    0.8679333504991018
  ]
}