{
  "gen": 20,
  "score": -46.20172929556679,
  "n_bar": 16.356729295566783,
  "num_pulses": 480,
  "good": 0.70468,
  "survive": 0.99374,
  "unique_pairs": [
    [
      0,
      -3
    ],
    [
      0,
      -2
    ],
    [
      0,
      -1
    ],
    [
      1,
      -3
    ],
    [
      1,
      -2
    ],
    [
      1,
      -1
    ],
    [
      2,
      -10
    ],
    [
      2,
      -9
    ],
    [
      2,
      -8
    ],
    [
      2,
      -7
    ],
    [
      2,
      -6
    ],
    [
      2,
      -5
    ],
    [
      2,
      -4
    ],
    [
      2,
      -3
    ],
    [
      2,
      -2
    ],
    [
      2,
      -1
    ]
  ],
  "omega_vector": [
    21211.414338218106,
    22224.703381817955,
    7606.472236363901,
    21938.686282926967,
    10857.449706387759,
    4817.517580175557,
    17955.53040931914,
    20722.308831975086,
    17086.1893210457,
    9463.157750271732,
    5042.0276021528825,
    8944.228867595884,
    2260.876956968038,
    724.6837013345158,
    1348.549783014102,
    300.0
  ],
  "time_vector": [
    6.398491724711453e-05,
    8.081765376575565e-05,
    7.729575078390976e-05,
    6.79336272541502e-05,
    0.0001281397253266278,
    0.0001272664014590775,
    3.539561556730075e-05,
    3.713531044976213e-05,
    3.5739150797373474e-05,
    2.9280265929692764e-05,
    3.122206733404386e-05,
    4.76785340857755e-05,
    8.061430934503033e-05,
    4.9214725070944515e-05,
    3.267506313537701e-05,
    5.9821205092722165e-05
  ],
  "omega_scales": [
    1.3257133961386316,
    1.7095925678321504,
    0.8451635818182113,
    1.3711678926829354,
    0.8351884389529045,
    0.5352797311306174,
    1.4962942007765951,
    1.726859069331257,
    1.8984654801161889,
    1.0514619722524146,
    0.8403379336921472,
    1.4907048112659806,
    0.5652192392420095,
    0.18117092533362897,
    0.44951659433803404,
    0.1
  ],
  "time_scales": [
    0.7998114655889316,
    0.8979739307306183,
    0.6441312565325813,
    0.8491703406768775,
    1.4237747258514197,
    1.0605533454923124,
    1.1798538522433581,
    1.2378436816587377,
    1.1913050265791156,
    0.976008864323092,
    0.6244413466808771,
    0.9535706817155098,
    1.1516329906432907,
    0.7030675010134932,
    0.3630562570597445,
    0.6646800565858018
  ]
}