{
  "gen": 4,
  "score": 10706.0,
  "n_bar": 33.31693653799984,
  "num_pulses": 260,
  "good": 0.74974,
  "unique_pairs": [
    [
      0,
      -3
    ],
    [
      0,
      -2
    ],
    [
      0,
      -1
    ],
    [
      1,
      -3
    ],
    [
      1,
      -2
    ],
    [
      1,
      -1
    ],
    [
      2,
      -10
    ],
    [
      2,
      -9
    ],
    [
      2,
      -8
    ],
    [
      2,
      -7
    ],
    [
      2,
      -6
    ],
    [
      2,
      -5
    ],
    [
      2,
      -4
    ],
    [
      2,
      -3
    ],
    [
      2,
      -2
    ],
    [
      2,
      -1
    ]
  ],
  "omega_vector": [
    14565.820140416794,
    10120.778325967365,
    10515.069623888085,
    14575.50079582392,
    15165.558122681785,
    4876.472398724883,
    5928.718727973499,
    16110.113849845091,
    6708.192244165829,
    7475.864334093531,
    7159.067467317761,
    5133.950549298442,
    3943.701905573762,
    7144.857215050746,
    3448.916077598389,
    1614.7976348822583
  ],
  "time_vector": [
    5.211867392205051e-05,
    9.862926045077509e-05,
    0.00010359551557614838,
    9.504036561594115e-05,
    0.00010039393267042978,
    0.0001175406276191398,
    3.041264129392268e-05,
    3.390091225723506e-05,
    4.645278894115566e-05,
    9.856524236422564e-06,
    9.983152561121533e-05,
    9.736257538710386e-05,
    0.00012221999347491024,
    0.00011791868606090944,
    8.576117453339942e-05,
    7.924019820907858e-05
  ],
  "omega_scales": [
    0.9103637587760496,
    0.7785214096897973,
    1.1683410693208982,
    0.910968799738995,
    1.166581394052445,
    0.541830266524987,
    0.49405989399779154,
    1.3425094874870909,
    0.7453546937962032,
    0.830651592677059,
    1.1931779112196268,
    0.8556584248830736,
    0.9859254763934405,
    1.7862143037626865,
    1.1496386925327964,
    0.5382658782940861
  ],
  "time_scales": [
    0.6514834240256313,
    1.0958806716752787,
    0.8632959631345697,
    1.1880045701992643,
    1.115488140782553,
    0.9795052301594981,
    1.0137547097974227,
    1.130030408574502,
    1.5484262980385222,
    0.3285508078807522,
    1.9966305122243067,
    1.947251507742077,
    1.7459999067844323,
    1.6845526580129921,
    0.9529019392599934,
    0.8804466467675397
  ]
}