{
  "gen": 29,
  "score": 16855.821635268927,
  "score_SLM": 17129,
  "score_AOD": 16587,
  "survive_SLM": 0.70566,
  "survive_AOD": 0.74018,
  "nzbar_SLM": 16.319048833715954,
  "nzbar_AOD": 18.242481558539815,
  "num_pulses": 260,
  "unique_pairs": [
    [
      0,
      -3
    ],
    [
      0,
      -2
    ],
    [
      0,
      -1
    ],
    [
      1,
      -3
    ],
    [
      1,
      -2
    ],
    [
      1,
      -1
    ],
    [
      2,
      -10
    ],
    [
      2,
      -9
    ],
    [
      2,
      -8
    ],
    [
      2,
      -7
    ],
    [
      2,
      -6
    ],
    [
      2,
      -5
    ],
    [
      2,
      -4
    ],
    [
      2,
      -3
    ],
    [
      2,
      -2
    ],
    [
      2,
      -1
    ]
  ],
  "omega_vector": [
    19495.431681872906,
    17222.406990091957,
    5360.64544528406,
    25178.225497648844,
    11071.67299016774,
    3502.535938616009,
    14248.464080482865,
    16909.28303685697,
    26366.159170653515,
    16580.765505323,
    10753.456257607328,
    24615.160834835177,
    6671.57672973182,
    2287.9048314348984,
    5684.665508834421,
    295.2142081504099
  ],
  "time_vector": [
    6.951317418795155e-05,
    7.885438146904005e-05,
    0.00017180975475561747,
    4.592191238043782e-05,
    0.00011618383976525471,
    0.0002099516497225491,
    1.946633655141299e-05,
    4.264489211773116e-05,
    5.95738580444614e-05,
    2.353372770311878e-05,
    6.331415595069256e-05,
    9.7584425533748e-05,
    0.00012356724771708523,
    0.00018069467949583838,
    0.0001691533121066356,
    4.7264901734773e-05
  ],
  "detuning_vector": [
    1384.4684849881014,
    2521.476599123126,
    -885.3286452911877,
    592.9952143509208,
    525.4674795857092,
    -43.17044281582099,
    -291.1349531798585,
    13.638607490431795,
    915.1471982916567,
    -1607.7070804514751,
    -121.01252689871319,
    1923.6610217054968,
    148.44209050855454,
    -358.9470495241748,
    191.65576786858122,
    -225.4758358792391
  ],
  "omega_scales": [
    1.0584550771581098,
    1.1847422869051396,
    0.6835053736363754,
    1.3556898342480805,
    0.9378525331673009,
    0.6190197474352936,
    1.0127848037781337,
    0.9064643148035001,
    1.29310354575663,
    1.4178145087097862,
    1.0237281564377443,
    1.673287617692473,
    1.3239470181075603,
    1.011100670329387,
    1.4213560103781406,
    0.5002417734933154
  ],
  "time_scales": [
    0.9099438594965041,
    0.8396148965188861,
    1.2776159293393023,
    0.6558333948275147,
    1.1107365416033717,
    1.3219715853885152,
    0.7311796421294241,
    0.9969808103532574,
    1.4522654428036261,
    1.077983339122494,
    1.2871664176275708,
    0.6670388694195066,
    1.0670634481767785,
    0.9690919709468488,
    0.7671005005660478,
    0.9977769508059716
  ],
  "detuning_offsets": [
    1384.4684849881014,
    2521.476599123126,
    -885.3286452911877,
    592.9952143509208,
    525.4674795857092,
    -43.17044281582099,
    -291.1349531798585,
    13.638607490431795,
    915.1471982916567,
    -1607.7070804514751,
    -121.01252689871319,
    1923.6610217054968,
    148.44209050855454,
    -358.9470495241748,
    191.65576786858122,
    -225.4758358792391
  ]
}