{
  "gen": 32,
  "fitness": 67.9572378894701,
  "z_mean": 55.782237889470096,
  "good_frac": 0.8794,
  "survive_frac": 0.9977,
  "num_pulses": 200,
  "z_dns": [
    -5,
    -4,
    -3,
    -2
  ],
  "omega_scales_z": [
    0.3078587656394131,
    0.1,
    0.18193643196976805,
    0.1
  ],
  "time_scales_z": [
    0.6966736211711312,
    0.7115629563735986,
    0.6424339139540631,
    0.1
  ]
}