{
  "gen": 39,
  "score": 3723.86841872803,
  "score_SLM": 3892,
  "score_AOD": 3563,
  "survive_SLM": 0.6975,
  "survive_AOD": 0.693,
  "nzbar_SLM": 13.236702508960574,
  "nzbar_AOD": 11.202020202020202,
  "num_pulses": 260,
  "unique_pairs": [
    [
      0,
      -3
    ],
    [
      0,
      -2
    ],
    [
      0,
      -1
    ],
    [
      1,
      -3
    ],
    [
      1,
      -2
    ],
    [
      1,
      -1
    ],
    [
      2,
      -10
    ],
    [
      2,
      -9
    ],
    [
      2,
      -8
    ],
    [
      2,
      -7
    ],
    [
      2,
      -6
    ],
    [
      2,
      -5
    ],
    [
      2,
      -4
    ],
    [
      2,
      -3
    ],
    [
      2,
      -2
    ],
    [
      2,
      -1
    ]
  ],
  "omega_vector": [
    20508.373046875,
    17760.42578125,
    5926.83544921875,
    25809.142578125,
    10060.341796875,
    4332.263671875,
    13142.956569812823,
    24846.674671103327,
    37845.70944570021,
    21012.517664948824,
    13344.81714454025,
    46968.01984032184,
    7917.282659475341,
    2864.900815406005,
    3963.3348105845985,
    112.87165817637404
  ],
  "time_vector": [
    6.814449443481863e-05,
    7.641866250196472e-05,
    0.0001462052168790251,
    5.634267290588468e-05,
    0.00013017933815717697,
    0.0001981102832360193,
    2.153970055587663e-05,
    5.089180959366801e-05,
    4.161281996986564e-05,
    1.5102865740590975e-05,
    0.00010582572974332856,
    0.0001401197502270842,
    0.00015853563259338462,
    0.000219912041441356,
    0.00021272755816694605,
    4.4508844064888474e-05
  ],
  "detuning_vector": [
    0.0,
    0.0,
    0.0,
    0.0,
    0.0,
    0.0,
    5014.521510212471,
    2228.4560238712756,
    11330.456958413135,
    1304.6242795181374,
    -1409.7294738491457,
    3973.191594583026,
    5703.757636694542,
    3144.968628362473,
    -186.31764908759078,
    7551.636981081103
  ],
  "omega_scales": [
    1.0,
    1.0,
    1.0,
    1.0,
    1.0,
    1.0,
    0.9543018663508394,
    1.4385503100440271,
    1.5504034861947948,
    1.3945472455827468,
    1.3083861820429372,
    1.9121453938704467,
    1.2321368847173213,
    1.4035905337157213,
    0.7184731070211331,
    0.6047472419669204
  ],
  "time_scales": [
    1.0,
    1.0,
    1.0,
    1.0,
    1.0,
    1.0,
    1.3517541196473992,
    1.2399740732415276,
    0.8508083186860717,
    0.8856558669447921,
    1.7754382614254394,
    1.4309686599463654,
    1.2152391959999662,
    1.3006035261867543,
    1.2704653078524788,
    0.8795108968973536
  ],
  "detuning_offsets": [
    0.0,
    0.0,
    0.0,
    0.0,
    0.0,
    0.0,
    5232.72416219001,
    1531.2745663517444,
    10241.564990639697,
    2169.6704220962624,
    -1135.7961547573489,
    2826.8491873564635,
    5385.766914038292,
    2131.9646000421603,
    -629.9519264313408,
    7910.133685182665
  ]
}