{
  "gen": 24,
  "score": 3611.355008857479,
  "score_SLM": 3819,
  "score_AOD": 3415,
  "survive_SLM": 0.6824,
  "survive_AOD": 0.6966,
  "nzbar_SLM": 14.633645955451348,
  "nzbar_AOD": 14.55340223944875,
  "num_pulses": 260,
  "unique_pairs": [
    [
      0,
      -3
    ],
    [
      0,
      -2
    ],
    [
      0,
      -1
    ],
    [
      1,
      -3
    ],
    [
      1,
      -2
    ],
    [
      1,
      -1
    ],
    [
      2,
      -10
    ],
    [
      2,
      -9
    ],
    [
      2,
      -8
    ],
    [
      2,
      -7
    ],
    [
      2,
      -6
    ],
    [
      2,
      -5
    ],
    [
      2,
      -4
    ],
    [
      2,
      -3
    ],
    [
      2,
      -2
    ],
    [
      2,
      -1
    ]
  ],
  "omega_vector": [
    20508.373046875,
    17760.42578125,
    5926.83544921875,
    25809.142578125,
    10060.341796875,
    4332.263671875,
    16357.501831455089,
    20845.75205427625,
    47855.3574109121,
    27013.53535298598,
    8877.48965947317,
    48584.6163487965,
    7458.213683863085,
    2917.354621286986,
    3440.2108644621326,
    171.3068629990412
  ],
  "time_vector": [
    6.814449443481863e-05,
    7.641866250196472e-05,
    0.0001462052168790251,
    5.634267290588468e-05,
    0.00013017933815717697,
    0.0001981102832360193,
    1.668658266238434e-05,
    5.6826929544035014e-05,
    4.0961411189665524e-05,
    9.78627841726351e-06,
    7.859311371311928e-05,
    0.0001443973373893748,
    0.00010715643795661729,
    0.00019018999482036227,
    0.00023962847855257133,
    5.733696526621693e-05
  ],
  "detuning_vector": [
    0.0,
    0.0,
    0.0,
    0.0,
    0.0,
    0.0,
    7029.103843265164,
    2229.197607906392,
    3820.0753213104726,
    -3584.3927217618,
    7331.483642786921,
    1152.1689216030516,
    4618.995837531937,
    11361.722160513556,
    1402.456079726505,
    -939.1131383343541
  ],
  "omega_scales": [
    1.0,
    1.0,
    1.0,
    1.0,
    1.0,
    1.0,
    1.1877079897264833,
    1.2069085089947933,
    1.9604629969859266,
    1.7928194955333308,
    0.8703892062272179,
    1.9779596985385162,
    1.1606937088438025,
    1.429289037830068,
    0.6236412280882692,
    0.9178331797588488
  ],
  "time_scales": [
    1.0,
    1.0,
    1.0,
    1.0,
    1.0,
    1.0,
    1.0471898993303763,
    1.3845827031722129,
    0.8374897305812339,
    0.573882801097156,
    1.3185566639537303,
    1.4746533878987533,
    0.8213970662520554,
    1.1248214344586844,
    1.4311247277872339,
    1.1329992231014643
  ],
  "detuning_offsets": [
    0.0,
    0.0,
    0.0,
    0.0,
    0.0,
    0.0,
    7247.306495242703,
    1532.0161503868608,
    2731.183353537035,
    -2719.346579183675,
    7605.416961878718,
    5.826514376489058,
    4301.005114875687,
    10348.718132193244,
    958.8218023827551,
    -580.6164342327916
  ]
}