{
  "gen": 24,
  "score": 18140.0,
  "n_bar": 18.99314733235438,
  "num_pulses": 260,
  "good": 0.69462,
  "unique_pairs": [
    [
      0,
      -3
    ],
    [
      0,
      -2
    ],
    [
      0,
      -1
    ],
    [
      1,
      -3
    ],
    [
      1,
      -2
    ],
    [
      1,
      -1
    ],
    [
      2,
      -10
    ],
    [
      2,
      -9
    ],
    [
      2,
      -8
    ],
    [
      2,
      -7
    ],
    [
      2,
      -6
    ],
    [
      2,
      -5
    ],
    [
      2,
      -4
    ],
    [
      2,
      -3
    ],
    [
      2,
      -2
    ],
    [
      2,
      -1
    ]
  ],
  "omega_vector": [
    19118.014712321023,
    11779.933663737807,
    5757.528050696829,
    17619.400261374914,
    7135.661300338793,
    6890.91142774579,
    12266.109102274162,
    19946.11201782153,
    13729.412943787847,
    11281.36761407468,
    11422.611705042891,
    18113.720039718115,
    5397.127910111459,
    5542.670731533264,
    4457.950767396325,
    908.4749443655381
  ],
  "time_vector": [
    8.788551618602042e-05,
    0.00012101321495189632,
    0.00018635071309374478,
    8.654142533604427e-05,
    8.584496743665767e-05,
    0.00013707932224317406,
    4.196418746085515e-05,
    4.831929259107463e-05,
    3.629118019556192e-05,
    3.1024588603122195e-05,
    6.774415995182123e-05,
    0.0001186511553278965,
    8.953706606379294e-05,
    0.00017797934673869796,
    0.00022125973666369255,
    6.851177518662662e-05
  ],
  "omega_scales": [
    1.065839924360336,
    0.6373626930143973,
    0.6330175450649117,
    1.2513406894587413,
    0.554453991315607,
    0.8619431422103276,
    1.304015619846302,
    1.215059418831368,
    1.0437018508918625,
    0.9760445448902102,
    1.3314533263688046,
    1.4026501677018297,
    1.0599483137122987,
    0.8986233834173811,
    1.044728786377918,
    1.1297749849454144
  ],
  "time_scales": [
    1.1151711494162855,
    1.0716948523978274,
    1.5688524105490764,
    1.0985696112351402,
    0.7538697823678029,
    1.011680132715909,
    1.042003028083754,
    1.4239547810428543,
    0.9051843676487816,
    1.1780433861828117,
    1.0098930967734878,
    1.1219627056198398,
    1.0037182594711818,
    1.457240778060147,
    1.5690740848964477,
    1.6151620980065822
  ]
}