{
  "gen": 31,
  "score": 18820.0,
  "n_bar": 19.324628239626115,
  "num_pulses": 260,
  "good": 0.7061,
  "unique_pairs": [
    [
      0,
      -3
    ],
    [
      0,
      -2
    ],
    [
      0,
      -1
    ],
    [
      1,
      -3
    ],
    [
      1,
      -2
    ],
    [
      1,
      -1
    ],
    [
      2,
      -10
    ],
    [
      2,
      -9
    ],
    [
      2,
      -8
    ],
    [
      2,
      -7
    ],
    [
      2,
      -6
    ],
    [
      2,
      -5
    ],
    [
      2,
      -4
    ],
    [
      2,
      -3
    ],
    [
      2,
      -2
    ],
    [
      2,
      -1
    ]
  ],
  "omega_vector": [
    20776.2249483107,
    13187.227715762372,
    6788.8303909005035,
    14436.042850687169,
    10974.245579513667,
    5786.527184595598,
    12677.707960056525,
    21976.595671388266,
    13162.281433897175,
    10464.963369408519,
    9288.833446424893,
    17107.01978019465,
    5909.179422196322,
    3273.832135562801,
    4586.683605031788,
    927.2021150839579
  ],
  "time_vector": [
    8.381290110570902e-05,
    8.855926795394976e-05,
    0.00015618121876834293,
    8.146720112311645e-05,
    0.00010074078601578114,
    0.00014901566834917457,
    3.961285713371452e-05,
    4.30928455418451e-05,
    4.873386382696209e-05,
    2.7162054933679647e-05,
    5.872289597724616e-05,
    0.0001276457286151371,
    0.000119898050659055,
    0.00014778569228221568,
    0.00022462744467559897,
    5.119446204710952e-05
  ],
  "omega_scales": [
    1.1582860647726951,
    0.7135054585396925,
    0.7464051777202865,
    1.0252566799016107,
    0.8527190413241887,
    0.7238022830903534,
    1.3477728810269958,
    1.338750606660105,
    1.0005888489743395,
    0.9054106522017502,
    1.0827338361565877,
    1.324695540780918,
    1.1605107139013606,
    0.5307806025104016,
    1.074897558589019,
    1.1530640025982335
  ],
  "time_scales": [
    1.0634941150500312,
    0.7842822094768302,
    1.3148609816370602,
    1.0341566610292654,
    0.8846812655071028,
    1.0997733915317034,
    0.9836176888420212,
    1.2699329842710942,
    1.2155331260537279,
    1.0313780330526399,
    0.8754089992723306,
    1.2070151920735956,
    1.344067524345194,
    1.210024315482376,
    1.5929563485502831,
    1.2069071995447023
  ]
}