{
  "gen": 15,
  "score": -46.50859854829704,
  "n_bar": 17.858598548297042,
  "num_pulses": 480,
  "good": 0.7164,
  "survive": 0.9942,
  "unique_pairs": [
    [
      0,
      -3
    ],
    [
      0,
      -2
    ],
    [
      0,
      -1
    ],
    [
      1,
      -3
    ],
    [
      1,
      -2
    ],
    [
      1,
      -1
    ],
    [
      2,
      -10
    ],
    [
      2,
      -9
    ],
    [
      2,
      -8
    ],
    [
      2,
      -7
    ],
    [
      2,
      -6
    ],
    [
      2,
      -5
    ],
    [
      2,
      -4
    ],
    [
      2,
      -3
    ],
    [
      2,
      -2
    ],
    [
      2,
      -1
    ]
  ],
  "omega_vector": [
    17468.034263586338,
    14647.821552566329,
    9188.51559410245,
    29792.264175242988,
    14778.450986563626,
    6653.898403695116,
    13594.925025640901,
    15664.619045701462,
    16514.675569681367,
    10259.71545531213,
    7905.654474724915,
    5852.429148445639,
    1142.0186855523768,
    400.0,
    300.0,
    300.0
  ],
  "time_vector": [
    6.909865017303231e-05,
    6.758009011536089e-05,
    0.00011843410654583677,
    6.592319867935117e-05,
    8.575093522140706e-05,
    8.190226362664566e-05,
    3.828626508379398e-05,
    4.4934993556749366e-05,
    5.0731010201336025e-05,
    3.425627354113707e-05,
    4.7797396863197744e-05,
    3.158382270452646e-05,
    0.00012885173704647559,
    7.696648947978305e-05,
    9e-06,
    8.015825771036501e-05
  ],
  "omega_scales": [
    1.0917521414741462,
    1.1267555040435637,
    1.0209461771224944,
    1.8620165109526867,
    1.136803922043356,
    0.7393220448550128,
    1.1329104188034085,
    1.3053849204751218,
    1.8349639521868186,
    1.1399683839235701,
    1.3176090791208193,
    0.9754048580742731,
    0.2855046713880942,
    0.1,
    0.1,
    0.1
  ],
  "time_scales": [
    0.8637331271629038,
    0.7508898901706765,
    0.986950887881973,
    0.8240399834918896,
    0.952788169126745,
    0.6825188635553805,
    1.2762088361264659,
    1.4978331185583122,
    1.6910336733778673,
    1.1418757847045686,
    0.9559479372639549,
    0.6316764540905292,
    1.8407391006639375,
    1.0995212782826154,
    0.1,
    0.8906473078929446
  ]
}