{
  "gen": 39,
  "fitness_penalized": 16174.0,
  "raw_survivors": 16174,
  "num_pulses": 280,
  "length_penalty": 0.0,
  "unique_pairs": [
    [
      0,
      -3
    ],
    [
      0,
      -2
    ],
    [
      0,
      -1
    ],
    [
      1,
      -3
    ],
    [
      1,
      -2
    ],
    [
      1,
      -1
    ],
    [
      2,
      -5
    ],
    [
      2,
      -4
    ],
    [
      2,
      -3
    ],
    [
      2,
      -2
    ],
    [
      2,
      -1
    ]
  ],
  "omega_vector": [
    15612.952501222913,
    19128.69484350035,
    8503.40136054422,
    8579.600031082617,
    16376.129405860454,
    8503.40136054422,
    12378.69837245541,
    19444.444444444453,
    24691.94756229279,
    8415.02925368142,
    648.1481481481484
  ],
  "time_vector": [
    4.85167755127415e-05,
    6.574893111819117e-05,
    9.496185825888309e-05,
    0.0001587529574570077,
    9.643824742680374e-05,
    0.00010932912302656045,
    0.00011082399435713878,
    0.00010704266347577747,
    7.924246952429584e-05,
    0.0002521280227297408,
    0.0002993516205027001
  ],
  "omega_scales": [
    1.1673684485529745,
    1.1124071770527895,
    1.5,
    0.6414900946317155,
    0.9523349100638847,
    1.5,
    1.3368994242251835,
    1.5,
    0.9524036916884357,
    1.2983187991394187,
    0.1
  ],
  "time_scales": [
    0.5390752834749055,
    0.9392704445455882,
    1.356597975126901,
    1.7639217495223078,
    1.3776892489543393,
    1.5618446146651492,
    1.5831999193876969,
    2.1408532695155493,
    1.584849390485917,
    1.260640113648704,
    1.4967581025135006
  ]
}