{
  "gen": 9,
  "score": 3601.70723407664,
  "score_SLM": 3821,
  "score_AOD": 3395,
  "survive_SLM": 0.7035,
  "survive_AOD": 0.7074,
  "nzbar_SLM": 14.045486851457001,
  "nzbar_AOD": 16.812694373763076,
  "num_pulses": 260,
  "unique_pairs": [
    [
      0,
      -3
    ],
    [
      0,
      -2
    ],
    [
      0,
      -1
    ],
    [
      1,
      -3
    ],
    [
      1,
      -2
    ],
    [
      1,
      -1
    ],
    [
      2,
      -10
    ],
    [
      2,
      -9
    ],
    [
      2,
      -8
    ],
    [
      2,
      -7
    ],
    [
      2,
      -6
    ],
    [
      2,
      -5
    ],
    [
      2,
      -4
    ],
    [
      2,
      -3
    ],
    [
      2,
      -2
    ],
    [
      2,
      -1
    ]
  ],
  "omega_vector": [
    20508.373046875,
    17760.42578125,
    5926.83544921875,
    25809.142578125,
    10060.341796875,
    4332.263671875,
    17006.542947514943,
    13272.96234289836,
    25021.4350804403,
    12789.984861292107,
    13542.448660885317,
    31770.3044701147,
    9210.935759597985,
    2626.665861712252,
    5009.216068336558,
    183.66018803692998
  ],
  "time_vector": [
    6.814449443481863e-05,
    7.641866250196472e-05,
    0.0001462052168790251,
    5.634267290588468e-05,
    0.00013017933815717697,
    0.0001981102832360193,
    1.8231047489685726e-05,
    4.6813997747348467e-05,
    4.442560777949387e-05,
    2.142800065802411e-05,
    6.491771051106943e-05,
    0.00010152617462093084,
    0.00014585655428599745,
    0.00028932613582838127,
    0.00017837279801248082,
    3.825087042197904e-05
  ],
  "detuning_vector": [
    0.0,
    0.0,
    0.0,
    0.0,
    0.0,
    0.0,
    4781.797348022461,
    -776.7525349629218,
    2209.329436964229,
    -2254.905506595027,
    3127.1383071959704,
    -772.1505276185258,
    -703.2198577154941,
    2352.4834492277632,
    902.4776986443683,
    3895.7106291483415
  ],
  "omega_scales": [
    1.0,
    1.0,
    1.0,
    1.0,
    1.0,
    1.0,
    1.2348344597185523,
    0.7684659756818581,
    1.0250387889800499,
    0.8488386990918624,
    1.3277628690609282,
    1.2934213867419286,
    1.4334632449404698,
    1.286872941257859,
    0.9080704014070148,
    0.9840202046195139
  ],
  "time_scales": [
    1.0,
    1.0,
    1.0,
    1.0,
    1.0,
    1.0,
    1.1441149558110508,
    1.1406185776251463,
    0.9083180781511474,
    1.25657175437046,
    1.0891244252701135,
    1.0368329504680511,
    1.1180489765127875,
    1.711132278205549,
    1.0652895830336593,
    0.7558510686750979
  ],
  "detuning_offsets": [
    0.0,
    0.0,
    0.0,
    0.0,
    0.0,
    0.0,
    5000.0,
    -1473.933992482453,
    1120.4374691907913,
    -1389.859364016902,
    3401.0716262877672,
    -1918.4929348450883,
    -1021.2105803717441,
    1339.479420907451,
    458.8434213006183,
    4254.207333249904
  ]
}