{
  "gen": 4,
  "fitness": 1777.321292109572,
  "score_list": [
    1789,
    1823,
    2497,
    1791,
    1711
  ],
  "num_pulses": 200,
  "unique_pairs": [
    [
      0,
      -3
    ],
    [
      0,
      -2
    ],
    [
      0,
      -1
    ],
    [
      1,
      -3
    ],
    [
      1,
      -2
    ],
    [
      1,
      -1
    ],
    [
      2,
      -5
    ],
    [
      2,
      -4
    ],
    [
      2,
      -3
    ],
    [
      2,
      -2
    ]
  ],
  "omega_vector": [
    21535.670899233693,
    14839.68418483298,
    15518.047991490534,
    14208.13151026999,
    17557.945974064987,
    3002.8925488112295,
    5298.363621208392,
    6876.005174968068,
    1274.5708053307171,
    2878.085022678456
  ],
  "time_vector": [
    6.718918487942855e-05,
    6.84906130288031e-05,
    5.470826773205706e-05,
    7.235159115866077e-05,
    8.944983732159002e-05,
    4.9986773665177853e-05,
    5.6948578779155785e-05,
    6.645613462937597e-05,
    0.00024974542034704347,
    0.0003352430533550186
  ],
  "omega_scales": [
    0.8787904567362023,
    0.6055521977295082,
    1.1361167160876584,
    0.8446743270894876,
    1.0438210112284567,
    0.3023320609480892,
    1.1558376164034079,
    1.5,
    0.5399786773462493,
    1.2193159747078264
  ],
  "time_scales": [
    0.9598454982775508,
    0.9784373289829013,
    1.0941653546411412,
    1.0335941594094398,
    1.2778548188798573,
    0.999735473303557,
    1.1389715755831156,
    1.3291226925875197,
    1.2487271017352173,
    1.6762152667750927
  ]
}