{
  "gen": 10,
  "fitness": 2190.734049549318,
  "score_list": [
    2105,
    2365,
    3094,
    2311,
    2025
  ],
  "num_pulses": 200,
  "unique_pairs": [
    [
      0,
      -3
    ],
    [
      0,
      -2
    ],
    [
      0,
      -1
    ],
    [
      1,
      -3
    ],
    [
      1,
      -2
    ],
    [
      1,
      -1
    ],
    [
      2,
      -5
    ],
    [
      2,
      -4
    ],
    [
      2,
      -3
    ],
    [
      2,
      -2
    ]
  ],
  "omega_vector": [
    19187.599974789464,
    21606.98598969594,
    9840.00943205344,
    17594.105887857597,
    11625.934186608392,
    4193.228908546818,
    6546.690132597103,
    6352.741854561738,
    3540.614265348371,
    3079.761059896084
  ],
  "time_vector": [
    7.008008705638592e-05,
    5.2182998088190766e-05,
    5.177180308494229e-05,
    6.674234242006799e-05,
    7.411752427648393e-05,
    3.246002937987673e-05,
    6.977378909807652e-05,
    6.485954784709561e-05,
    0.00024495824489648567,
    0.00016630781114425892
  ],
  "omega_scales": [
    0.782974434574814,
    0.8817005597561057,
    0.7204127225503147,
    1.0459707204163475,
    0.6911625310310424,
    0.4221754582760332,
    1.4281599488384997,
    1.385850146904065,
    1.5,
    1.3047570968281081
  ],
  "time_scales": [
    1.0011441008055133,
    0.745471401259868,
    1.0354360616988458,
    0.9534620345723999,
    1.0588217753783418,
    0.6492005875975346,
    1.3954757819615304,
    1.2971909569419124,
    1.2247912244824284,
    0.8315390557212945
  ]
}