{
  "gen": 22,
  "score": 3658.8263145440505,
  "score_SLM": 4069,
  "score_AOD": 3290,
  "survive_SLM": 0.7105,
  "survive_AOD": 0.737,
  "nzbar_SLM": 12.55299085151302,
  "nzbar_AOD": 13.894029850746268,
  "num_pulses": 260,
  "unique_pairs": [
    [
      0,
      -3
    ],
    [
      0,
      -2
    ],
    [
      0,
      -1
    ],
    [
      1,
      -3
    ],
    [
      1,
      -2
    ],
    [
      1,
      -1
    ],
    [
      2,
      -10
    ],
    [
      2,
      -9
    ],
    [
      2,
      -8
    ],
    [
      2,
      -7
    ],
    [
      2,
      -6
    ],
    [
      2,
      -5
    ],
    [
      2,
      -4
    ],
    [
      2,
      -3
    ],
    [
      2,
      -2
    ],
    [
      2,
      -1
    ]
  ],
  "omega_vector": [
    20508.373046875,
    17760.42578125,
    5926.83544921875,
    25809.142578125,
    10060.341796875,
    4332.263671875,
    21091.336549751035,
    21601.93629631865,
    44811.907572337725,
    20055.585078200947,
    10119.819678928165,
    43070.53060125111,
    6140.366187281781,
    1791.7114983363033,
    3027.0615820274857,
    230.2194050052407
  ],
  "time_vector": [
    6.814449443481863e-05,
    7.641866250196472e-05,
    0.0001462052168790251,
    5.634267290588468e-05,
    0.00013017933815717697,
    0.0001981102832360193,
    1.5836187294123877e-05,
    2.720164066430875e-05,
    4.780479810675172e-05,
    1.8053956265727202e-05,
    6.527341396185158e-05,
    8.433945023367473e-05,
    0.00010056761476612237,
    0.0001527687580179342,
    0.00022024585895956097,
    8.635489768742513e-05
  ],
  "detuning_vector": [
    0.0,
    0.0,
    0.0,
    0.0,
    0.0,
    0.0,
    93.7856327562721,
    3109.4286352686195,
    5697.944482169774,
    -3331.099245634153,
    3753.357722639892,
    -341.2356587274935,
    341.80579734389994,
    1194.1371409544188,
    -106.05457715486364,
    -1325.636022980594
  ],
  "omega_scales": [
    1.0,
    1.0,
    1.0,
    1.0,
    1.0,
    1.0,
    1.531428771475255,
    1.2506893806904986,
    1.835783731914816,
    1.3310380686085046,
    0.992192855792927,
    1.7534721919452776,
    0.95560206581311,
    0.8778067585065951,
    0.5487455498776794,
    1.2334766093949954
  ],
  "time_scales": [
    1.0,
    1.0,
    1.0,
    1.0,
    1.0,
    1.0,
    0.9938221452433063,
    0.6627653731057722,
    0.9774084027899601,
    1.0587124697355823,
    1.0950920620421105,
    0.861314053771177,
    0.7708910944044551,
    0.903504801588054,
    1.3153665910398735,
    1.7064040891697958
  ],
  "detuning_offsets": [
    0.0,
    0.0,
    0.0,
    0.0,
    0.0,
    0.0,
    311.98828473381116,
    2412.247177749088,
    4609.052514396337,
    -2466.053103056028,
    4027.291041731689,
    -1487.578065954056,
    23.81507468764994,
    181.1331126341062,
    -549.6888544986136,
    -967.1393188790314
  ]
}