{
  "gen": 25,
  "score": 18802.0,
  "n_bar": 18.242783208740654,
  "num_pulses": 260,
  "good": 0.6956,
  "unique_pairs": [
    [
      0,
      -3
    ],
    [
      0,
      -2
    ],
    [
      0,
      -1
    ],
    [
      1,
      -3
    ],
    [
      1,
      -2
    ],
    [
      1,
      -1
    ],
    [
      2,
      -10
    ],
    [
      2,
      -9
    ],
    [
      2,
      -8
    ],
    [
      2,
      -7
    ],
    [
      2,
      -6
    ],
    [
      2,
      -5
    ],
    [
      2,
      -4
    ],
    [
      2,
      -3
    ],
    [
      2,
      -2
    ],
    [
      2,
      -1
    ]
  ],
  "omega_vector": [
    21257.127415918265,
    11322.37547189401,
    5622.679882585782,
    15392.185107828605,
    10921.195510777037,
    7108.239344547976,
    12109.209103755507,
    21365.868611992493,
    17670.968071438565,
    12089.622090335146,
    10871.532426693308,
    18067.141261154862,
    5469.603178864744,
    3940.835164540827,
    4464.407668071328,
    838.6095909032606
  ],
  "time_vector": [
    6.399275443025184e-05,
    0.00012553548791555526,
    0.00014534828825302576,
    8.195733106101164e-05,
    0.00010248941876125914,
    0.00014453141899313374,
    5.0990168084755124e-05,
    4.035574239366261e-05,
    4.4061383623450034e-05,
    3.1048106448568084e-05,
    5.517695431098889e-05,
    0.00010619829188348325,
    0.00010053724801140027,
    0.0001695530631077429,
    0.00022505678349452266,
    5.737452529172428e-05
  ],
  "omega_scales": [
    1.1850966440829627,
    0.6126061426220901,
    0.6181915198015481,
    1.093162493579893,
    0.8485969535298599,
    0.8891273992513123,
    1.2873355098687822,
    1.3015468816839797,
    1.3433365402237718,
    1.0459733336172876,
    1.2672178995506505,
    1.3990433033238976,
    1.0741818171942097,
    0.6389206215881844,
    1.0462419726731311,
    1.0428907740537476
  ],
  "time_scales": [
    0.81199811538058,
    1.11174416980682,
    1.2236605302402555,
    1.0403784427163294,
    0.9000373361847159,
    1.0666784950191368,
    1.2661250642914677,
    1.1892713912497215,
    1.0989908693517885,
    1.1789363889116864,
    0.822548029221754,
    1.0042087037797636,
    1.1270312511036331,
    1.3882489296264289,
    1.596001025474206,
    1.3526019197412644
  ]
}