{
  "gen": 18,
  "score": 3750.4719702992047,
  "score_SLM": 3765,
  "score_AOD": 3736,
  "survive_SLM": 0.6948,
  "survive_AOD": 0.6957,
  "nzbar_SLM": 15.280800230282095,
  "nzbar_AOD": 11.441282161851372,
  "num_pulses": 260,
  "unique_pairs": [
    [
      0,
      -3
    ],
    [
      0,
      -2
    ],
    [
      0,
      -1
    ],
    [
      1,
      -3
    ],
    [
      1,
      -2
    ],
    [
      1,
      -1
    ],
    [
      2,
      -10
    ],
    [
      2,
      -9
    ],
    [
      2,
      -8
    ],
    [
      2,
      -7
    ],
    [
      2,
      -6
    ],
    [
      2,
      -5
    ],
    [
      2,
      -4
    ],
    [
      2,
      -3
    ],
    [
      2,
      -2
    ],
    [
      2,
      -1
    ]
  ],
  "omega_vector": [
    20508.373046875,
    17760.42578125,
    5926.83544921875,
    25809.142578125,
    10060.341796875,
    4332.263671875,
    13578.894857010318,
    12544.416232366364,
    39330.79327873789,
    20568.858704977974,
    10485.897341676675,
    48039.4181279781,
    9641.78558838238,
    2239.3134614730047,
    3663.5979303363633,
    184.28882082892105
  ],
  "time_vector": [
    6.814449443481863e-05,
    7.641866250196472e-05,
    0.0001462052168790251,
    5.634267290588468e-05,
    0.00013017933815717697,
    0.0001981102832360193,
    2.114935534656172e-05,
    1.276845093554887e-05,
    4.497224532060613e-05,
    1.8963841410508838e-05,
    5.58716903381214e-05,
    0.00012000566639648045,
    0.00013361001403975736,
    0.00028173758822428244,
    0.00024380984388173177,
    6.283528685965779e-05
  ],
  "detuning_vector": [
    0.0,
    0.0,
    0.0,
    0.0,
    0.0,
    0.0,
    -270.76962189916225,
    5697.181457519531,
    5.976210731384981,
    4134.953857421875,
    11.327345078641486,
    4621.151097993638,
    3781.887295507015,
    4999.39063210474,
    32.99802388553098,
    -915.9877647673104
  ],
  "omega_scales": [
    1.0,
    1.0,
    1.0,
    1.0,
    1.0,
    1.0,
    0.985955073060955,
    0.7262852715409513,
    1.6112420643521594,
    1.3651027311047164,
    1.0280847642624773,
    1.9557637816097533,
    1.5005147812632331,
    1.097098775512152,
    0.6641368225705631,
    0.9873883127283937
  ],
  "time_scales": [
    1.0,
    1.0,
    1.0,
    1.0,
    1.0,
    1.0,
    1.327257458544462,
    0.31110208581592713,
    0.9194945321290611,
    1.1120695696769498,
    0.937359345382339,
    1.225554194544582,
    1.02417433471038,
    1.6662520992583723,
    1.4560969487628843,
    1.2416480513888764
  ],
  "detuning_offsets": [
    0.0,
    0.0,
    0.0,
    0.0,
    0.0,
    0.0,
    -52.56696992162318,
    5000.0,
    -1082.9157570420525,
    5000.0,
    285.26066417043836,
    3474.808690767076,
    3463.896572850765,
    3986.3866037844273,
    -410.636253458219,
    -557.4910606657479
  ]
}