{
  "gen": 18,
  "score": 3638.3705143923976,
  "score_SLM": 3765,
  "score_AOD": 3516,
  "survive_SLM": 0.7112,
  "survive_AOD": 0.7164,
  "nzbar_SLM": 16.782199100112486,
  "nzbar_AOD": 11.87716359575656,
  "num_pulses": 260,
  "unique_pairs": [
    [
      0,
      -3
    ],
    [
      0,
      -2
    ],
    [
      0,
      -1
    ],
    [
      1,
      -3
    ],
    [
      1,
      -2
    ],
    [
      1,
      -1
    ],
    [
      2,
      -10
    ],
    [
      2,
      -9
    ],
    [
      2,
      -8
    ],
    [
      2,
      -7
    ],
    [
      2,
      -6
    ],
    [
      2,
      -5
    ],
    [
      2,
      -4
    ],
    [
      2,
      -3
    ],
    [
      2,
      -2
    ],
    [
      2,
      -1
    ]
  ],
  "omega_vector": [
    20508.373046875,
    17760.42578125,
    5926.83544921875,
    25809.142578125,
    10060.341796875,
    4332.263671875,
    14108.181993450313,
    24960.217332810116,
    30721.81323825106,
    21587.652450243982,
    15893.78634708468,
    31572.473277022244,
    7312.912811412962,
    1949.3471921006526,
    3867.648972410375,
    136.13911274730788
  ],
  "time_vector": [
    6.814449443481863e-05,
    7.641866250196472e-05,
    0.0001462052168790251,
    5.634267290588468e-05,
    0.00013017933815717697,
    0.0001981102832360193,
    2.030208640725467e-05,
    3.018005015665583e-05,
    4.459069521769312e-05,
    1.950104561540519e-05,
    6.135701549410593e-05,
    0.00011810309072490154,
    0.0001614348559696274,
    8.708564067335092e-05,
    0.000218544092446294,
    5.97949230240963e-05
  ],
  "detuning_vector": [
    0.0,
    0.0,
    0.0,
    0.0,
    0.0,
    0.0,
    -8533.115698153715,
    -1248.04197856934,
    3765.2588503880997,
    -5596.778002666753,
    1926.7432397082948,
    6580.194732839866,
    -4342.241177506513,
    9090.392455365574,
    -114.98730944486533,
    -612.9074032381764
  ],
  "omega_scales": [
    1.0,
    1.0,
    1.0,
    1.0,
    1.0,
    1.0,
    1.024386281401117,
    1.4451241004350401,
    1.2585629135886471,
    1.432717475512409,
    1.558298642209287,
    1.285367353254426,
    1.138081081250781,
    0.9550366459615278,
    0.7011271837679787,
    0.729410325744564
  ],
  "time_scales": [
    1.0,
    1.0,
    1.0,
    1.0,
    1.0,
    1.0,
    1.2740859078914464,
    0.7353340355191116,
    0.9116934265613779,
    1.1435720715190438,
    1.0293866451884939,
    1.2061241987388973,
    1.237462905756158,
    0.5150417894246913,
    1.3052031907930939,
    1.1815693596122363
  ],
  "detuning_offsets": [
    0.0,
    0.0,
    0.0,
    0.0,
    0.0,
    0.0,
    -8314.913046176176,
    -1945.2234360888713,
    2676.3668826146622,
    -4731.731860088628,
    2200.6765588000917,
    5433.852325613304,
    -4660.231900162763,
    8077.388427045263,
    -558.6215867886153,
    -254.41069913661386
  ]
}