{
  "gen": 3,
  "score": 3011.0,
  "score_SLM": 3011,
  "score_AOD": 3108,
  "survive_SLM": 0.7348,
  "survive_AOD": 0.7245,
  "nzbar_SLM": 30.41072400653239,
  "nzbar_AOD": 24.723257418909593,
  "num_pulses": 260,
  "unique_pairs": [
    [
      0,
      -3
    ],
    [
      0,
      -2
    ],
    [
      0,
      -1
    ],
    [
      1,
      -3
    ],
    [
      1,
      -2
    ],
    [
      1,
      -1
    ],
    [
      2,
      -10
    ],
    [
      2,
      -9
    ],
    [
      2,
      -8
    ],
    [
      2,
      -7
    ],
    [
      2,
      -6
    ],
    [
      2,
      -5
    ],
    [
      2,
      -4
    ],
    [
      2,
      -3
    ],
    [
      2,
      -2
    ],
    [
      2,
      -1
    ]
  ],
  "omega_vector": [
    20000.0,
    17760.42578125,
    5926.83544921875,
    20000.0,
    10060.341796875,
    4332.263671875,
    8934.813998157115,
    8409.789395040509,
    9999.999999999998,
    6875.334943955121,
    9999.999999999998,
    9999.999999999998,
    9999.999999999998,
    2585.9842274797666,
    3143.257036580166,
    64.03242371413515
  ],
  "time_vector": [
    6.814449443481863e-05,
    7.641866250196472e-05,
    0.0001462052168790251,
    5.634267290588468e-05,
    0.00013017933815717697,
    0.0001981102832360193,
    1.1589509077688394e-05,
    3.3561245000272544e-05,
    5.117908463740697e-05,
    2.0092675211375212e-05,
    8.304417653062561e-05,
    0.00015653401939815556,
    0.0001655067293701036,
    0.00035100457623186255,
    0.0002337174142526227,
    5.2577126475389835e-05
  ],
  "detuning_vector": [
    0.0,
    0.0,
    0.0,
    0.0,
    0.0,
    0.0,
    10077.28101636952,
    9566.885749891384,
    4621.505102112838,
    -6562.394147988527,
    -5177.804775691587,
    9411.091098871235,
    1960.8866792902286,
    3327.6173494210743,
    537.3795335048062,
    11603.222647514436
  ],
  "omega_scales": [
    1.0,
    1.0,
    1.0,
    1.0,
    1.0,
    1.0,
    0.8934813998157114,
    0.8409789395040508,
    0.9999999999999998,
    0.6875334943955121,
    0.9999999999999998,
    0.9999999999999998,
    1.0880807763966376,
    0.8194991625861079,
    0.7398649602398342,
    0.972357474582683
  ],
  "time_scales": [
    1.0,
    1.0,
    1.0,
    1.0,
    1.0,
    1.0,
    0.6301915703214871,
    0.7796722302749809,
    1.2755040443797312,
    1.0971861219403871,
    0.9390505333224956,
    1.198245196316343,
    1.2338169728680757,
    1.3936474112407344,
    1.0621145578717883,
    1.1761913828610033
  ],
  "detuning_offsets": [
    0.0,
    0.0,
    0.0,
    0.0,
    0.0,
    0.0,
    -543.6174211304806,
    -1250.358390733616,
    -6123.875757262162,
    -2143.5528393947775,
    -2272.5293850665867,
    6031.18558129311,
    -1229.1357816472714,
    2532.215921198418,
    132.91984722550933,
    -886.8994227980631
  ],
  "omega_lin_max_xyz": [
    20000.0,
    20000.0,
    10000.0
  ]
}