{
  "gen": 20,
  "score": 16518.0,
  "n_bar": 30.189875504988045,
  "num_pulses": 260,
  "good": 0.72774,
  "unique_pairs": [
    [
      0,
      -3
    ],
    [
      0,
      -2
    ],
    [
      0,
      -1
    ],
    [
      1,
      -3
    ],
    [
      1,
      -2
    ],
    [
      1,
      -1
    ],
    [
      2,
      -10
    ],
    [
      2,
      -9
    ],
    [
      2,
      -8
    ],
    [
      2,
      -7
    ],
    [
      2,
      -6
    ],
    [
      2,
      -5
    ],
    [
      2,
      -4
    ],
    [
      2,
      -3
    ],
    [
      2,
      -2
    ],
    [
      2,
      -1
    ]
  ],
  "omega_vector": [
    18008.56926908526,
    19684.018302732446,
    8978.017525026971,
    14648.556897329416,
    9664.309010885383,
    5998.38916357266,
    8813.637644523908,
    16880.177309665858,
    9360.056101554928,
    8096.1807992370805,
    8864.780194020139,
    9172.921642967358,
    5406.895716438627,
    5806.081969180683,
    4289.058396100978,
    541.93638309725
  ],
  "time_vector": [
    7.561522457685947e-05,
    8.189000235247378e-05,
    0.0001160646140355152,
    7.869750874555347e-05,
    0.00010555633129443217,
    0.00015504286366788578,
    3.582193105296285e-05,
    3.740039151219585e-05,
    4.1458473331987695e-05,
    2.7196953794413914e-05,
    6.91138456699784e-05,
    9.845200099824036e-05,
    9.134450686221061e-05,
    0.00010050027256174684,
    0.0002188206527994638,
    7.497653356182181e-05
  ],
  "omega_scales": [
    1.1255355793178288,
    1.5141552540563419,
    0.9975575027807745,
    0.9155348060830885,
    0.7434083854527218,
    0.6664876848414067,
    0.7344698037103257,
    1.4066814424721548,
    1.040006233506103,
    0.8995756443596756,
    1.4774633656700231,
    1.5288202738278929,
    1.3517239291096566,
    1.4515204922951708,
    1.4296861320336594,
    0.18064546103241666
  ],
  "time_scales": [
    0.9451903072107433,
    0.9098889150274865,
    0.9672051169626265,
    0.9837188593194183,
    1.1728481254936907,
    1.2920238638990478,
    1.194064368432095,
    1.246679717073195,
    1.3819491110662567,
    0.9065651264804638,
    1.3822769133995678,
    1.969040019964807,
    1.3049215266030088,
    1.4357181794535265,
    2.431340586660709,
    0.8330725951313533
  ]
}