{
  "gen": 25,
  "fitness": 67.25204239799407,
  "z_mean": 54.922042397994076,
  "good_frac": 0.8774,
  "survive_frac": 0.9986,
  "num_pulses": 200,
  "z_dns": [
    -5,
    -4,
    -3,
    -2
  ],
  "omega_scales_z": [
    0.3794661987644135,
    0.16727081782568287,
    0.4423299404336798,
    0.1
  ],
  "time_scales_z": [
    0.6284139678893803,
    0.3255561335591344,
    0.1,
    0.5186705411521466
  ]
}