{
  "gen": 21,
  "score": 18310.0,
  "n_bar": 20.31362241418504,
  "num_pulses": 260,
  "good": 0.70384,
  "unique_pairs": [
    [
      0,
      -3
    ],
    [
      0,
      -2
    ],
    [
      0,
      -1
    ],
    [
      1,
      -3
    ],
    [
      1,
      -2
    ],
    [
      1,
      -1
    ],
    [
      2,
      -10
    ],
    [
      2,
      -9
    ],
    [
      2,
      -8
    ],
    [
      2,
      -7
    ],
    [
      2,
      -6
    ],
    [
      2,
      -5
    ],
    [
      2,
      -4
    ],
    [
      2,
      -3
    ],
    [
      2,
      -2
    ],
    [
      2,
      -1
    ]
  ],
  "omega_vector": [
    20184.97399566477,
    12911.82829737668,
    7007.98551421631,
    14854.74062844273,
    10881.384677931752,
    7252.64787487748,
    11639.786968015042,
    18749.186568364024,
    13758.144194507757,
    9583.26174886683,
    9026.50588001825,
    17082.66760941025,
    6100.195444264035,
    3715.835368659083,
    5359.728914638905,
    1000.3604948606834
  ],
  "time_vector": [
    7.511734548309582e-05,
    0.00011593971168698935,
    0.00018786432349585057,
    8.075408868594816e-05,
    0.00011999215161183108,
    0.0001547874546080707,
    3.085422854873598e-05,
    4.360725146363356e-05,
    4.183211592782138e-05,
    2.615300904224808e-05,
    7.265473646365627e-05,
    0.00014223832823246144,
    0.00010347552981421355,
    0.00018633472129046233,
    0.00021779942776145478,
    5.715708704496333e-05
  ],
  "omega_scales": [
    1.1253234962147798,
    0.6986047536658412,
    0.7705004208399407,
    1.0549928546929883,
    0.8455035786848936,
    0.9071906037634194,
    1.2374310297925626,
    1.1421461844274456,
    1.0458859835767473,
    0.8291273427316368,
    1.0521561609357661,
    1.3228098112698214,
    1.1980245756913293,
    0.6024418034088586,
    1.2560621183296998,
    1.244043404862986
  ],
  "time_scales": [
    0.953157017661221,
    1.0267638311470844,
    1.5815952183900168,
    1.025104306624136,
    1.0537421111866807,
    1.1423706366366169,
    0.7661342092459507,
    1.2850923695279624,
    1.0433878754972583,
    0.9930632674980607,
    1.0830973010031533,
    1.3450024919311883,
    1.1599696444038374,
    1.5256520445127264,
    1.544535137566458,
    1.3474758226014862
  ]
}