{
  "gen": 5,
  "fitness": 1943.611549746665,
  "score_list": [
    1854,
    2169,
    2958,
    1978,
    1811
  ],
  "num_pulses": 200,
  "unique_pairs": [
    [
      0,
      -3
    ],
    [
      0,
      -2
    ],
    [
      0,
      -1
    ],
    [
      1,
      -3
    ],
    [
      1,
      -2
    ],
    [
      1,
      -1
    ],
    [
      2,
      -5
    ],
    [
      2,
      -4
    ],
    [
      2,
      -3
    ],
    [
      2,
      -2
    ]
  ],
  "omega_vector": [
    17754.338408866,
    19004.168424072963,
    11082.695589231591,
    20120.70707091453,
    15947.976368898975,
    1333.0790086991628,
    6876.005174968068,
    6831.041924180917,
    2326.5249092686513,
    1561.8543937516683
  ],
  "time_vector": [
    4.187243856038419e-05,
    8.697058970403642e-05,
    3.470958247289917e-05,
    7.493345685791682e-05,
    7.249783356369068e-05,
    3.0153582845555782e-05,
    5.7200489114365954e-05,
    7.200809317758359e-05,
    0.0002570911855070021,
    0.0001811948050389597
  ],
  "omega_scales": [
    0.7244883724486908,
    0.775489276717962,
    0.8113930131638653,
    1.1961773223597134,
    0.9481082152218067,
    0.134214767113863,
    1.5,
    1.4901912702994673,
    0.9856446092016202,
    0.6616878922835694
  ],
  "time_scales": [
    0.5981776937197743,
    1.2424369957719488,
    0.6941916494579834,
    1.0704779551130976,
    1.0356833366241525,
    0.6030716569111156,
    1.144009782287319,
    1.440161863551672,
    1.2854559275350104,
    0.9059740251947984
  ]
}