{
  "gen": 7,
  "score": 18012.0,
  "n_bar": 18.92758089368259,
  "num_pulses": 260,
  "good": 0.70092,
  "unique_pairs": [
    [
      0,
      -3
    ],
    [
      0,
      -2
    ],
    [
      0,
      -1
    ],
    [
      1,
      -3
    ],
    [
      1,
      -2
    ],
    [
      1,
      -1
    ],
    [
      2,
      -10
    ],
    [
      2,
      -9
    ],
    [
      2,
      -8
    ],
    [
      2,
      -7
    ],
    [
      2,
      -6
    ],
    [
      2,
      -5
    ],
    [
      2,
      -4
    ],
    [
      2,
      -3
    ],
    [
      2,
      -2
    ],
    [
      2,
      -1
    ]
  ],
  "omega_vector": [
    15392.835160979874,
    12205.402915391829,
    7752.980006959259,
    12562.926334268874,
    14740.579256895455,
    7854.960882706737,
    10995.599084405003,
    15397.767672280195,
    11874.917317470074,
    14649.993407672897,
    8711.27864976735,
    15496.24349690657,
    6671.83982690478,
    5767.547765958507,
    4762.988683020048,
    605.2379430066428
  ],
  "time_vector": [
    9.771761584003553e-05,
    9.615555566888678e-05,
    0.00010555883028264245,
    0.00010300844275841562,
    8.92887341883362e-05,
    0.0001318019189662126,
    4.093864273671279e-05,
    3.428918367917673e-05,
    5.8714671240818e-05,
    2.1487934607676586e-05,
    6.614799044130913e-05,
    0.00015331644126245306,
    0.00013702250387403423,
    0.00014596484154297756,
    0.0001552477804732078,
    2.407324168695756e-05
  ],
  "omega_scales": [
    0.8581590981356716,
    0.6603830457404738,
    0.8524096326979611,
    0.89222678794611,
    1.1453700868483887,
    0.9825303570030479,
    1.1689471238253901,
    0.9379874444936851,
    0.9027241903332223,
    1.2674922613457897,
    1.0154123448000665,
    1.1999638115209956,
    1.3102904899914136,
    0.9350822984993126,
    1.1162149709539195,
    0.7526709373655478
  ],
  "time_scales": [
    1.2399297484229277,
    0.8515550477752502,
    0.8886803951233355,
    1.3076043579781231,
    0.7841121107084712,
    0.9727315592894921,
    1.0165379643555814,
    1.0104917605320929,
    1.4644771063500828,
    0.8159244130880974,
    0.9860982697198659,
    1.449756884199373,
    1.5360341269038318,
    1.1951157432429556,
    1.1009471165034417,
    0.5675256179395513
  ]
}