{
  "gen": 36,
  "score": 25749.0,
  "n_bar": 7.131060295923739,
  "num_pulses": 260,
  "good": 0.68396,
  "unique_pairs": [
    [
      0,
      -3
    ],
    [
      0,
      -2
    ],
    [
      0,
      -1
    ],
    [
      1,
      -3
    ],
    [
      1,
      -2
    ],
    [
      1,
      -1
    ],
    [
      2,
      -10
    ],
    [
      2,
      -9
    ],
    [
      2,
      -8
    ],
    [
      2,
      -7
    ],
    [
      2,
      -6
    ],
    [
      2,
      -5
    ],
    [
      2,
      -4
    ],
    [
      2,
      -3
    ],
    [
      2,
      -2
    ],
    [
      2,
      -1
    ]
  ],
  "omega_vector": [
    14194.196806636382,
    24234.448523865354,
    3356.79464297049,
    13363.33198644506,
    10343.804855893115,
    8022.545661696727,
    6504.054078738939,
    25125.218706488788,
    16793.333144798933,
    4606.567017511303,
    16583.930012792305,
    11402.971235884139,
    2611.642771645235,
    6.167957382162706,
    1487.8671144002205,
    369.60737057517997
  ],
  "time_vector": [
    9.190055109516585e-05,
    5.9723700950740096e-05,
    0.0001293686441467147,
    0.00011096446558286198,
    0.0001025388710505463,
    0.0001425617016562537,
    4.300834735754833e-05,
    5.707392068181434e-05,
    6.014059848321379e-05,
    3.3972702367599044e-05,
    8.737545088285936e-05,
    0.00021336759750017665,
    0.00012871165358893194,
    4.542943115285377e-05,
    6.992340334843957e-06,
    6.585395450841859e-05
  ],
  "omega_scales": [
    0.7913343450348429,
    1.3112241389302106,
    0.3690663572056848,
    0.9490720917466303,
    0.8037326389731244,
    1.0034925406711825,
    0.6914489379055139,
    1.5305556096466537,
    1.2766192522310915,
    0.3985522643995376,
    1.9330718184223576,
    0.8829980523736156,
    0.5129036031623555,
    0.001,
    0.34868433632945167,
    0.45964191320533715
  ],
  "time_scales": [
    1.1661175543404045,
    0.5289139942319365,
    1.089130842858319,
    1.4085992845961117,
    0.9004716142522101,
    1.0521414819658288,
    1.0679303208538768,
    1.6819509945131568,
    1.5000429667675692,
    1.2899870437243965,
    1.3025457063284227,
    2.017599291986154,
    1.4428687759535879,
    0.3719623698653588,
    0.0495865184403438,
    1.5525040919770183
  ]
}