{
  "rank": 1,
  "score": 2952.4089919535286,
  "score_SLM": 3100,
  "score_AOD": 3050,
  "survive_SLM": 0.7204,
  "survive_AOD": 0.7338,
  "nzbar_SLM": 34.897834536368684,
  "nzbar_AOD": 26.26955573725811,
  "num_pulses": 260,
  "unique_pairs": [
    [
      0,
      -3
    ],
    [
      0,
      -2
    ],
    [
      0,
      -1
    ],
    [
      1,
      -3
    ],
    [
      1,
      -2
    ],
    [
      1,
      -1
    ],
    [
      2,
      -10
    ],
    [
      2,
      -9
    ],
    [
      2,
      -8
    ],
    [
      2,
      -7
    ],
    [
      2,
      -6
    ],
    [
      2,
      -5
    ],
    [
      2,
      -4
    ],
    [
      2,
      -3
    ],
    [
      2,
      -2
    ],
    [
      2,
      -1
    ]
  ],
  "omega_vector": [
    20000.0,
    17760.42578125,
    5926.83544921875,
    20000.0,
    10060.341796875,
    4332.263671875,
    8940.658229942044,
    9827.423205765559,
    8850.110113008643,
    8490.90568973459,
    9999.999999999998,
    8225.323819485719,
    7778.202900709299,
    3878.2024164695777,
    5128.679997325599,
    56.75586844521777
  ],
  "time_vector": [
    6.814449443481863e-05,
    7.641866250196472e-05,
    0.0001462052168790251,
    5.634267290588468e-05,
    0.00013017933815717697,
    0.0001981102832360193,
    1.6677863823544236e-05,
    3.740609522458498e-05,
    4.704065947288075e-05,
    1.7065887885958946e-05,
    6.813058418746717e-05,
    0.00013709931937734178,
    0.0001570395623820888,
    0.0002655849535925646,
    0.00024569928743693227,
    4.070186816631815e-05
  ],
  "detuning_vector": [
    0.0,
    0.0,
    0.0,
    0.0,
    0.0,
    0.0,
    7215.603753268423,
    7164.881293890855,
    12080.794418070696,
    -4477.337650037857,
    1126.6801609821996,
    8605.676009861912,
    3124.4037019959947,
    -152.40604011693722,
    -81.84469921665692,
    13001.250388844537
  ],
  "omega_scales": [
    1.0,
    1.0,
    1.0,
    1.0,
    1.0,
    1.0,
    0.8940658229942043,
    0.982742320576556,
    0.8850110113008643,
    0.849090568973459,
    0.9999999999999998,
    0.8225323819485719,
    0.8463313051174354,
    1.229003486898145,
    1.2071970501122462,
    0.8618601281674805
  ],
  "time_scales": [
    1.0,
    1.0,
    1.0,
    1.0,
    1.0,
    1.0,
    0.9068761344517281,
    0.8689932000256142,
    1.1723646843830906,
    0.9319045448196026,
    0.7704099684006133,
    1.0494753887606083,
    1.1706960690735257,
    1.0544927562262632,
    1.1165654509741452,
    0.9105325797136583
  ],
  "detuning_offsets": [
    0.0,
    0.0,
    0.0,
    0.0,
    0.0,
    0.0,
    -3405.294684231577,
    -3652.362846734145,
    1335.413558695696,
    -58.4963414441072,
    4031.9555516071996,
    5225.7704922837875,
    -65.61875894150552,
    -947.8074683395935,
    -486.3043854959538,
    511.12831853203784
  ],
  "omega_lin_max_xyz": [
    20000.0,
    20000.0,
    10000.0
  ]
}