{
  "rank": 2,
  "score": 2944.2255283798922,
  "score_SLM": 2974,
  "score_AOD": 2989,
  "survive_SLM": 0.7353,
  "survive_AOD": 0.7301,
  "nzbar_SLM": 34.62899496804025,
  "nzbar_AOD": 29.803177646897684,
  "num_pulses": 260,
  "unique_pairs": [
    [
      0,
      -3
    ],
    [
      0,
      -2
    ],
    [
      0,
      -1
    ],
    [
      1,
      -3
    ],
    [
      1,
      -2
    ],
    [
      1,
      -1
    ],
    [
      2,
      -10
    ],
    [
      2,
      -9
    ],
    [
      2,
      -8
    ],
    [
      2,
      -7
    ],
    [
      2,
      -6
    ],
    [
      2,
      -5
    ],
    [
      2,
      -4
    ],
    [
      2,
      -3
    ],
    [
      2,
      -2
    ],
    [
      2,
      -1
    ]
  ],
  "omega_vector": [
    20000.0,
    17760.42578125,
    5926.83544921875,
    20000.0,
    10060.341796875,
    4332.263671875,
    7235.257831018711,
    9999.999999999998,
    9697.631916743137,
    3843.544467583171,
    7812.010091774866,
    8070.245273400011,
    8078.37584025108,
    2942.1497705448364,
    4321.889717721902,
    92.03741570288639
  ],
  "time_vector": [
    6.814449443481863e-05,
    7.641866250196472e-05,
    0.0001462052168790251,
    5.634267290588468e-05,
    0.00013017933815717697,
    0.0001981102832360193,
    1.4421072381051854e-05,
    4.9595349821326036e-05,
    3.2581552543729736e-05,
    1.7613415412671112e-05,
    0.00012083479328230263,
    0.00015274413177780995,
    0.00012533395426750447,
    0.00021726406688769395,
    0.0002514741029818407,
    4.5042759903674586e-05
  ],
  "detuning_vector": [
    0.0,
    0.0,
    0.0,
    0.0,
    0.0,
    0.0,
    13402.444715953943,
    1921.947079219939,
    19084.824849541565,
    -2992.4609705073644,
    93.7110955180483,
    9696.728025919369,
    4966.822217972374,
    -930.8129734034692,
    822.1833182696123,
    26598.30013921025
  ],
  "omega_scales": [
    1.0,
    1.0,
    1.0,
    1.0,
    1.0,
    1.0,
    0.7235257831018711,
    0.9999999999999998,
    0.9697631916743138,
    0.3843544467583171,
    0.7812010091774866,
    0.8070245273400011,
    0.8789925456284237,
    0.9323681279812709,
    1.0172934401961087,
    1.3976242645367734
  ],
  "time_scales": [
    1.0,
    1.0,
    1.0,
    1.0,
    1.0,
    1.0,
    0.7841607602716132,
    1.1521657496957318,
    0.8120094827042525,
    0.9618029828010632,
    1.3663809049128632,
    1.1692341567153794,
    0.934337598479857,
    0.862636913809509,
    1.1428087485858578,
    1.0076417181866604
  ],
  "detuning_offsets": [
    0.0,
    0.0,
    0.0,
    0.0,
    0.0,
    0.0,
    2781.5462784539427,
    -8895.297061405061,
    8339.443990166565,
    1426.3803380863858,
    2998.9864861430483,
    6316.822508341244,
    1776.7997570348748,
    -1726.2144016261254,
    417.7236319903154,
    14108.178068897749
  ],
  "omega_lin_max_xyz": [
    20000.0,
    20000.0,
    10000.0
  ]
}