{
  "rank": 3,
  "score": 2878.025912813876,
  "score_SLM": 2893,
  "score_AOD": 2888,
  "survive_SLM": 0.7612,
  "survive_AOD": 0.7431,
  "nzbar_SLM": 31.92630057803468,
  "nzbar_AOD": 24.722244650787243,
  "num_pulses": 260,
  "unique_pairs": [
    [
      0,
      -3
    ],
    [
      0,
      -2
    ],
    [
      0,
      -1
    ],
    [
      1,
      -3
    ],
    [
      1,
      -2
    ],
    [
      1,
      -1
    ],
    [
      2,
      -10
    ],
    [
      2,
      -9
    ],
    [
      2,
      -8
    ],
    [
      2,
      -7
    ],
    [
      2,
      -6
    ],
    [
      2,
      -5
    ],
    [
      2,
      -4
    ],
    [
      2,
      -3
    ],
    [
      2,
      -2
    ],
    [
      2,
      -1
    ]
  ],
  "omega_vector": [
    20000.0,
    17760.42578125,
    5926.83544921875,
    20000.0,
    10060.341796875,
    4332.263671875,
    7302.20590604836,
    5055.777437508613,
    9999.999999999998,
    9999.999999999998,
    9999.999999999998,
    9327.75079474731,
    5750.379454434807,
    2461.264930775538,
    4120.031763393863,
    45.771274646187756
  ],
  "time_vector": [
    6.814449443481863e-05,
    7.641866250196472e-05,
    0.0001462052168790251,
    5.634267290588468e-05,
    0.00013017933815717697,
    0.0001981102832360193,
    2.2726904116143174e-05,
    4.371441469641171e-05,
    5.606111598583939e-05,
    2.2021320437086548e-05,
    8.700038312663781e-05,
    0.00014899770935651233,
    0.00019129207787366745,
    0.0001968291200735675,
    0.00019581458982232381,
    3.69768907842366e-05
  ],
  "detuning_vector": [
    0.0,
    0.0,
    0.0,
    0.0,
    0.0,
    0.0,
    6260.422201115481,
    12652.865875603784,
    13842.028099599558,
    4582.319985299977,
    7339.157809493598,
    -1756.6281408418909,
    4017.8207689595724,
    -5722.27708433277,
    -495.7711348706424,
    12492.694275894359
  ],
  "omega_scales": [
    1.0,
    1.0,
    1.0,
    1.0,
    1.0,
    1.0,
    0.730220590604836,
    0.5055777437508613,
    0.9999999999999998,
    0.9999999999999998,
    0.9999999999999998,
    0.932775079474731,
    0.6256877341356698,
    0.7799755807632394,
    0.9697797861694251,
    0.6950547619763581
  ],
  "time_scales": [
    1.0,
    1.0,
    1.0,
    1.0,
    1.0,
    1.0,
    1.2357989710772819,
    1.0155438274485926,
    1.3971758322561953,
    1.2025022510041303,
    0.983786697483858,
    1.1405558369038036,
    1.4260411848750245,
    0.7815009040398329,
    0.889867480174936,
    0.8272019264074676
  ],
  "detuning_offsets": [
    0.0,
    0.0,
    0.0,
    0.0,
    0.0,
    0.0,
    -4360.476236384519,
    1835.6217349787848,
    3096.647240224558,
    9001.161293893727,
    10244.433200118598,
    -5136.533658420016,
    827.7983080220724,
    -6517.678512555426,
    -900.2308211499393,
    2.5722055818596345
  ],
  "omega_lin_max_xyz": [
    20000.0,
    20000.0,
    10000.0
  ]
}