{
  "rank": 4,
  "score": 2865.1251331459557,
  "score_SLM": 2887,
  "score_AOD": 2898,
  "survive_SLM": 0.7568,
  "survive_AOD": 0.7076,
  "nzbar_SLM": 31.37869978858351,
  "nzbar_AOD": 22.50056529112493,
  "num_pulses": 260,
  "unique_pairs": [
    [
      0,
      -3
    ],
    [
      0,
      -2
    ],
    [
      0,
      -1
    ],
    [
      1,
      -3
    ],
    [
      1,
      -2
    ],
    [
      1,
      -1
    ],
    [
      2,
      -10
    ],
    [
      2,
      -9
    ],
    [
      2,
      -8
    ],
    [
      2,
      -7
    ],
    [
      2,
      -6
    ],
    [
      2,
      -5
    ],
    [
      2,
      -4
    ],
    [
      2,
      -3
    ],
    [
      2,
      -2
    ],
    [
      2,
      -1
    ]
  ],
  "omega_vector": [
    20000.0,
    17760.42578125,
    5926.83544921875,
    20000.0,
    10060.341796875,
    4332.263671875,
    8151.8734091402675,
    9999.999999999998,
    9611.44232269983,
    9999.999999999998,
    9999.999999999998,
    9999.999999999998,
    9559.52011423681,
    3263.881188898715,
    4393.45313676798,
    61.72285757186397
  ],
  "time_vector": [
    6.814449443481863e-05,
    7.641866250196472e-05,
    0.0001462052168790251,
    5.634267290588468e-05,
    0.00013017933815717697,
    0.0001981102832360193,
    1.7937639151238975e-05,
    4.3624391046705563e-05,
    4.270230873253182e-05,
    1.7778107413609913e-05,
    9.354065961108553e-05,
    0.0001283933161047773,
    0.0001324297526169035,
    0.00027127958732976965,
    0.0001542916391816801,
    3.9745378802844045e-05
  ],
  "detuning_vector": [
    0.0,
    0.0,
    0.0,
    0.0,
    0.0,
    0.0,
    7723.877376811818,
    5374.722583747832,
    9043.8846789086,
    -3125.9488096784735,
    -3488.31006358921,
    3984.1176071047576,
    4662.989422439107,
    3426.6523103739137,
    315.9525740076721,
    14279.35512423239
  ],
  "omega_scales": [
    1.0,
    1.0,
    1.0,
    1.0,
    1.0,
    1.0,
    0.8151873409140268,
    0.9999999999999998,
    0.961144232269983,
    0.9999999999999998,
    0.9999999999999998,
    0.9999999999999998,
    1.0401530067878062,
    1.0343249091235902,
    1.0341381543161983,
    0.9372858066491648
  ],
  "time_scales": [
    1.0,
    1.0,
    1.0,
    1.0,
    1.0,
    1.0,
    0.9753777238366135,
    1.0134524586765665,
    1.0642427053665229,
    0.9707961992803873,
    1.0577431189619162,
    0.9828321974557817,
    0.9872352448345268,
    1.0771030357018718,
    0.7011689593469166,
    0.8891351656187089
  ],
  "detuning_offsets": [
    0.0,
    0.0,
    0.0,
    0.0,
    0.0,
    0.0,
    -2897.021060688182,
    -5442.521556877168,
    -1701.4961804664,
    1292.8924989152765,
    -583.03467296421,
    604.2120895266324,
    1472.9669615016076,
    2631.2508821512574,
    -88.50711227162475,
    1789.2330539198902
  ],
  "omega_lin_max_xyz": [
    20000.0,
    20000.0,
    10000.0
  ]
}