{
  "gen": 10,
  "score": 2681.133607638139,
  "score_SLM": 2714,
  "score_AOD": 2703,
  "survive_SLM": 0.7194,
  "survive_AOD": 0.6975,
  "nzbar_SLM": 33.216986377536834,
  "nzbar_AOD": 28.36114695340502,
  "num_pulses": 260,
  "unique_pairs": [
    [
      0,
      -3
    ],
    [
      0,
      -2
    ],
    [
      0,
      -1
    ],
    [
      1,
      -3
    ],
    [
      1,
      -2
    ],
    [
      1,
      -1
    ],
    [
      2,
      -10
    ],
    [
      2,
      -9
    ],
    [
      2,
      -8
    ],
    [
      2,
      -7
    ],
    [
      2,
      -6
    ],
    [
      2,
      -5
    ],
    [
      2,
      -4
    ],
    [
      2,
      -3
    ],
    [
      2,
      -2
    ],
    [
      2,
      -1
    ]
  ],
  "omega_vector": [
    20000.0,
    17760.42578125,
    5926.83544921875,
    20000.0,
    10060.341796875,
    4332.263671875,
    9999.999999999998,
    8762.65654008705,
    9999.999999999998,
    9999.999999999998,
    9999.999999999998,
    8821.294236426496,
    9999.999999999998,
    2525.391769950443,
    7233.142024166673,
    87.31553849455571
  ],
  "time_vector": [
    6.814449443481863e-05,
    7.641866250196472e-05,
    0.0001462052168790251,
    5.634267290588468e-05,
    0.00013017933815717697,
    0.0001981102832360193,
    2.153112361836195e-05,
    6.124329467388098e-05,
    3.714335010154551e-05,
    1.2709615398548477e-05,
    7.427490000725537e-05,
    0.00014003299915677593,
    0.00012851484812516473,
    0.0001911528283669032,
    0.0002595257774823724,
    3.840646703664045e-06
  ],
  "detuning_vector": [
    0.0,
    0.0,
    0.0,
    0.0,
    0.0,
    0.0,
    20345.284754284705,
    11100.653814191814,
    18915.396677648867,
    -1856.9078401538463,
    -11414.380802831201,
    14068.483349272612,
    4511.636506413281,
    12996.245409600195,
    1946.5450824313011,
    6989.342720984499
  ],
  "omega_scales": [
    1.0,
    1.0,
    1.0,
    1.0,
    1.0,
    1.0,
    0.9999999999999998,
    0.876265654008705,
    0.9999999999999998,
    0.9999999999999998,
    0.9999999999999998,
    0.8821294236426497,
    1.0880807763966376,
    0.8002973949663927,
    1.702548749224016,
    1.3259207066942733
  ],
  "time_scales": [
    1.0,
    1.0,
    1.0,
    1.0,
    1.0,
    1.0,
    1.17077716690895,
    1.4227629561234953,
    0.9257002858098395,
    0.6940247370640099,
    0.8398889287386223,
    1.0719322816248746,
    0.9580504761701459,
    0.7589634507468753,
    1.1793990930820375,
    0.08591826636964706
  ],
  "detuning_offsets": [
    0.0,
    0.0,
    0.0,
    0.0,
    0.0,
    0.0,
    9724.386316784705,
    283.40967356681267,
    8170.015818273869,
    2561.9334684399037,
    -8509.105412206201,
    10688.577831694487,
    1321.614045475781,
    12200.843981377539,
    1542.0853961520043,
    -5500.779349328001
  ],
  "omega_lin_max_xyz": [
    20000.0,
    20000.0,
    10000.0
  ]
}