{
  "rank": 2,
  "fitness": 67.2704424276801,
  "z_mean": 55.34044242768009,
  "good_frac": 0.8815,
  "survive_frac": 0.9984,
  "num_pulses": 200,
  "z_dns": [
    -5,
    -4,
    -3,
    -2
  ],
  "omega_scales_z": [
    0.16875372232962954,
    0.4441708389131732,
    0.3857888020773563,
    0.31999928315381176
  ],
  "time_scales_z": [
    0.634442633335639,
    0.39586315666135397,
    0.5464029280287002,
    0.1
  ]
}