{
  "rank": 3,
  "fitness": 67.39394999433043,
  "z_mean": 55.53894999433042,
  "good_frac": 0.8819,
  "survive_frac": 0.9991,
  "num_pulses": 200,
  "z_dns": [
    -5,
    -4,
    -3,
    -2
  ],
  "omega_scales_z": [
    0.1,
    0.1,
    0.1,
    0.5639264283486345
  ],
  "time_scales_z": [
    0.6915241149430258,
    0.4270236317119247,
    0.5949709637960482,
    0.3199593507619348
  ]
}