{
  "gen": 36,
  "score": 3468.86742483652,
  "score_SLM": 3694,
  "score_AOD": 3812,
  "survive_SLM": 0.6617,
  "survive_AOD": 0.6835,
  "nzbar_SLM": 14.340940003022517,
  "nzbar_AOD": 9.407168983174836,
  "num_pulses": 260,
  "unique_pairs": [
    [
      0,
      -3
    ],
    [
      0,
      -2
    ],
    [
      0,
      -1
    ],
    [
      1,
      -3
    ],
    [
      1,
      -2
    ],
    [
      1,
      -1
    ],
    [
      2,
      -10
    ],
    [
      2,
      -9
    ],
    [
      2,
      -8
    ],
    [
      2,
      -7
    ],
    [
      2,
      -6
    ],
    [
      2,
      -5
    ],
    [
      2,
      -4
    ],
    [
      2,
      -3
    ],
    [
      2,
      -2
    ],
    [
      2,
      -1
    ]
  ],
  "omega_vector": [
    20508.373046875,
    17760.42578125,
    5926.83544921875,
    25809.142578125,
    10060.341796875,
    4332.263671875,
    11190.206125826666,
    34550.85052451803,
    50383.02375926623,
    20970.17546529379,
    11852.741728021141,
    90103.324843988,
    10026.662181433741,
    3496.7342519708914,
    3608.395768159914,
    60.54172086565142
  ],
  "time_vector": [
    6.814449443481863e-05,
    7.641866250196472e-05,
    0.0001462052168790251,
    5.634267290588468e-05,
    0.00013017933815717697,
    0.0001981102832360193,
    2.554400218481709e-05,
    6.147540994969189e-05,
    5.189599116149559e-05,
    1.2230426389621227e-05,
    7.60911913474618e-05,
    9.191959121772122e-05,
    0.00011326925448562537,
    0.00023534385260404485,
    0.0002318997502910842,
    2.8163438437427885e-05
  ],
  "detuning_vector": [
    0.0,
    0.0,
    0.0,
    0.0,
    0.0,
    0.0,
    13152.467577057956,
    17428.758445087136,
    19464.067800639263,
    -7241.598189496974,
    -2463.991988570607,
    7072.992058923579,
    -4148.01219139435,
    3742.7455237204795,
    -957.3593674906156,
    19981.189728566274
  ],
  "omega_scales": [
    1.0,
    1.0,
    1.0,
    1.0,
    1.0,
    1.0,
    1.0704436897766714,
    1.2169647342731686,
    1.279896195909247,
    0.8798291200717467,
    0.988227335909692,
    1.6776702615496077,
    1.090981837104123,
    1.1081161133256474,
    0.8493500723834716,
    0.9193497823949992
  ],
  "time_scales": [
    1.0,
    1.0,
    1.0,
    1.0,
    1.0,
    1.0,
    1.3889815988958314,
    1.4281553018118307,
    1.293371053479165,
    0.6678580108889064,
    0.8604272665600694,
    0.703631127900969,
    0.8443978635815061,
    0.9344218655325754,
    1.05385429467727,
    0.6300381139571098
  ],
  "detuning_offsets": [
    0.0,
    0.0,
    0.0,
    0.0,
    0.0,
    0.0,
    2531.569139557957,
    6611.5143044621345,
    8718.686941264265,
    -2822.7568809032236,
    441.2834020543928,
    3693.086541345454,
    -7338.03465233185,
    2947.344095497823,
    -1361.8190537699124,
    7491.067658253774
  ]
}