{
  "gen": 18,
  "score": 3350.0023032598397,
  "score_SLM": 3417,
  "score_AOD": 3451,
  "survive_SLM": 0.6746,
  "survive_AOD": 0.6902,
  "nzbar_SLM": 20.411354876964126,
  "nzbar_AOD": 11.152274702984641,
  "num_pulses": 260,
  "unique_pairs": [
    [
      0,
      -3
    ],
    [
      0,
      -2
    ],
    [
      0,
      -1
    ],
    [
      1,
      -3
    ],
    [
      1,
      -2
    ],
    [
      1,
      -1
    ],
    [
      2,
      -10
    ],
    [
      2,
      -9
    ],
    [
      2,
      -8
    ],
    [
      2,
      -7
    ],
    [
      2,
      -6
    ],
    [
      2,
      -5
    ],
    [
      2,
      -4
    ],
    [
      2,
      -3
    ],
    [
      2,
      -2
    ],
    [
      2,
      -1
    ]
  ],
  "omega_vector": [
    20508.373046875,
    17760.42578125,
    5926.83544921875,
    25809.142578125,
    10060.341796875,
    4332.263671875,
    12336.586335539347,
    26107.296887976176,
    41267.126797627556,
    15251.758017657048,
    2381.1545090821605,
    56671.929052506726,
    8239.453989664566,
    3416.681401268881,
    4035.231767946446,
    78.569555217765
  ],
  "time_vector": [
    6.814449443481863e-05,
    7.641866250196472e-05,
    0.0001462052168790251,
    5.634267290588468e-05,
    0.00013017933815717697,
    0.0001981102832360193,
    2.358228308452666e-05,
    1.8062446193590526e-05,
    3.455543231945751e-05,
    9.83732805330487e-06,
    9.822179033408142e-05,
    0.00012567316874512803,
    0.00017348908639209726,
    0.0002866456168261838,
    0.0002706639304664073,
    3.3894952942044615e-05
  ],
  "detuning_vector": [
    0.0,
    0.0,
    0.0,
    0.0,
    0.0,
    0.0,
    14672.340903735858,
    5445.731961124322,
    20181.91997347898,
    -3264.139032671832,
    8545.268516588083,
    7998.999937497923,
    -7037.3228126771355,
    9824.430719307784,
    -604.1359147906219,
    22619.260388647686
  ],
  "omega_scales": [
    1.0,
    1.0,
    1.0,
    1.0,
    1.0,
    1.0,
    1.1801052498742646,
    0.9195623012904067,
    1.0483221264518499,
    0.6399059873595775,
    0.19852976053098192,
    1.05519757678935,
    0.8965191494158595,
    1.0827473413834985,
    0.9498194251394845,
    1.1931095195099706
  ],
  "time_scales": [
    1.0,
    1.0,
    1.0,
    1.0,
    1.0,
    1.0,
    1.2823110892086118,
    0.4196145794908443,
    0.8612032432980079,
    0.5371798281470461,
    1.1106766115393334,
    0.9620098642690141,
    1.2933237229241703,
    1.1381131440560728,
    1.2300157511088958,
    0.7582565698331366
  ],
  "detuning_offsets": [
    0.0,
    0.0,
    0.0,
    0.0,
    0.0,
    0.0,
    4051.4424662358574,
    -5371.512179500678,
    9436.539114103982,
    1154.702275921918,
    11450.543907213083,
    4619.094419919798,
    -10227.345273614636,
    9029.029291085128,
    -1008.5956010699188,
    10129.138318335186
  ]
}