{
  "gen": 32,
  "score": -43.48589628147407,
  "n_bar": 15.12589628147407,
  "num_pulses": 480,
  "good": 0.71964,
  "survive": 0.99352,
  "unique_pairs": [
    [
      0,
      -3
    ],
    [
      0,
      -2
    ],
    [
      0,
      -1
    ],
    [
      1,
      -3
    ],
    [
      1,
      -2
    ],
    [
      1,
      -1
    ],
    [
      2,
      -10
    ],
    [
      2,
      -9
    ],
    [
      2,
      -8
    ],
    [
      2,
      -7
    ],
    [
      2,
      -6
    ],
    [
      2,
      -5
    ],
    [
      2,
      -4
    ],
    [
      2,
      -3
    ],
    [
      2,
      -2
    ],
    [
      2,
      -1
    ]
  ],
  "omega_vector": [
    12833.836722747821,
    19706.78316118399,
    6259.128023960536,
    15076.815398060333,
    9490.06371077475,
    4778.519291266001,
    16706.750888890467,
    18745.84209518138,
    18593.8193755339,
    8979.42061192164,
    8275.773425096602,
    6758.416901251297,
    1226.238928878296,
    400.0,
    824.6720517613433,
    382.1154681013356
  ],
  "time_vector": [
    0.00010129663037433762,
    9.532283994504216e-05,
    8.944088676625884e-05,
    9.288535653863719e-05,
    0.0001419017182821922,
    0.00012632143380186543,
    3.452229518038503e-05,
    4.616746984292493e-05,
    5.0713672084907435e-05,
    2.950270809817865e-05,
    2.5541604910419293e-05,
    7.507070598820852e-05,
    6.830417293768803e-05,
    6.628677614693251e-05,
    2.648117404076463e-05,
    5.5804266386664886e-05
  ],
  "omega_scales": [
    0.8021147951717388,
    1.515906397014153,
    0.6954586693289484,
    0.9423009623787708,
    0.730004900828827,
    0.5309465879184446,
    1.3922292407408723,
    1.5621535079317814,
    2.065979930614878,
    0.9977134013246267,
    1.3792955708494337,
    1.126402816875216,
    0.306559732219574,
    0.1,
    0.27489068392044774,
    0.1273718227004452
  ],
  "time_scales": [
    1.2662078796792202,
    1.059142666056024,
    0.7453407230521569,
    1.1610669567329648,
    1.5766857586910243,
    1.0526786150155452,
    1.150743172679501,
    1.538915661430831,
    1.690455736163581,
    0.9834236032726216,
    0.5108320982083858,
    1.5014141197641704,
    0.9757738991098294,
    0.946953944956179,
    0.294235267119607,
    0.6200474042962765
  ]
}