{
  "gen": 26,
  "score": 16794.377987886302,
  "score_SLM": 18826,
  "score_AOD": 14982,
  "survive_SLM": 0.70516,
  "survive_AOD": 0.71856,
  "nzbar_SLM": 16.768875148902378,
  "nzbar_AOD": 19.510465375194833,
  "num_pulses": 260,
  "unique_pairs": [
    [
      0,
      -3
    ],
    [
      0,
      -2
    ],
    [
      0,
      -1
    ],
    [
      1,
      -3
    ],
    [
      1,
      -2
    ],
    [
      1,
      -1
    ],
    [
      2,
      -10
    ],
    [
      2,
      -9
    ],
    [
      2,
      -8
    ],
    [
      2,
      -7
    ],
    [
      2,
      -6
    ],
    [
      2,
      -5
    ],
    [
      2,
      -4
    ],
    [
      2,
      -3
    ],
    [
      2,
      -2
    ],
    [
      2,
      -1
    ]
  ],
  "omega_vector": [
    22905.89383884094,
    15889.845595536344,
    6045.844540359969,
    23809.034832363035,
    10249.519337852045,
    5443.494132149606,
    16893.25011832377,
    19603.91221107577,
    24787.3031113324,
    15258.246747951696,
    11173.517983459476,
    25956.75506515299,
    7585.55197363531,
    2012.1279616636791,
    6096.640662502486,
    408.39910779215234
  ],
  "time_vector": [
    5.790952904694954e-05,
    8.685393383075014e-05,
    0.00015935398297585446,
    6.001933175567566e-05,
    0.00011914496406529977,
    0.0001852389511464011,
    2.2842935842990988e-05,
    3.6919556285546846e-05,
    4.863440746270302e-05,
    2.377019982139878e-05,
    6.600834572061474e-05,
    0.00013003288415106877,
    0.00011630727077261801,
    0.00019032804640756393,
    0.00014967299370523935,
    4.423154914780834e-05
  ],
  "detuning_vector": [
    129.74167360682935,
    2874.9815332579883,
    -548.8568224327473,
    -575.6610612090744,
    863.531221650125,
    3.785894626403774,
    -203.14056785495043,
    744.5870249975179,
    838.5373552913467,
    -1630.7236913039792,
    -633.4932287761741,
    1806.0899384467375,
    512.3982820204915,
    1300.0409075766552,
    -56.8917018565225,
    -246.33033977127724
  ],
  "omega_scales": [
    1.2436174805561773,
    1.0930743896747717,
    0.7708712082686915,
    1.2819674876812555,
    0.8682100422662631,
    0.962054471932193,
    1.2007769335431178,
    1.0509166362137983,
    1.2156700312529372,
    1.304726468134102,
    1.0637179983913452,
    1.7644864129642688,
    1.5053216537911398,
    0.8892257679925875,
    1.5243635417592833,
    0.6920340835050365
  ],
  "time_scales": [
    0.7580494054282375,
    0.9247914358975089,
    1.1849920124919973,
    0.8571655678122773,
    1.1390453750085605,
    1.1663667813342886,
    0.8580088816789304,
    0.8631300799596323,
    1.1855883034568866,
    1.0888151549269687,
    1.341938854257071,
    0.8888404840943599,
    1.0043700065474561,
    1.0207571254128567,
    0.6787583817461891,
    0.9337419230400235
  ],
  "detuning_offsets": [
    129.74167360682935,
    2874.9815332579883,
    -548.8568224327473,
    -575.6610612090744,
    863.531221650125,
    3.785894626403774,
    -203.14056785495043,
    744.5870249975179,
    838.5373552913467,
    -1630.7236913039792,
    -633.4932287761741,
    1806.0899384467375,
    512.3982820204915,
    1300.0409075766552,
    -56.8917018565225,
    -246.33033977127724
  ]
}