{
  "gen": 26,
  "score": -44.52063697427465,
  "n_bar": 15.974636974274645,
  "num_pulses": 480,
  "good": 0.71758,
  "survive": 0.99392,
  "unique_pairs": [
    [
      0,
      -3
    ],
    [
      0,
      -2
    ],
    [
      0,
      -1
    ],
    [
      1,
      -3
    ],
    [
      1,
      -2
    ],
    [
      1,
      -1
    ],
    [
      2,
      -10
    ],
    [
      2,
      -9
    ],
    [
      2,
      -8
    ],
    [
      2,
      -7
    ],
    [
      2,
      -6
    ],
    [
      2,
      -5
    ],
    [
      2,
      -4
    ],
    [
      2,
      -3
    ],
    [
      2,
      -2
    ],
    [
      2,
      -1
    ]
  ],
  "omega_vector": [
    16965.20765924988,
    21510.28134389371,
    6425.674633057717,
    21993.713323877386,
    11024.064481723446,
    5477.013056258788,
    15288.091994344604,
    17731.823870604003,
    19237.759650855915,
    9591.913281425672,
    8244.80969423414,
    7131.430351195068,
    1934.2302995840444,
    574.298152865202,
    1155.3752520285975,
    330.79597365888134
  ],
  "time_vector": [
    8.625409416744705e-05,
    7.464152157331732e-05,
    9.370560694943608e-05,
    7.671959455581185e-05,
    0.00010637953050394122,
    0.00010364407424932404,
    2.5351979215080164e-05,
    4.639076799981001e-05,
    4.086748797553754e-05,
    3.4610877913240405e-05,
    2.6288789758249676e-05,
    5.481351581047101e-05,
    7.9250822158728e-05,
    5.5333174580666005e-05,
    2.7044711491871526e-05,
    3.35418988174483e-05
  ],
  "omega_scales": [
    1.0603254787031176,
    1.6546370264533623,
    0.7139638481175241,
    1.3746070827423367,
    0.8480049601325728,
    0.6085570062509765,
    1.2740076661953836,
    1.4776519892170004,
    2.1375288500951015,
    1.0657681423806302,
    1.3741349490390233,
    1.188571725199178,
    0.4835575748960111,
    0.1435745382163005,
    0.3851250840095325,
    0.11026532455296045
  ],
  "time_scales": [
    1.078176177093088,
    0.8293502397035257,
    0.7808800579119672,
    0.9589949319476481,
    1.1819947833771247,
    0.863700618744367,
    0.8450659738360055,
    1.5463589333270003,
    1.3622495991845844,
    1.1536959304413468,
    0.5257757951649935,
    1.09627031620942,
    1.132154602267543,
    0.7904739225809432,
    0.30049679435412807,
    0.37268776463831443
  ]
}