{
  "gen": 5,
  "score": 21824.0,
  "n_bar": 9.88029315960912,
  "num_pulses": 260,
  "good": 0.63856,
  "unique_pairs": [
    [
      0,
      -3
    ],
    [
      0,
      -2
    ],
    [
      0,
      -1
    ],
    [
      1,
      -3
    ],
    [
      1,
      -2
    ],
    [
      1,
      -1
    ],
    [
      2,
      -10
    ],
    [
      2,
      -9
    ],
    [
      2,
      -8
    ],
    [
      2,
      -7
    ],
    [
      2,
      -6
    ],
    [
      2,
      -5
    ],
    [
      2,
      -4
    ],
    [
      2,
      -3
    ],
    [
      2,
      -2
    ],
    [
      2,
      -1
    ]
  ],
  "omega_vector": [
    14653.23599985486,
    23651.884042000187,
    9409.782389798873,
    8646.699697064083,
    11956.809948586058,
    7509.596759705099,
    10283.44387101109,
    13703.75064557866,
    15177.46395797107,
    12566.490307514732,
    12728.339514426487,
    11379.42482770755,
    5171.418443495879,
    2785.8229166745164,
    1965.9174344128155,
    897.1527281428962
  ],
  "time_vector": [
    6.923934077793376e-05,
    0.00011196026791105256,
    9.700970116981438e-05,
    0.00010170819490893342,
    9.542575677398376e-05,
    0.00013733164309348667,
    2.1600773067952362e-05,
    3.5123727532468144e-05,
    4.170979347851889e-05,
    2.5771402415228996e-05,
    7.789082246093981e-05,
    0.00011862458331283721,
    0.00011591230987588873,
    7.756468924521368e-05,
    5.88394976826614e-05,
    4.744407694857383e-05
  ],
  "omega_scales": [
    0.8169260346710631,
    1.2797040236549346,
    1.0345685328036922,
    0.6140939532536923,
    0.9290660977814259,
    0.9393308121375981,
    1.0932375802140046,
    0.8347928298181372,
    1.1537818324523779,
    1.0872311525211735,
    1.4836528127934823,
    0.8811747177242311,
    1.015620965442514,
    0.45166053266368505,
    0.46071628928572633,
    1.1156947323838895
  ],
  "time_scales": [
    0.8785715620844967,
    0.9915218171920523,
    0.8167068480727886,
    1.291098820093019,
    0.8380059616723285,
    1.0135423245268549,
    0.5363637975059625,
    1.0350855127614818,
    1.0403368760994853,
    0.9785731748546365,
    1.1611540236273565,
    1.1217114412320022,
    1.2993870252239401,
    0.6350760926863912,
    0.41726313324921516,
    1.1184920351794103
  ]
}