{
  "gen": 26,
  "score": 2818.0,
  "score_SLM": 2818,
  "score_AOD": 2969,
  "survive_SLM": 0.7326,
  "survive_AOD": 0.7119,
  "nzbar_SLM": 38.3008463008463,
  "nzbar_AOD": 27.300182609917123,
  "num_pulses": 260,
  "unique_pairs": [
    [
      0,
      -3
    ],
    [
      0,
      -2
    ],
    [
      0,
      -1
    ],
    [
      1,
      -3
    ],
    [
      1,
      -2
    ],
    [
      1,
      -1
    ],
    [
      2,
      -10
    ],
    [
      2,
      -9
    ],
    [
      2,
      -8
    ],
    [
      2,
      -7
    ],
    [
      2,
      -6
    ],
    [
      2,
      -5
    ],
    [
      2,
      -4
    ],
    [
      2,
      -3
    ],
    [
      2,
      -2
    ],
    [
      2,
      -1
    ]
  ],
  "omega_vector": [
    20000.0,
    17760.42578125,
    5926.83544921875,
    20000.0,
    10060.341796875,
    4332.263671875,
    9999.999999999998,
    9182.052321453226,
    9701.6877037723,
    5568.715077977141,
    9999.999999999998,
    8164.323997857279,
    6050.101700945297,
    3790.563003831129,
    4676.770130809428,
    72.3772037118724
  ],
  "time_vector": [
    6.814449443481863e-05,
    7.641866250196472e-05,
    0.0001462052168790251,
    5.634267290588468e-05,
    0.00013017933815717697,
    0.0001981102832360193,
    1.3746768129132003e-05,
    2.2208767289836243e-05,
    6.732620801376378e-05,
    1.516266206066472e-05,
    0.00014355193983662563,
    0.0001313713958404881,
    4.6420702810594416e-05,
    0.00026320095695659453,
    0.00019543619303783426,
    5.432516100999531e-05
  ],
  "detuning_vector": [
    0.0,
    0.0,
    0.0,
    0.0,
    0.0,
    0.0,
    13391.010006269018,
    23581.995017452748,
    17926.38766517037,
    -10250.676386494864,
    8628.784110041555,
    14949.871179769872,
    4111.921693072362,
    3714.66240780768,
    370.61755209232433,
    12558.000983593294
  ],
  "omega_scales": [
    1.0,
    1.0,
    1.0,
    1.0,
    1.0,
    1.0,
    0.9999999999999998,
    0.9182052321453226,
    0.97016877037723,
    0.5568715077977141,
    0.9999999999999998,
    0.8164323997857279,
    0.6582999356043178,
    1.2012305312460754,
    1.100825769771219,
    1.0990762325789805
  ],
  "time_scales": [
    1.0,
    1.0,
    1.0,
    1.0,
    1.0,
    1.0,
    0.7474947675584358,
    0.515939117407118,
    1.6779286152285058,
    0.8279764744923044,
    1.6232628378625522,
    1.0056289655403334,
    0.34605632797020286,
    1.045027208010927,
    0.8881478790286397,
    1.2152962806440493
  ],
  "detuning_offsets": [
    0.0,
    0.0,
    0.0,
    0.0,
    0.0,
    0.0,
    2770.111568769017,
    12764.750876827748,
    7181.00680579537,
    -5831.835077901114,
    11534.059500666555,
    11569.965662191747,
    921.8992321348624,
    2919.260979585024,
    -33.842134186972544,
    67.87891328079331
  ],
  "omega_lin_max_xyz": [
    20000.0,
    20000.0,
    10000.0
  ]
}