{
  "gen": 39,
  "score": 17192.0,
  "n_bar": 24.852656937944783,
  "num_pulses": 260,
  "good": 0.72226,
  "unique_pairs": [
    [
      0,
      -3
    ],
    [
      0,
      -2
    ],
    [
      0,
      -1
    ],
    [
      1,
      -3
    ],
    [
      1,
      -2
    ],
    [
      1,
      -1
    ],
    [
      2,
      -10
    ],
    [
      2,
      -9
    ],
    [
      2,
      -8
    ],
    [
      2,
      -7
    ],
    [
      2,
      -6
    ],
    [
      2,
      -5
    ],
    [
      2,
      -4
    ],
    [
      2,
      -3
    ],
    [
      2,
      -2
    ],
    [
      2,
      -1
    ]
  ],
  "omega_vector": [
    16440.515852381122,
    22099.29939015727,
    7690.285319982142,
    14132.352443314348,
    14702.505789536603,
    6974.80698764184,
    10717.51856141676,
    16765.657982352717,
    13228.182806870685,
    7983.071356333948,
    11428.459071302876,
    9753.02647053073,
    6317.023432174087,
    6042.3966446750655,
    4092.388065624333,
    672.3087293648078
  ],
  "time_vector": [
    7.928916227434552e-05,
    7.098437299292448e-05,
    9.857502411497671e-05,
    8.611143698898055e-05,
    8.869330774153499e-05,
    0.00014054580905487098,
    3.9744134906508786e-05,
    4.8237837304559053e-05,
    4.159892060432275e-05,
    2.667091614990169e-05,
    6.919698107309824e-05,
    9.094379888676552e-05,
    0.00010436852154885222,
    9.793452193733988e-05,
    0.00021779220023906181,
    5.6618637866639715e-05
  ],
  "omega_scales": [
    1.02753224077382,
    1.6999461069351747,
    0.8544761466646824,
    0.8832720277071467,
    1.1309619838105078,
    0.7749785541824267,
    0.89312654678473,
    1.3971381651960597,
    1.4697980896522984,
    0.8870079284815497,
    1.9047431785504791,
    1.6255044117551218,
    1.5792558580435219,
    1.5105991611687664,
    1.364129355208111,
    0.2241029097882693
  ],
  "time_scales": [
    0.9911145284293189,
    0.7887152554769385,
    0.8214585342914724,
    1.0763929623622568,
    0.9854811971281665,
    1.171215075457258,
    1.3248044968836263,
    1.6079279101519686,
    1.3866306868107585,
    0.8890305383300564,
    1.3839396214619648,
    1.8188759777353103,
    1.4909788792693175,
    1.3990645991048556,
    2.4199133359895755,
    0.6290959762959968
  ]
}