{
  "gen": 19,
  "score": 26073.0,
  "n_bar": 6.908658449018669,
  "num_pulses": 260,
  "good": 0.66848,
  "unique_pairs": [
    [
      0,
      -3
    ],
    [
      0,
      -2
    ],
    [
      0,
      -1
    ],
    [
      1,
      -3
    ],
    [
      1,
      -2
    ],
    [
      1,
      -1
    ],
    [
      2,
      -10
    ],
    [
      2,
      -9
    ],
    [
      2,
      -8
    ],
    [
      2,
      -7
    ],
    [
      2,
      -6
    ],
    [
      2,
      -5
    ],
    [
      2,
      -4
    ],
    [
      2,
      -3
    ],
    [
      2,
      -2
    ],
    [
      2,
      -1
    ]
  ],
  "omega_vector": [
    18119.683495163805,
    19147.241115744273,
    6841.742814513893,
    12124.25810175546,
    10350.261153365012,
    6884.274424969783,
    8892.448121437905,
    19451.083572957683,
    15806.419999093705,
    8211.316802495301,
    14122.155734754788,
    15572.242724212862,
    3573.1754195222006,
    231.85791722279774,
    859.0731319790073,
    817.9932217268137
  ],
  "time_vector": [
    7.817317836422953e-05,
    7.923463977502061e-05,
    9.814164091720973e-05,
    0.00010276572676636554,
    0.0001208439346337781,
    0.00010514484985746303,
    2.884903084248745e-05,
    5.321662294837957e-05,
    3.9374346442446155e-05,
    2.898449248658738e-05,
    8.443483918138657e-05,
    0.00016714230168957123,
    0.00015523304467195684,
    6.17655393404201e-05,
    4.2043941028189525e-05,
    6.063504915227424e-05
  ],
  "omega_scales": [
    1.0101824052615747,
    1.0359767304032916,
    0.7522226904104988,
    0.8610722991227687,
    0.8042343051469723,
    0.8611129589918093,
    0.9453601914300623,
    1.1849037186135087,
    1.201594698664282,
    0.7104290229352868,
    1.6461201443305953,
    1.2058488715027462,
    0.7017401335671841,
    0.037590713238926446,
    0.2013253347583493,
    1.0172523584646243
  ],
  "time_scales": [
    0.9919321971716306,
    0.7017031620244139,
    0.8262364408058422,
    1.3045232853936164,
    1.061222264078038,
    0.7759956346259906,
    0.7163436090164905,
    1.568277609517351,
    0.9820855286058803,
    1.1005783223263577,
    1.2587086662098246,
    1.5804939151997335,
    1.7401758652616313,
    0.5057174568568533,
    0.29815663386836166,
    1.4294686268855623
  ]
}