{
  "gen": 30,
  "score": 3817.066936798463,
  "score_SLM": 3875,
  "score_AOD": 3760,
  "survive_SLM": 0.704,
  "survive_AOD": 0.7218,
  "nzbar_SLM": 13.481534090909092,
  "nzbar_AOD": 12.140897755610972,
  "num_pulses": 260,
  "unique_pairs": [
    [
      0,
      -3
    ],
    [
      0,
      -2
    ],
    [
      0,
      -1
    ],
    [
      1,
      -3
    ],
    [
      1,
      -2
    ],
    [
      1,
      -1
    ],
    [
      2,
      -10
    ],
    [
      2,
      -9
    ],
    [
      2,
      -8
    ],
    [
      2,
      -7
    ],
    [
      2,
      -6
    ],
    [
      2,
      -5
    ],
    [
      2,
      -4
    ],
    [
      2,
      -3
    ],
    [
      2,
      -2
    ],
    [
      2,
      -1
    ]
  ],
  "omega_vector": [
    20508.373046875,
    17760.42578125,
    5926.83544921875,
    25809.142578125,
    10060.341796875,
    4332.263671875,
    17789.813316673975,
    22970.6671269821,
    38843.03947715405,
    19153.67283606941,
    7157.713808613478,
    56214.99276247994,
    10164.516343601856,
    2437.112352181499,
    3382.4136661984107,
    223.16174884741946
  ],
  "time_vector": [
    6.814449443481863e-05,
    7.641866250196472e-05,
    0.0001462052168790251,
    5.634267290588468e-05,
    0.00013017933815717697,
    0.0001981102832360193,
    1.873309371833189e-05,
    3.49678538537036e-05,
    7.355205220303103e-05,
    1.87721575974349e-05,
    6.046566718574799e-05,
    8.018664081491091e-05,
    0.00015869025340139079,
    0.00016067705193704385,
    0.0002526543262980688,
    4.390891212995098e-05
  ],
  "detuning_vector": [
    0.0,
    0.0,
    0.0,
    0.0,
    0.0,
    0.0,
    1556.7863213318274,
    5404.2135526317015,
    -2564.9260849023194,
    -5865.046142578125,
    -2068.8439750809684,
    678.6303802812666,
    -2899.519772987024,
    -3986.9959716796875,
    1373.365056059191,
    1188.0793240200085
  ],
  "omega_scales": [
    1.0,
    1.0,
    1.0,
    1.0,
    1.0,
    1.0,
    1.2917072319274026,
    1.3299349210648674,
    1.591260533936794,
    1.2711804516833336,
    0.7017746096310742,
    2.2886048814209485,
    1.5818654001540762,
    1.1940056733303817,
    0.6131637553037966,
    1.1956628821480377
  ],
  "time_scales": [
    1.0,
    1.0,
    1.0,
    1.0,
    1.0,
    1.0,
    1.1756215710523077,
    0.8519884146718588,
    1.5038321823920615,
    1.1008289285586876,
    1.0144324946737386,
    0.8189036147049471,
    1.2164244264956758,
    0.9502760237999042,
    1.508918539781426,
    0.8676560243375316
  ],
  "detuning_offsets": [
    0.0,
    0.0,
    0.0,
    0.0,
    0.0,
    0.0,
    1774.9889733093664,
    4707.03209511217,
    -3653.818052675757,
    -5000.0,
    -1794.9106559891713,
    -467.71202694529586,
    -3217.510495643274,
    -5000.0,
    929.7307787154408,
    1546.576028121571
  ]
}