{
  "gen": 22,
  "score": 2827.0,
  "score_SLM": 3188,
  "score_AOD": 2827,
  "survive_SLM": 0.7184,
  "survive_AOD": 0.7302,
  "nzbar_SLM": 31.71687082405345,
  "nzbar_AOD": 30.027115858668857,
  "num_pulses": 260,
  "unique_pairs": [
    [
      0,
      -3
    ],
    [
      0,
      -2
    ],
    [
      0,
      -1
    ],
    [
      1,
      -3
    ],
    [
      1,
      -2
    ],
    [
      1,
      -1
    ],
    [
      2,
      -10
    ],
    [
      2,
      -9
    ],
    [
      2,
      -8
    ],
    [
      2,
      -7
    ],
    [
      2,
      -6
    ],
    [
      2,
      -5
    ],
    [
      2,
      -4
    ],
    [
      2,
      -3
    ],
    [
      2,
      -2
    ],
    [
      2,
      -1
    ]
  ],
  "omega_vector": [
    20000.0,
    17760.42578125,
    5926.83544921875,
    20000.0,
    10060.341796875,
    4332.263671875,
    9618.853954542545,
    9803.678549112423,
    8727.741130911149,
    8292.055616710799,
    9840.286377199476,
    9999.999999999998,
    6520.028259325404,
    3361.9216437786895,
    4186.393498242625,
    72.53046781152558
  ],
  "time_vector": [
    6.814449443481863e-05,
    7.641866250196472e-05,
    0.0001462052168790251,
    5.634267290588468e-05,
    0.00013017933815717697,
    0.0001981102832360193,
    4.6418981481016906e-06,
    3.3907183051355235e-05,
    4.4636935075470936e-05,
    1.409861066649174e-05,
    0.00013748697592639214,
    0.00015196856941049339,
    0.00011035147203149889,
    0.00018933028351661576,
    0.0002203699527407804,
    2.5854403921999157e-05
  ],
  "detuning_vector": [
    0.0,
    0.0,
    0.0,
    0.0,
    0.0,
    0.0,
    6153.629803466889,
    11212.479320787774,
    439.5345515332483,
    -16661.573319228235,
    -2838.6324971540907,
    15634.488029106875,
    13562.400430851605,
    6471.00753552602,
    -119.05242541211373,
    7307.840779273365
  ],
  "omega_scales": [
    1.0,
    1.0,
    1.0,
    1.0,
    1.0,
    1.0,
    0.9618853954542546,
    0.9803678549112423,
    0.8727741130911149,
    0.8292055616710798,
    0.9840286377199476,
    0.9999999999999998,
    0.7094317410534804,
    1.065393958122393,
    0.9854001193919173,
    1.1014036080590697
  ],
  "time_scales": [
    1.0,
    1.0,
    1.0,
    1.0,
    1.0,
    1.0,
    0.25240802380976046,
    0.7877088299846291,
    1.1124581774146263,
    0.7698725928321375,
    1.5546811764815631,
    1.1632973393727095,
    0.8226464246597229,
    0.7517271208398961,
    1.0014578317664848,
    0.5783832084527716
  ],
  "detuning_offsets": [
    0.0,
    0.0,
    0.0,
    0.0,
    0.0,
    0.0,
    -4467.268634033111,
    395.2351801627731,
    -10305.846307841752,
    -12242.732010634487,
    66.64289347090926,
    12254.58251152875,
    10372.377969914105,
    5675.606107303363,
    -523.5121116914106,
    -5182.281291039135
  ],
  "omega_lin_max_xyz": [
    20000.0,
    20000.0,
    10000.0
  ]
}