{
  "gen": 25,
  "score": 3565.7352677954095,
  "score_SLM": 3874,
  "score_AOD": 3282,
  "survive_SLM": 0.7074,
  "survive_AOD": 0.7148,
  "nzbar_SLM": 13.877862595419847,
  "nzbar_AOD": 13.235730274202574,
  "num_pulses": 260,
  "unique_pairs": [
    [
      0,
      -3
    ],
    [
      0,
      -2
    ],
    [
      0,
      -1
    ],
    [
      1,
      -3
    ],
    [
      1,
      -2
    ],
    [
      1,
      -1
    ],
    [
      2,
      -10
    ],
    [
      2,
      -9
    ],
    [
      2,
      -8
    ],
    [
      2,
      -7
    ],
    [
      2,
      -6
    ],
    [
      2,
      -5
    ],
    [
      2,
      -4
    ],
    [
      2,
      -3
    ],
    [
      2,
      -2
    ],
    [
      2,
      -1
    ]
  ],
  "omega_vector": [
    20508.373046875,
    17760.42578125,
    5926.83544921875,
    25809.142578125,
    10060.341796875,
    4332.263671875,
    11915.67154140425,
    27519.01256066739,
    45830.08119619313,
    22851.014999108465,
    11208.077784537336,
    42854.84972429155,
    4846.072798185355,
    2842.837500890951,
    3768.3786249058676,
    118.34482711094753
  ],
  "time_vector": [
    6.814449443481863e-05,
    7.641866250196472e-05,
    0.0001462052168790251,
    5.634267290588468e-05,
    0.00013017933815717697,
    0.0001981102832360193,
    1.4465092833157173e-05,
    5.472003359882158e-05,
    4.051423454986863e-05,
    1.7496591677502877e-05,
    8.572758986251845e-05,
    0.0001461392082991305,
    0.0001587348249880717,
    0.00016829994746420506,
    0.0001804908636059992,
    5.255131032796742e-05
  ],
  "detuning_vector": [
    0.0,
    0.0,
    0.0,
    0.0,
    0.0,
    0.0,
    -2716.04940845702,
    669.7241428517527,
    3426.4816701136824,
    -8754.690586274028,
    9244.678888189164,
    4437.31560115287,
    -3029.301830275126,
    694.7067124978748,
    129.47599275025635,
    5247.484878976316
  ],
  "omega_scales": [
    1.0,
    1.0,
    1.0,
    1.0,
    1.0,
    1.0,
    0.8651894671023479,
    1.5932709135236425,
    1.8774946671594548,
    1.516563628114592,
    1.098890598628452,
    1.744691468448178,
    0.7541760598282266,
    1.3927811335336302,
    0.6831314608691326,
    0.634071554832337
  ],
  "time_scales": [
    1.0,
    1.0,
    1.0,
    1.0,
    1.0,
    1.0,
    0.9077771892686599,
    1.3332483849795382,
    0.8283468365082823,
    1.026027731218611,
    1.4382517698754456,
    1.4924421912437005,
    1.2167660855806177,
    0.9953593431915936,
    1.0779392316241312,
    1.038432946321847
  ],
  "detuning_offsets": [
    0.0,
    0.0,
    0.0,
    0.0,
    0.0,
    0.0,
    -2497.846756479481,
    -27.45731466777852,
    2337.589702340245,
    -7889.644443695903,
    9518.612207280961,
    3290.973193926308,
    -3347.292552931376,
    -318.29731582243767,
    -314.15828459349365,
    5605.981583077879
  ]
}