{
  "gen": 5,
  "score": 3483.4035080650647,
  "score_SLM": 3677,
  "score_AOD": 3300,
  "survive_SLM": 0.7161,
  "survive_AOD": 0.7319,
  "nzbar_SLM": 15.333891914537077,
  "nzbar_AOD": 15.921437354829894,
  "num_pulses": 260,
  "unique_pairs": [
    [
      0,
      -3
    ],
    [
      0,
      -2
    ],
    [
      0,
      -1
    ],
    [
      1,
      -3
    ],
    [
      1,
      -2
    ],
    [
      1,
      -1
    ],
    [
      2,
      -10
    ],
    [
      2,
      -9
    ],
    [
      2,
      -8
    ],
    [
      2,
      -7
    ],
    [
      2,
      -6
    ],
    [
      2,
      -5
    ],
    [
      2,
      -4
    ],
    [
      2,
      -3
    ],
    [
      2,
      -2
    ],
    [
      2,
      -1
    ]
  ],
  "omega_vector": [
    20508.373046875,
    17760.42578125,
    5926.83544921875,
    25809.142578125,
    10060.341796875,
    4332.263671875,
    17203.302531554567,
    22979.374583184785,
    27002.776697032736,
    13255.596363956043,
    12875.853726173793,
    30835.67582737836,
    8296.109977847413,
    2225.0902096037894,
    5368.405814924847,
    244.71355776527804
  ],
  "time_vector": [
    6.814449443481863e-05,
    7.641866250196472e-05,
    0.0001462052168790251,
    5.634267290588468e-05,
    0.00013017933815717697,
    0.0001981102832360193,
    1.9417121738913378e-05,
    3.741215016744065e-05,
    5.987284962761475e-05,
    1.4714369485891508e-05,
    7.748436600905455e-05,
    9.353291658807051e-05,
    0.0001216705670938486,
    0.00011968935462853608,
    0.00017678638247852654,
    3.630470076150157e-05
  ],
  "detuning_vector": [
    0.0,
    0.0,
    0.0,
    0.0,
    0.0,
    0.0,
    -9594.543453823968,
    4139.919633508861,
    -9432.638521995126,
    1327.8399949925665,
    4594.6570399548855,
    -907.749364621488,
    -3345.8549107801937,
    426.1627861734032,
    997.0575531714528,
    3607.6682392688685
  ],
  "omega_scales": [
    1.0,
    1.0,
    1.0,
    1.0,
    1.0,
    1.0,
    1.2491210502032764,
    1.330439057493016,
    1.1062072753078112,
    0.8797401478808748,
    1.2624068891213156,
    1.2553711163608592,
    1.291092353655412,
    1.0901304289729172,
    0.9731842980559219,
    1.3111338268745427
  ],
  "time_scales": [
    1.0,
    1.0,
    1.0,
    1.0,
    1.0,
    1.0,
    1.2185487088914182,
    0.9115434605732111,
    1.2241496385850288,
    0.8628738338412391,
    1.2999552037905109,
    0.9552020474914859,
    0.9326536861982306,
    0.7078666345717276,
    1.0558150893803948,
    0.7173940505349382
  ],
  "detuning_offsets": [
    0.0,
    0.0,
    0.0,
    0.0,
    0.0,
    0.0,
    -9376.340801846429,
    3442.7381759893296,
    -10521.530489768564,
    2192.8861375706915,
    4868.590359046682,
    -2054.0917718480505,
    -3663.8456334364437,
    -586.8412421469093,
    553.4232758277028,
    3966.164943370431
  ]
}