{
  "gen": 2,
  "score": 3524.3254673767005,
  "score_SLM": 3990,
  "score_AOD": 3113,
  "survive_SLM": 0.7066,
  "survive_AOD": 0.7297,
  "nzbar_SLM": 15.478913105009907,
  "nzbar_AOD": 16.888310264492258,
  "num_pulses": 260,
  "unique_pairs": [
    [
      0,
      -3
    ],
    [
      0,
      -2
    ],
    [
      0,
      -1
    ],
    [
      1,
      -3
    ],
    [
      1,
      -2
    ],
    [
      1,
      -1
    ],
    [
      2,
      -10
    ],
    [
      2,
      -9
    ],
    [
      2,
      -8
    ],
    [
      2,
      -7
    ],
    [
      2,
      -6
    ],
    [
      2,
      -5
    ],
    [
      2,
      -4
    ],
    [
      2,
      -3
    ],
    [
      2,
      -2
    ],
    [
      2,
      -1
    ]
  ],
  "omega_vector": [
    20508.373046875,
    17760.42578125,
    5926.83544921875,
    25809.142578125,
    10060.341796875,
    4332.263671875,
    14842.791198559096,
    17398.74994881478,
    21504.082787740987,
    11902.264364451392,
    12249.44980978692,
    31173.343826155953,
    8286.636909291086,
    1543.22178520134,
    4956.456150849326,
    250.89968349123205
  ],
  "time_vector": [
    6.814449443481863e-05,
    7.641866250196472e-05,
    0.0001462052168790251,
    5.634267290588468e-05,
    0.00013017933815717697,
    0.0001981102832360193,
    1.5444580299423517e-05,
    4.137582178846922e-05,
    6.184051331246209e-05,
    1.5880953857622113e-05,
    6.758433199754494e-05,
    0.00010437012830776286,
    0.00015456562836700639,
    0.00014270527615997157,
    0.00022097195265039,
    4.6427476733299967e-05
  ],
  "detuning_vector": [
    0.0,
    0.0,
    0.0,
    0.0,
    0.0,
    0.0,
    -758.6630630862707,
    994.8080716529262,
    -166.59158235330415,
    -2783.131395205338,
    -2856.0156606289875,
    -3360.3600620272528,
    -648.1023044631933,
    4676.124926691933,
    515.161143101648,
    -7057.168006618318
  ],
  "omega_scales": [
    1.0,
    1.0,
    1.0,
    1.0,
    1.0,
    1.0,
    1.077725796886087,
    1.0073370969981223,
    0.8809454337055105,
    0.7899229521330088,
    1.2009914182534007,
    1.269118136369689,
    1.2896180956704786,
    0.7560650887055267,
    0.8985060865926329,
    1.3442780415664677
  ],
  "time_scales": [
    1.0,
    1.0,
    1.0,
    1.0,
    1.0,
    1.0,
    0.969246299028744,
    1.0081179405172325,
    1.2643801404509665,
    0.9312841813114197,
    1.1338623337854694,
    1.0658767404377032,
    1.184807521648533,
    0.8439873695074964,
    1.3197030148318718,
    0.917423774089829
  ],
  "detuning_offsets": [
    0.0,
    0.0,
    0.0,
    0.0,
    0.0,
    0.0,
    -540.4604111087316,
    297.6266141333949,
    -1255.4835501267416,
    -1918.0852526272129,
    -2582.0823415371906,
    -4506.702469253815,
    -966.0930271194433,
    3663.1208983716206,
    71.52686575789798,
    -6698.6713025167555
  ]
}