{
  "gen": 14,
  "score": 18397.0,
  "n_bar": 20.706856603449754,
  "num_pulses": 260,
  "good": 0.69918,
  "unique_pairs": [
    [
      0,
      -3
    ],
    [
      0,
      -2
    ],
    [
      0,
      -1
    ],
    [
      1,
      -3
    ],
    [
      1,
      -2
    ],
    [
      1,
      -1
    ],
    [
      2,
      -10
    ],
    [
      2,
      -9
    ],
    [
      2,
      -8
    ],
    [
      2,
      -7
    ],
    [
      2,
      -6
    ],
    [
      2,
      -5
    ],
    [
      2,
      -4
    ],
    [
      2,
      -3
    ],
    [
      2,
      -2
    ],
    [
      2,
      -1
    ]
  ],
  "omega_vector": [
    15485.46762637935,
    12261.491525723934,
    8748.90300088527,
    16602.779785459945,
    12114.607351002067,
    7162.363631104993,
    11352.395575698867,
    19845.261187370124,
    14490.693924227004,
    12050.014668785849,
    8194.190568872711,
    14375.061921811908,
    6682.213136087194,
    4621.469404404111,
    4034.245756536055,
    750.6485704021065
  ],
  "time_vector": [
    7.184857317783073e-05,
    0.00013281876819638136,
    0.000111533914879877,
    7.308094124737148e-05,
    0.00011237954527602675,
    0.00014278050906086444,
    3.433142067441807e-05,
    2.594965620458085e-05,
    5.2277929106911213e-05,
    1.8432979993353563e-05,
    5.209368263372718e-05,
    0.00013112448264297942,
    9.819477730496885e-05,
    0.00019463722479223436,
    0.00021887220291119907,
    6.141105386463079e-05
  ],
  "omega_scales": [
    0.8633234094619444,
    0.6634177646743122,
    0.9619074454984456,
    1.179139675327853,
    0.9413272458245144,
    0.895897484473567,
    1.2068783205785065,
    1.2089158781088722,
    1.1015739807189888,
    1.0425465675493042,
    0.9551390322590407,
    1.1131442338261643,
    1.3123277164123246,
    0.7492706447306318,
    0.9454327544397216,
    0.9335028803877566
  ],
  "time_scales": [
    0.9116798695822701,
    1.1762450095591945,
    0.938983534392196,
    0.927700241856136,
    0.986890039912274,
    1.053756336055515,
    0.8524755622763065,
    0.7647284353197827,
    1.3039301545341921,
    0.6999238715650513,
    0.776584291763672,
    1.2399102133692392,
    1.1007719517577463,
    1.5936304188829407,
    1.5521427742371243,
    1.4477629039767423
  ]
}