{
  "gen": 23,
  "score": 2800.0,
  "score_SLM": 3266,
  "score_AOD": 2800,
  "survive_SLM": 0.7234,
  "survive_AOD": 0.722,
  "nzbar_SLM": 30.76900746474979,
  "nzbar_AOD": 31.41246537396122,
  "num_pulses": 260,
  "unique_pairs": [
    [
      0,
      -3
    ],
    [
      0,
      -2
    ],
    [
      0,
      -1
    ],
    [
      1,
      -3
    ],
    [
      1,
      -2
    ],
    [
      1,
      -1
    ],
    [
      2,
      -10
    ],
    [
      2,
      -9
    ],
    [
      2,
      -8
    ],
    [
      2,
      -7
    ],
    [
      2,
      -6
    ],
    [
      2,
      -5
    ],
    [
      2,
      -4
    ],
    [
      2,
      -3
    ],
    [
      2,
      -2
    ],
    [
      2,
      -1
    ]
  ],
  "omega_vector": [
    20000.0,
    17760.42578125,
    5926.83544921875,
    20000.0,
    10060.341796875,
    4332.263671875,
    6869.396537931012,
    8447.587958423224,
    6929.479410824732,
    7125.066542270128,
    9008.259416466482,
    9452.97879491317,
    7702.187855004698,
    3633.543537586837,
    3915.6108401417223,
    80.86079853933379
  ],
  "time_vector": [
    6.814449443481863e-05,
    7.641866250196472e-05,
    0.0001462052168790251,
    5.634267290588468e-05,
    0.00013017933815717697,
    0.0001981102832360193,
    1.3501455507645776e-05,
    3.545430000201146e-05,
    4.8000464661686265e-05,
    1.3409296205664344e-05,
    0.00013397886447748795,
    0.0001477628079619641,
    8.403987077883875e-05,
    0.00021816595487369038,
    0.0002440160661194809,
    2.2993474197290465e-05
  ],
  "detuning_vector": [
    0.0,
    0.0,
    0.0,
    0.0,
    0.0,
    0.0,
    6313.078493213294,
    14519.647024310956,
    12885.045073989157,
    -16798.845351685002,
    -1797.7890450870693,
    14154.686203815036,
    7510.034663584644,
    3593.320774723869,
    -267.1195617870053,
    10310.266914779091
  ],
  "omega_scales": [
    1.0,
    1.0,
    1.0,
    1.0,
    1.0,
    1.0,
    0.6869396537931012,
    0.8447587958423225,
    0.6929479410824733,
    0.7125066542270128,
    0.9008259416466482,
    0.9452978794913169,
    0.8380602541226265,
    1.1514710161919868,
    0.9216628563434484,
    1.227902948222919
  ],
  "time_scales": [
    1.0,
    1.0,
    1.0,
    1.0,
    1.0,
    1.0,
    0.7341556394626907,
    0.8236504085346672,
    1.1962853036909884,
    0.7322316987194178,
    1.515012002017134,
    1.1311028459844432,
    0.6264991119043958,
    0.8662178182820557,
    1.1089161541893842,
    0.5143819760775419
  ],
  "detuning_offsets": [
    0.0,
    0.0,
    0.0,
    0.0,
    0.0,
    0.0,
    -4307.819944286706,
    3702.402883685956,
    2139.6642146141558,
    -12380.004043091252,
    1107.4863455379307,
    10774.78068623691,
    4320.012202647144,
    2797.9193465012127,
    -671.5792480663022,
    -2179.855155533408
  ],
  "omega_lin_max_xyz": [
    20000.0,
    20000.0,
    10000.0
  ]
}