{
  "gen": 19,
  "score": 3703.4878155598135,
  "score_SLM": 3694,
  "score_AOD": 3713,
  "survive_SLM": 0.6988,
  "survive_AOD": 0.7178,
  "nzbar_SLM": 13.130366342301087,
  "nzbar_AOD": 11.798272499303428,
  "num_pulses": 260,
  "unique_pairs": [
    [
      0,
      -3
    ],
    [
      0,
      -2
    ],
    [
      0,
      -1
    ],
    [
      1,
      -3
    ],
    [
      1,
      -2
    ],
    [
      1,
      -1
    ],
    [
      2,
      -10
    ],
    [
      2,
      -9
    ],
    [
      2,
      -8
    ],
    [
      2,
      -7
    ],
    [
      2,
      -6
    ],
    [
      2,
      -5
    ],
    [
      2,
      -4
    ],
    [
      2,
      -3
    ],
    [
      2,
      -2
    ],
    [
      2,
      -1
    ]
  ],
  "omega_vector": [
    20508.373046875,
    17760.42578125,
    5926.83544921875,
    25809.142578125,
    10060.341796875,
    4332.263671875,
    12278.828708281799,
    24524.471496412592,
    40353.678564937254,
    23958.707124442448,
    9599.511173099349,
    46799.31573076502,
    7816.398038707355,
    3340.6150770797226,
    4892.449270559683,
    234.5756232211273
  ],
  "time_vector": [
    6.814449443481863e-05,
    7.641866250196472e-05,
    0.0001462052168790251,
    5.634267290588468e-05,
    0.00013017933815717697,
    0.0001981102832360193,
    2.1670014898734123e-05,
    3.874026588872171e-05,
    5.0182858083554456e-05,
    2.977661929161653e-05,
    9.512590423396167e-05,
    0.00018552392018052525,
    0.00014074002959532544,
    0.00016015562047920373,
    0.0001665569836770105,
    8.181643523268777e-05
  ],
  "detuning_vector": [
    0.0,
    0.0,
    0.0,
    0.0,
    0.0,
    0.0,
    -6253.913436509507,
    6304.598800135222,
    -2508.941959286579,
    -5916.4788484168075,
    -902.3541888492865,
    -1393.8951150786115,
    -7197.859463114753,
    1188.9148021683695,
    959.3529122736021,
    4094.6289211225003
  ],
  "omega_scales": [
    1.0,
    1.0,
    1.0,
    1.0,
    1.0,
    1.0,
    0.8915580821311704,
    1.4198956818902009,
    1.6531460195673797,
    1.590078331443788,
    0.9411794584527955,
    1.9052771718948813,
    1.2164365911070902,
    1.6366555078496225,
    0.8869029230068528,
    1.256816489343839
  ],
  "time_scales": [
    1.0,
    1.0,
    1.0,
    1.0,
    1.0,
    1.0,
    1.3599321790103787,
    0.943902873095612,
    1.0260297942761258,
    1.7461479183069086,
    1.5959272895098073,
    1.894657355715207,
    1.0788287630522984,
    0.9471921745104944,
    0.9947224109822596,
    1.6167224254923092
  ],
  "detuning_offsets": [
    0.0,
    0.0,
    0.0,
    0.0,
    0.0,
    0.0,
    -6035.710784531968,
    5607.41734261569,
    -3597.8339270600163,
    -5051.4327058386825,
    -628.4208697574896,
    -2540.237522305174,
    -7515.850185771003,
    175.91077384805703,
    515.7186349298521,
    4453.125625224063
  ]
}