{
  "rank": 5,
  "score": 19002.0,
  "n_bar": 19.656489432445717,
  "num_pulses": 260,
  "good": 0.69174,
  "unique_pairs": [
    [
      0,
      -3
    ],
    [
      0,
      -2
    ],
    [
      0,
      -1
    ],
    [
      1,
      -3
    ],
    [
      1,
      -2
    ],
    [
      1,
      -1
    ],
    [
      2,
      -10
    ],
    [
      2,
      -9
    ],
    [
      2,
      -8
    ],
    [
      2,
      -7
    ],
    [
      2,
      -6
    ],
    [
      2,
      -5
    ],
    [
      2,
      -4
    ],
    [
      2,
      -3
    ],
    [
      2,
      -2
    ],
    [
      2,
      -1
    ]
  ],
  "omega_vector": [
    19195.886631549965,
    13476.700718018117,
    6380.603920648886,
    14145.483664651383,
    13160.736486418878,
    6248.026112027731,
    11393.786983188314,
    19647.607143644742,
    14905.934211610835,
    12061.140127225286,
    9157.806152198913,
    16331.727681877555,
    6354.016440987752,
    4873.588179848403,
    4947.7367645891645,
    913.0790494152437
  ],
  "time_vector": [
    7.16689704155681e-05,
    9.400905792833017e-05,
    0.00016445431690350354,
    7.547378069657209e-05,
    0.00010857212545905696,
    0.00014865420538836592,
    2.7439874201351522e-05,
    3.688534528755294e-05,
    4.3978469656409525e-05,
    3.0431379983812397e-05,
    7.126013904818702e-05,
    0.0001370041388345955,
    9.829576358405595e-05,
    0.00017502643147394333,
    0.0002196619390782441,
    5.351408152927614e-05
  ],
  "omega_scales": [
    1.070181327050401,
    0.7291676258777505,
    0.7015222842712624,
    1.0046209870409606,
    1.0226134013958077,
    0.781528440189963,
    1.2112786598746617,
    1.196875365788273,
    1.1331403017468278,
    1.0435091231002525,
    1.0674609081041297,
    1.2646601869531078,
    1.247872780503752,
    0.7901462150083063,
    1.1595110164048839,
    1.135500627403117
  ],
  "time_scales": [
    0.9094009068188631,
    0.8325456314883388,
    1.384510674608863,
    0.9580752985789603,
    0.9534541981325008,
    1.097105703289752,
    0.6813531665474766,
    1.0869998494623947,
    1.0969228069074044,
    1.1555184947315769,
    1.0623074011259952,
    1.2955081125268975,
    1.1019040166860696,
    1.4330632056799406,
    1.557743226322536,
    1.2615921271967374
  ]
}