{
  "gen": 44,
  "fitness": 2467.7908305216183,
  "score_list": [
    2483,
    2749,
    2796,
    2609,
    2220
  ],
  "num_pulses": 200,
  "unique_pairs": [
    [
      0,
      -3
    ],
    [
      0,
      -2
    ],
    [
      0,
      -1
    ],
    [
      1,
      -3
    ],
    [
      1,
      -2
    ],
    [
      1,
      -1
    ],
    [
      2,
      -5
    ],
    [
      2,
      -4
    ],
    [
      2,
      -3
    ],
    [
      2,
      -2
    ]
  ],
  "omega_vector": [
    23560.186838901038,
    9926.938034952727,
    2367.890736297695,
    15914.976545102321,
    6717.498150009197,
    1421.4149152673403,
    6773.189193733017,
    6414.311977552829,
    3540.614265348371,
    3085.0977138332523
  ],
  "time_vector": [
    6.199406634515032e-05,
    9.242032917328475e-05,
    2.164120591241145e-05,
    0.00011763431879285182,
    9.127144308063298e-05,
    2.278935728094198e-05,
    5.541069963142112e-05,
    7.228761254832742e-05,
    0.00010625692525741358,
    0.00011521811913113045
  ],
  "omega_scales": [
    0.961403405996738,
    0.40508133926018086,
    0.17335944887218557,
    0.9461463735863065,
    0.39935569469374055,
    0.14310845087189406,
    1.4775707016024329,
    1.3992816644984458,
    1.5,
    1.3070179985547086
  ],
  "time_scales": [
    0.8856295192164332,
    1.3202904167612106,
    0.432824118248229,
    1.680490268469312,
    1.3038777582947567,
    0.45578714561883954,
    1.1082139926284225,
    1.4457522509665486,
    0.5312846262870679,
    0.5760905956556522
  ]
}