{
  "gen": 9,
  "fitness_penalized": 15060.0,
  "raw_survivors": 15060,
  "num_pulses": 280,
  "length_penalty": 0.0,
  "unique_pairs": [
    [
      0,
      -3
    ],
    [
      0,
      -2
    ],
    [
      0,
      -1
    ],
    [
      1,
      -3
    ],
    [
      1,
      -2
    ],
    [
      1,
      -1
    ],
    [
      2,
      -5
    ],
    [
      2,
      -4
    ],
    [
      2,
      -3
    ],
    [
      2,
      -2
    ],
    [
      2,
      -1
    ]
  ],
  "omega_vector": [
    14563.64292600148,
    20737.079231328247,
    4680.688822789794,
    13769.27789297936,
    20621.369920835274,
    6135.698836044811,
    5429.39459218912,
    16827.57516331427,
    36437.10557535936,
    6647.907746893466,
    1769.159786084421
  ],
  "time_vector": [
    6.0747975716223515e-05,
    6.412780204480799e-05,
    9.458056570804846e-05,
    7.16947528059394e-05,
    5.042203251991433e-05,
    0.00011143958112146391,
    7.575737786493895e-05,
    8.521950494049145e-05,
    4.229325328870507e-05,
    0.00021715465381081265,
    0.0002907352793844089
  ],
  "omega_scales": [
    1.0889123787748796,
    1.205940915298781,
    0.8256735083401197,
    1.0295183163058412,
    1.1992119738578049,
    1.0823372746783047,
    0.5863746159564246,
    1.2981272268842434,
    1.4054312150495747,
    1.0256771952349917,
    0.2729560812815963
  ],
  "time_scales": [
    0.674977507958039,
    0.9161114577829713,
    1.3511509386864065,
    0.7966083645104377,
    0.7203147502844905,
    1.591994016020913,
    1.0822482552134136,
    1.7043900988098288,
    0.8458650657741016,
    1.0857732690540631,
    1.4536763969220445
  ]
}