{
  "gen": 17,
  "fitness": 68.04205735093309,
  "z_mean": 55.84205735093309,
  "good_frac": 0.8788,
  "survive_frac": 0.9984,
  "num_pulses": 200,
  "z_dns": [
    -5,
    -4,
    -3,
    -2
  ],
  "omega_scales_z": [
    0.1,
    0.1,
    0.3197752921310281,
    0.18804355224480304
  ],
  "time_scales_z": [
    0.663139546676599,
    0.9444763017748212,
    0.1,
    0.6438400495996375
  ]
}