{
  "gen": 37,
  "score": 2809.0,
  "score_SLM": 2809,
  "score_AOD": 2821,
  "survive_SLM": 0.7386,
  "survive_AOD": 0.7379,
  "nzbar_SLM": 32.79555916598971,
  "nzbar_AOD": 28.0163978858924,
  "num_pulses": 260,
  "unique_pairs": [
    [
      0,
      -3
    ],
    [
      0,
      -2
    ],
    [
      0,
      -1
    ],
    [
      1,
      -3
    ],
    [
      1,
      -2
    ],
    [
      1,
      -1
    ],
    [
      2,
      -10
    ],
    [
      2,
      -9
    ],
    [
      2,
      -8
    ],
    [
      2,
      -7
    ],
    [
      2,
      -6
    ],
    [
      2,
      -5
    ],
    [
      2,
      -4
    ],
    [
      2,
      -3
    ],
    [
      2,
      -2
    ],
    [
      2,
      -1
    ]
  ],
  "omega_vector": [
    20000.0,
    17760.42578125,
    5926.83544921875,
    20000.0,
    10060.341796875,
    4332.263671875,
    9999.999999999998,
    9037.036344199061,
    7982.072738831692,
    9999.999999999998,
    7376.548149409985,
    9731.345298261576,
    9999.999999999998,
    4474.241754216887,
    5654.799965972322,
    54.39888495985213
  ],
  "time_vector": [
    6.814449443481863e-05,
    7.641866250196472e-05,
    0.0001462052168790251,
    5.634267290588468e-05,
    0.00013017933815717697,
    0.0001981102832360193,
    1.551590831135123e-05,
    4.083898403642869e-05,
    7.065708011781283e-05,
    9.1156630706651e-06,
    0.00013857105950901147,
    9.630526562942677e-05,
    0.00012565503153217215,
    0.00019409591304294583,
    0.00018620766586817297,
    2.583565446641624e-05
  ],
  "detuning_vector": [
    0.0,
    0.0,
    0.0,
    0.0,
    0.0,
    0.0,
    12530.02458389316,
    13825.709142947806,
    15260.76521756742,
    -22475.311155158954,
    -105.22942926904943,
    13738.5131541357,
    7421.7917159169465,
    6524.404246572958,
    -1849.182614089551,
    20856.384833936085
  ],
  "omega_scales": [
    1.0,
    1.0,
    1.0,
    1.0,
    1.0,
    1.0,
    0.9999999999999998,
    0.9037036344199062,
    0.7982072738831691,
    0.9999999999999998,
    0.7376548149409985,
    0.9731345298261577,
    1.0880807763966376,
    1.4178885284083682,
    1.3310360251480577,
    0.8260684092768319
  ],
  "time_scales": [
    1.0,
    1.0,
    1.0,
    1.0,
    1.0,
    1.0,
    0.8436935989393031,
    0.9487437598214287,
    1.7609418396760743,
    0.4977723925859298,
    1.5669398237336003,
    0.7372028289065308,
    0.9367311602417063,
    0.7706488321281132,
    0.8462093992368943,
    0.5779637684877464
  ],
  "detuning_offsets": [
    0.0,
    0.0,
    0.0,
    0.0,
    0.0,
    0.0,
    1909.126146393161,
    3008.4650023228055,
    4515.384358192418,
    -18056.469846565204,
    2800.0459613559506,
    10358.607636557575,
    4231.7692549794465,
    5729.002818350302,
    -2253.642300368848,
    8366.262763623585
  ],
  "omega_lin_max_xyz": [
    20000.0,
    20000.0,
    10000.0
  ]
}