{
  "gen": 3,
  "fitness_penalized": 13936.0,
  "raw_survivors": 13936,
  "num_pulses": 280,
  "length_penalty": 0.0,
  "unique_pairs": [
    [
      0,
      -3
    ],
    [
      0,
      -2
    ],
    [
      0,
      -1
    ],
    [
      1,
      -3
    ],
    [
      1,
      -2
    ],
    [
      1,
      -1
    ],
    [
      2,
      -5
    ],
    [
      2,
      -4
    ],
    [
      2,
      -3
    ],
    [
      2,
      -2
    ],
    [
      2,
      -1
    ]
  ],
  "omega_vector": [
    14322.564859982436,
    18675.733131990357,
    4268.044831409543,
    16156.264546782306,
    14362.873417442443,
    8503.40136054422,
    12121.213982094749,
    15978.707833022649,
    25203.399502108277,
    6820.63653601549,
    4412.785555196459
  ],
  "time_vector": [
    4.913442204173434e-05,
    6.254287665098764e-05,
    7.627614621754508e-05,
    4.858390469625489e-05,
    6.1678507859937e-05,
    7.279499787106427e-05,
    7.892079311646532e-05,
    6.926953167941293e-05,
    4.882288140890995e-05,
    0.0002865015017283776,
    0.0002140026904460556
  ],
  "omega_scales": [
    1.0708871572233019,
    1.0860657113680543,
    0.7528831082606433,
    1.2079914722671075,
    0.8352563310451142,
    1.5,
    1.3090911100662321,
    1.2326431756903182,
    0.9721311236527475,
    1.0523267798423896,
    0.6808297713731678
  ],
  "time_scales": [
    0.545938022685937,
    0.8934696664426807,
    1.0896592316792153,
    0.5398211632917209,
    0.881121540856243,
    1.0399285410152037,
    1.1274399016637904,
    1.3853906335882584,
    0.9764576281781993,
    1.432507508641888,
    1.070013452230278
  ]
}