{
  "gen": 10,
  "score": 15575.296594286736,
  "score_SLM": 16808,
  "score_AOD": 14433,
  "survive_SLM": 0.70954,
  "survive_AOD": 0.72962,
  "nzbar_SLM": 18.468190658736646,
  "nzbar_AOD": 23.712590115402538,
  "num_pulses": 260,
  "unique_pairs": [
    [
      0,
      -3
    ],
    [
      0,
      -2
    ],
    [
      0,
      -1
    ],
    [
      1,
      -3
    ],
    [
      1,
      -2
    ],
    [
      1,
      -1
    ],
    [
      2,
      -10
    ],
    [
      2,
      -9
    ],
    [
      2,
      -8
    ],
    [
      2,
      -7
    ],
    [
      2,
      -6
    ],
    [
      2,
      -5
    ],
    [
      2,
      -4
    ],
    [
      2,
      -3
    ],
    [
      2,
      -2
    ],
    [
      2,
      -1
    ]
  ],
  "omega_vector": [
    20256.068403860332,
    15551.976763666802,
    6572.3110668458075,
    21887.4708877846,
    11474.490234904268,
    6364.98922242164,
    13016.700763557257,
    12050.384103273216,
    27019.56063131931,
    13005.679805816198,
    10682.409428623498,
    17153.6193338591,
    6156.519889219751,
    2948.5433096619095,
    4830.5624378132525,
    497.2056693543558
  ],
  "time_vector": [
    9.525881809493906e-05,
    7.66504865269402e-05,
    0.0001330568999899381,
    6.112592881610226e-05,
    9.727870529293839e-05,
    0.00014153635863425177,
    3.2306417901998676e-05,
    4.213180134451474e-05,
    5.291657410380985e-05,
    2.8705534476421824e-05,
    4.63606117878877e-05,
    0.00013899206832204832,
    0.00011564678493237188,
    0.00018345600404464038,
    0.00024555278059355297,
    4.9598105937150174e-05
  ],
  "detuning_vector": [
    675.5926280680426,
    1826.0087934407843,
    -405.076925956714,
    -1368.250694242416,
    -499.46582962970626,
    -338.60607942987065,
    -623.5184177685726,
    -334.50315266486683,
    1426.2560717241333,
    573.8076309247917,
    252.0291704981804,
    911.7825175634109,
    1182.1847215495284,
    -342.44077411078916,
    1085.4090477521456,
    -1104.3324734719415
  ],
  "omega_scales": [
    1.099751921126386,
    1.0698321394612345,
    0.8379979570092398,
    1.1785032977300658,
    0.9719741310247445,
    1.1249146589624093,
    0.9252307234094006,
    0.6459909119436511,
    1.3251490075214942,
    1.1121103858805745,
    1.0169645041278266,
    1.166067490785454,
    1.2217361021912465,
    1.3030586219902465,
    1.20780175083697,
    0.842517192472088
  ],
  "time_scales": [
    1.2469604157913452,
    0.8161485654250816,
    0.9894409963942586,
    0.8729694241681132,
    0.9300003589745803,
    0.8911911131019978,
    1.2134689553773483,
    0.9849854310835935,
    1.2899770880235106,
    1.3148825505484303,
    0.9425036423214801,
    0.9500810360333023,
    0.9986663891958856,
    0.9839013580128586,
    1.1135676775276706,
    1.0470316258229482
  ],
  "detuning_offsets": [
    675.5926280680426,
    1826.0087934407843,
    -405.076925956714,
    -1368.250694242416,
    -499.46582962970626,
    -338.60607942987065,
    -623.5184177685726,
    -334.50315266486683,
    1426.2560717241333,
    573.8076309247917,
    252.0291704981804,
    911.7825175634109,
    1182.1847215495284,
    -342.44077411078916,
    1085.4090477521456,
    -1104.3324734719415
  ]
}