{
  "gen": 21,
  "score": 3636.3062302286917,
  "score_SLM": 3749,
  "score_AOD": 3527,
  "survive_SLM": 0.6808,
  "survive_AOD": 0.7113,
  "nzbar_SLM": 13.017185663924794,
  "nzbar_AOD": 12.261352453254604,
  "num_pulses": 260,
  "unique_pairs": [
    [
      0,
      -3
    ],
    [
      0,
      -2
    ],
    [
      0,
      -1
    ],
    [
      1,
      -3
    ],
    [
      1,
      -2
    ],
    [
      1,
      -1
    ],
    [
      2,
      -10
    ],
    [
      2,
      -9
    ],
    [
      2,
      -8
    ],
    [
      2,
      -7
    ],
    [
      2,
      -6
    ],
    [
      2,
      -5
    ],
    [
      2,
      -4
    ],
    [
      2,
      -3
    ],
    [
      2,
      -2
    ],
    [
      2,
      -1
    ]
  ],
  "omega_vector": [
    20508.373046875,
    17760.42578125,
    5926.83544921875,
    25809.142578125,
    10060.341796875,
    4332.263671875,
    19377.824671516275,
    24006.805890195577,
    30606.260398232185,
    23907.715170747757,
    16078.174898676873,
    43774.49826860252,
    7944.430252606534,
    2465.673065206262,
    2995.9104968357233,
    116.20902500501661
  ],
  "time_vector": [
    6.814449443481863e-05,
    7.641866250196472e-05,
    0.0001462052168790251,
    5.634267290588468e-05,
    0.00013017933815717697,
    0.0001981102832360193,
    2.0617075297639423e-05,
    5.334845957297352e-05,
    4.4133294492288187e-05,
    1.2093442181582837e-05,
    9.440588106447786e-05,
    0.00015050103362288972,
    0.00016291794587798176,
    0.00019883205225904342,
    0.00023939629256161158,
    5.787165268932331e-05
  ],
  "detuning_vector": [
    0.0,
    0.0,
    0.0,
    0.0,
    0.0,
    0.0,
    -11263.38189635067,
    10937.63833218666,
    -9745.733023290104,
    -13731.81809262195,
    9416.719225653214,
    6746.378827397916,
    220.3153494690696,
    5929.941561124493,
    -6.900707130422234,
    14119.118898714534
  ],
  "omega_scales": [
    1.0,
    1.0,
    1.0,
    1.0,
    1.0,
    1.0,
    1.4070117443985954,
    1.389924346563438,
    1.2538291266249753,
    1.5866941254335567,
    1.5763769291140153,
    1.7821318743661259,
    1.2363617624016123,
    1.2079983205529863,
    0.5430984829417664,
    0.6226282886146071
  ],
  "time_scales": [
    1.0,
    1.0,
    1.0,
    1.0,
    1.0,
    1.0,
    1.2938534775062702,
    1.2998301150228986,
    0.9023414926518429,
    0.7091785230461407,
    1.5838474608394555,
    1.5369871988414472,
    1.2488313846169752,
    1.175932279979413,
    1.4297380515661295,
    1.1435648404509162
  ],
  "detuning_offsets": [
    0.0,
    0.0,
    0.0,
    0.0,
    0.0,
    0.0,
    -11045.17924437313,
    10240.456874667128,
    -10834.624991063542,
    -12866.771950043825,
    9690.652544745011,
    5600.036420171354,
    -97.67537318718041,
    4916.937532804181,
    -450.53498447417223,
    14477.615602816097
  ]
}