{
  "gen": 20,
  "score": 18639.0,
  "n_bar": 19.960764500389757,
  "num_pulses": 260,
  "good": 0.69274,
  "unique_pairs": [
    [
      0,
      -3
    ],
    [
      0,
      -2
    ],
    [
      0,
      -1
    ],
    [
      1,
      -3
    ],
    [
      1,
      -2
    ],
    [
      1,
      -1
    ],
    [
      2,
      -10
    ],
    [
      2,
      -9
    ],
    [
      2,
      -8
    ],
    [
      2,
      -7
    ],
    [
      2,
      -6
    ],
    [
      2,
      -5
    ],
    [
      2,
      -4
    ],
    [
      2,
      -3
    ],
    [
      2,
      -2
    ],
    [
      2,
      -1
    ]
  ],
  "omega_vector": [
    15784.85319805197,
    11027.554787418745,
    5561.509040005093,
    14586.955015822521,
    12396.109258251874,
    6281.172324957449,
    11327.275840200504,
    17829.72555126454,
    13609.241638139083,
    13746.624450183275,
    9996.88507003585,
    15463.372221911042,
    5853.848349066296,
    4962.129079975898,
    5195.155267395545,
    742.8975461403035
  ],
  "time_vector": [
    7.91487225919108e-05,
    0.00010441224865395832,
    0.00013951222034173252,
    8.474207920576205e-05,
    0.00010295249475209065,
    0.00014444629762793673,
    3.700458535258688e-05,
    3.5653138483421425e-05,
    3.973554509017025e-05,
    2.798550885151298e-05,
    6.648350341279056e-05,
    0.00013806345913543349,
    0.00011126119341321066,
    0.00016881782906218883,
    0.00021766443358425637,
    5.28002870337338e-05
  ],
  "omega_scales": [
    0.8800143211422493,
    0.5966546346783791,
    0.6114660264545737,
    1.0359745550827633,
    0.9632004611395688,
    0.7856745029023611,
    1.2042078301089412,
    1.0861352802433721,
    1.0345664993190586,
    1.1893343311068307,
    1.1652664227349654,
    1.1974183984703384,
    1.149644179211644,
    0.8045011942407421,
    1.217493987875724,
    0.9238637446328285
  ],
  "time_scales": [
    1.0043107872385886,
    0.9246764450825429,
    1.1745277469052404,
    1.0757284461960164,
    0.9041039577567433,
    1.0660502777750605,
    0.9188522958140818,
    1.050687091640673,
    0.9910946423292117,
    1.0626456335400887,
    0.9910999146442112,
    1.3055250219076928,
    1.2472476071510845,
    1.3822290568028,
    1.543577819853584,
    1.244764453241053
  ]
}