{
  "gen": 21,
  "fitness": 3322.7245802754214,
  "score_list": [
    3475,
    3404,
    4087,
    3284,
    3164
  ],
  "num_pulses": 200,
  "unique_pairs": [
    [
      0,
      -3
    ],
    [
      0,
      -2
    ],
    [
      0,
      -1
    ],
    [
      1,
      -3
    ],
    [
      1,
      -2
    ],
    [
      1,
      -1
    ],
    [
      2,
      -5
    ],
    [
      2,
      -4
    ],
    [
      2,
      -3
    ],
    [
      2,
      -2
    ]
  ],
  "omega_vector": [
    24999.261965499853,
    11855.313752459884,
    2347.590500000108,
    28002.960544294947,
    14091.875750111943,
    993.243170901028,
    10311.925003974904,
    12587.172036119702,
    3430.26690909681,
    3241.24032814304
  ],
  "time_vector": [
    7.168163151824393e-05,
    0.00011004184313352065,
    3.439968474124092e-05,
    6.790552068124178e-05,
    7.362582379917256e-05,
    4.5053290299200135e-05,
    5.798264651708538e-05,
    7.003378705557966e-05,
    0.0002508829554392834,
    9.515912935893492e-05
  ],
  "omega_scales": [
    1.0201266978643937,
    0.48377116441011003,
    0.17187321569318875,
    1.6647777955298735,
    0.8377629147119492,
    0.1,
    2.2495456463984103,
    2.7458906114431825,
    1.4532507576447173,
    1.37316864471713
  ],
  "time_scales": [
    1.0240233074034848,
    1.5720263304788664,
    0.6879936948248184,
    0.9700788668748828,
    1.051797482845322,
    0.9010658059840027,
    1.1596529303417076,
    1.4006757411115935,
    1.2544147771964171,
    0.47579564679467456
  ]
}