{
  "gen": 27,
  "score": 18896.0,
  "n_bar": 18.484899868440287,
  "num_pulses": 260,
  "good": 0.6841,
  "unique_pairs": [
    [
      0,
      -3
    ],
    [
      0,
      -2
    ],
    [
      0,
      -1
    ],
    [
      1,
      -3
    ],
    [
      1,
      -2
    ],
    [
      1,
      -1
    ],
    [
      2,
      -10
    ],
    [
      2,
      -9
    ],
    [
      2,
      -8
    ],
    [
      2,
      -7
    ],
    [
      2,
      -6
    ],
    [
      2,
      -5
    ],
    [
      2,
      -4
    ],
    [
      2,
      -3
    ],
    [
      2,
      -2
    ],
    [
      2,
      -1
    ]
  ],
  "omega_vector": [
    20524.14748981635,
    9012.354224113133,
    5977.107089895989,
    18600.288930072384,
    7696.542976674449,
    7252.328190443877,
    13650.558504484614,
    22589.56161590993,
    13379.358664034844,
    13461.529533826959,
    10364.334042812514,
    16466.38523374753,
    6175.81723425253,
    4664.024283697349,
    6106.828880689833,
    850.8141504949941
  ],
  "time_vector": [
    7.395580774878925e-05,
    9.393474671890067e-05,
    0.00016202216969498975,
    8.91659482849062e-05,
    0.00012536308596467445,
    0.0001361788071355133,
    4.409649844379363e-05,
    3.649344325412853e-05,
    4.151863239597813e-05,
    2.9108526284795786e-05,
    3.1273828714494614e-05,
    0.00012287882974211053,
    0.00011970603610426492,
    0.00019706663975307563,
    0.0002196226457440811,
    6.699075755805136e-05
  ],
  "omega_scales": [
    1.144232606642369,
    0.4876206031925814,
    0.6571593960672253,
    1.3210040085707382,
    0.5980355279119878,
    0.9071506163382284,
    1.4511970634741422,
    1.376090718038626,
    1.0170909316058971,
    1.1646684087289136,
    1.2080973592762378,
    1.2750875004645557,
    1.2128760281885067,
    0.7561699918980269,
    1.431146340107957,
    1.0580683045013768
  ],
  "time_scales": [
    0.9384183732694038,
    0.831887530299533,
    1.3640348741810557,
    1.1318856924576677,
    1.1009083602120229,
    1.0050341030396404,
    1.0949499486719518,
    1.0754506163451412,
    1.0355688850149773,
    1.1052880445892934,
    0.4662132315303072,
    1.1619395015569978,
    1.3419150245682891,
    1.6135217299403124,
    1.5574645757498018,
    1.5793041740601863
  ]
}