{
  "gen": 4,
  "score": 17760.0,
  "n_bar": 14.506912044237083,
  "num_pulses": 260,
  "good": 0.69444,
  "unique_pairs": [
    [
      0,
      -3
    ],
    [
      0,
      -2
    ],
    [
      0,
      -1
    ],
    [
      1,
      -3
    ],
    [
      1,
      -2
    ],
    [
      1,
      -1
    ],
    [
      2,
      -10
    ],
    [
      2,
      -9
    ],
    [
      2,
      -8
    ],
    [
      2,
      -7
    ],
    [
      2,
      -6
    ],
    [
      2,
      -5
    ],
    [
      2,
      -4
    ],
    [
      2,
      -3
    ],
    [
      2,
      -2
    ],
    [
      2,
      -1
    ]
  ],
  "omega_vector": [
    16146.676565631411,
    8773.28480781822,
    10317.784456158131,
    17581.720127226876,
    15681.554771598596,
    7231.333394208756,
    9725.749621149595,
    19798.51528210571,
    18147.026611449855,
    15772.204012745462,
    9792.257319861423,
    13269.989968584996,
    8649.061104809927,
    9954.88787949492,
    4358.438549760211,
    645.9038685582051
  ],
  "time_vector": [
    8.301265621575976e-05,
    0.0001794186150166269,
    0.00010653808556260982,
    8.435783362999639e-05,
    0.00010531544297673494,
    9.116196042759602e-05,
    3.9785903559777555e-05,
    3.947479124851349e-05,
    3.784228511166645e-05,
    2.24358075032005e-05,
    8.733092156609243e-05,
    0.0001316098279804142,
    8.764913221327809e-05,
    0.00014077848749662988,
    0.0001474106649949443,
    2.3729464114098366e-05
  ],
  "omega_scales": [
    0.9001861745765987,
    0.47468556201691176,
    1.1343997857128358,
    1.2486646230578284,
    1.2184856129220047,
    0.9045245020967795,
    1.033948851664947,
    1.2060682528457343,
    1.3795262288417018,
    1.3645839949696887,
    1.1414144083557298,
    1.0275721173797605,
    1.698599307987976,
    1.6139683306314252,
    1.0214079190589922,
    0.8032428829241495
  ],
  "time_scales": [
    1.053339881992444,
    1.5889339541479015,
    0.8969245653817389,
    1.0708507762113981,
    0.9248547986860428,
    0.6727983675059734,
    0.9879145646036442,
    1.1633100303163872,
    0.9438724432383624,
    0.8519163615970141,
    1.3018818874894416,
    1.2444996281662841,
    0.9825543576175585,
    1.1526514531762486,
    1.0453698344244382,
    0.5594210767228868
  ]
}