{
  "gen": 30,
  "score": -43.875745941971616,
  "n_bar": 14.231745941971608,
  "num_pulses": 480,
  "good": 0.70724,
  "survive": 0.99264,
  "unique_pairs": [
    [
      0,
      -3
    ],
    [
      0,
      -2
    ],
    [
      0,
      -1
    ],
    [
      1,
      -3
    ],
    [
      1,
      -2
    ],
    [
      1,
      -1
    ],
    [
      2,
      -10
    ],
    [
      2,
      -9
    ],
    [
      2,
      -8
    ],
    [
      2,
      -7
    ],
    [
      2,
      -6
    ],
    [
      2,
      -5
    ],
    [
      2,
      -4
    ],
    [
      2,
      -3
    ],
    [
      2,
      -2
    ],
    [
      2,
      -1
    ]
  ],
  "omega_vector": [
    20056.506248836078,
    19591.285749972427,
    7744.258099897171,
    20070.256147065753,
    9925.257716321763,
    5539.405363759971,
    15290.02548510541,
    17919.411500889993,
    18595.188051792415,
    11040.221261445888,
    9441.693687581172,
    8887.789866313651,
    2235.2994489401067,
    559.1234550953084,
    1000.960187539301,
    784.341254668361
  ],
  "time_vector": [
    8.107010152098096e-05,
    8.283018598229054e-05,
    0.00011899929372494542,
    8.58190466827945e-05,
    0.00012554289866642223,
    0.00012299698548660007,
    2.8070213779298206e-05,
    4.377056996181868e-05,
    4.271717419351165e-05,
    2.4659103278575463e-05,
    3.203363395358999e-05,
    8.046740980452842e-05,
    5.8632462338551846e-05,
    6.408128960854874e-05,
    4.289255477710087e-05,
    3.624308439171193e-05
  ],
  "omega_scales": [
    1.253531640552255,
    1.5070219807671097,
    0.8604731222107967,
    1.2543910091916095,
    0.7634813627939817,
    0.615489484862219,
    1.2741687904254508,
    1.4932842917408329,
    2.066132005754713,
    1.2266912512717654,
    1.573615614596862,
    1.4812983110522753,
    0.5588248622350267,
    0.1397808637738271,
    0.33365339584643366,
    0.2614470848894537
  ],
  "time_scales": [
    1.0133762690122619,
    0.9203353998032282,
    0.9916607810412118,
    1.0727380835349312,
    1.3949210962935803,
    1.0249748790550006,
    0.9356737926432735,
    1.4590189987272892,
    1.4239058064503882,
    0.8219701092858487,
    0.6406726790717998,
    1.6093481960905682,
    0.8376066048364552,
    0.9154469944078395,
    0.4765839419677874,
    0.40270093768568815
  ]
}