{
  "gen": 12,
  "fitness": 2975.867387722672,
  "score_list": [
    3093,
    3224,
    3981,
    2963,
    2697
  ],
  "num_pulses": 200,
  "unique_pairs": [
    [
      0,
      -3
    ],
    [
      0,
      -2
    ],
    [
      0,
      -1
    ],
    [
      1,
      -3
    ],
    [
      1,
      -2
    ],
    [
      1,
      -1
    ],
    [
      2,
      -5
    ],
    [
      2,
      -4
    ],
    [
      2,
      -3
    ],
    [
      2,
      -2
    ]
  ],
  "omega_vector": [
    27178.323225502016,
    18104.304106801595,
    9863.212655559544,
    16508.47326044424,
    11684.514409461177,
    1913.9354820259127,
    9969.395153117164,
    11859.341464732246,
    3566.990165677816,
    2841.754035315015
  ],
  "time_vector": [
    6.624370147308427e-05,
    9.918251783561361e-05,
    6.789540990117932e-05,
    9.754526420987649e-05,
    7.557352890124581e-05,
    7.040338026300935e-05,
    5.646270342660892e-05,
    6.814003332422354e-05,
    0.00040477425011507595,
    0.00011154687164556193
  ],
  "omega_scales": [
    1.1090460655912475,
    0.7387691681095204,
    0.7221114909847762,
    0.981429791275599,
    0.6946451290266453,
    0.19269555916399322,
    2.1748227857820357,
    2.587114428281532,
    1.5111742899760006,
    1.2039241593444547
  ],
  "time_scales": [
    0.9463385924726326,
    1.4168931119373371,
    1.3579081980235863,
    1.393503774426807,
    1.0796218414463687,
    1.4080676052601868,
    1.1292540685321784,
    1.3628006664844712,
    2.0238712505753798,
    0.5577343582278096
  ]
}