{
  "gen": 11,
  "fitness": 2735.074810241762,
  "score_list": [
    2641,
    2934,
    3272,
    2748,
    2665
  ],
  "num_pulses": 200,
  "unique_pairs": [
    [
      0,
      -3
    ],
    [
      0,
      -2
    ],
    [
      0,
      -1
    ],
    [
      1,
      -3
    ],
    [
      1,
      -2
    ],
    [
      1,
      -1
    ],
    [
      2,
      -5
    ],
    [
      2,
      -4
    ],
    [
      2,
      -3
    ],
    [
      2,
      -2
    ]
  ],
  "omega_vector": [
    39884.51937994746,
    11312.750237746077,
    7292.775057857375,
    15996.411426560227,
    15265.950973970843,
    993.243170901028,
    8938.406813824346,
    10143.89771247582,
    1339.1869915772475,
    2222.185167438696
  ],
  "time_vector": [
    8.122472288196038e-05,
    0.00010072332433773345,
    2.2948666399949825e-05,
    6.483182228864267e-05,
    7.926504387383609e-05,
    5.8442114803734296e-05,
    6.933018647650348e-05,
    7.08914216903273e-05,
    0.00024533516325975246,
    0.00033081675399117993
  ],
  "omega_scales": [
    1.6275385692235451,
    0.46163116974104623,
    0.5339230587791908,
    0.9509876824978512,
    0.9075617618684962,
    0.1,
    1.9499127588714744,
    2.2128905056829593,
    0.5673536671378183,
    0.9414405245384937
  ],
  "time_scales": [
    1.1603531840280055,
    1.438904633396192,
    0.4589733279989965,
    0.9261688898377525,
    1.1323577696262297,
    1.1688422960746858,
    1.3866037295300695,
    1.4178284338065466,
    1.2266758162987623,
    1.6540837699558997
  ]
}