{
  "gen": 16,
  "score": 3633.8269083708433,
  "score_SLM": 3937,
  "score_AOD": 3354,
  "survive_SLM": 0.6933,
  "survive_AOD": 0.6999,
  "nzbar_SLM": 16.789989903360738,
  "nzbar_AOD": 14.071867409629947,
  "num_pulses": 260,
  "unique_pairs": [
    [
      0,
      -3
    ],
    [
      0,
      -2
    ],
    [
      0,
      -1
    ],
    [
      1,
      -3
    ],
    [
      1,
      -2
    ],
    [
      1,
      -1
    ],
    [
      2,
      -10
    ],
    [
      2,
      -9
    ],
    [
      2,
      -8
    ],
    [
      2,
      -7
    ],
    [
      2,
      -6
    ],
    [
      2,
      -5
    ],
    [
      2,
      -4
    ],
    [
      2,
      -3
    ],
    [
      2,
      -2
    ],
    [
      2,
      -1
    ]
  ],
  "omega_vector": [
    20508.373046875,
    17760.42578125,
    5926.83544921875,
    25809.142578125,
    10060.341796875,
    4332.263671875,
    16550.75332716438,
    17364.89018102252,
    34085.137019383874,
    24343.315082673424,
    12637.181101038295,
    37327.173750945585,
    6350.00459775581,
    2273.197163643451,
    5346.579565453642,
    179.8205761852772
  ],
  "time_vector": [
    6.814449443481863e-05,
    7.641866250196472e-05,
    0.0001462052168790251,
    5.634267290588468e-05,
    0.00013017933815717697,
    0.0001981102832360193,
    1.4433969447943037e-05,
    3.382443196495326e-05,
    5.1549778247370035e-05,
    1.5953672870730154e-05,
    6.478479677752114e-05,
    0.0001134828732556363,
    0.00011323820768413049,
    0.00018251549285538282,
    0.00021770581402466173,
    4.8516722256670766e-05
  ],
  "detuning_vector": [
    0.0,
    0.0,
    0.0,
    0.0,
    0.0,
    0.0,
    -1005.2839015062713,
    4259.83391583708,
    4004.115286455366,
    4275.472203842703,
    3247.645548112828,
    4745.118178898225,
    1366.399640067508,
    4616.11093386748,
    -304.4662287576026,
    -1619.9823073960956
  ],
  "omega_scales": [
    1.0,
    1.0,
    1.0,
    1.0,
    1.0,
    1.0,
    1.2017398601089853,
    1.0053767147699033,
    1.3963462711169763,
    1.6156037814318638,
    1.2390063463205505,
    1.5196506813940096,
    0.9882273021610162,
    1.1136992956271707,
    0.9692276368043125,
    0.963448214139121
  ],
  "time_scales": [
    1.0,
    1.0,
    1.0,
    1.0,
    1.0,
    1.0,
    0.90582399757635,
    0.8241290497141687,
    1.0539776009183148,
    0.9355485389309459,
    1.0868945315705105,
    1.1589403692648899,
    0.8680162699794355,
    1.0794329043356479,
    1.3001967700821049,
    0.9587080231577167
  ],
  "detuning_offsets": [
    0.0,
    0.0,
    0.0,
    0.0,
    0.0,
    0.0,
    -787.0812495287322,
    3562.6524583175487,
    2915.2233186819285,
    5140.518346420828,
    3521.5788672046247,
    3598.7757716716624,
    1048.408917411258,
    3603.1069055471676,
    -748.1005061013526,
    -1261.4856032945331
  ]
}