{
  "rank": 3,
  "fitness_penalized": 285.0,
  "raw_survivors": 285,
  "num_pulses": 280,
  "length_penalty": 0.0,
  "unique_pairs": [
    [
      0,
      -3
    ],
    [
      0,
      -2
    ],
    [
      0,
      -1
    ],
    [
      1,
      -3
    ],
    [
      1,
      -2
    ],
    [
      1,
      -1
    ],
    [
      2,
      -5
    ],
    [
      2,
      -4
    ],
    [
      2,
      -3
    ],
    [
      2,
      -2
    ],
    [
      2,
      -1
    ]
  ],
  "omega_vector": [
    14536.524149402501,
    18013.376410137465,
    4995.294834810891,
    9506.4296076029,
    17443.831640285796,
    5068.6023706759615,
    9690.141132138348,
    13019.616673579301,
    34231.4461031455,
    6171.205668090525,
    5154.725472527214
  ],
  "time_vector": [
    9.32269614292137e-05,
    7.30799535756047e-05,
    8.902862605336613e-05,
    0.00010503200242646241,
    7.499619482809312e-05,
    9.048624047707388e-05,
    5.335731723948008e-05,
    4.3602484672502524e-05,
    4.073424058594474e-05,
    0.0001844076078737693,
    0.00014493255409774765
  ],
  "omega_scales": [
    1.0868847287091714,
    1.0475471204664555,
    0.8811700088606411,
    0.710788429122309,
    1.014425901542774,
    0.8941014581872395,
    1.0465352422709409,
    1.0043704291046887,
    1.320355778264183,
    0.9521288745053952,
    0.795300501475627
  ],
  "time_scales": [
    1.0358551269912633,
    1.043999336794353,
    1.2718375150480874,
    1.1670222491829156,
    1.071374211829902,
    1.2926605782439125,
    0.7622473891354298,
    0.8720496934500505,
    0.814684811718895,
    0.9220380393688464,
    0.7246627704887383
  ]
}