{
  "rank": 4,
  "fitness_penalized": 277.0,
  "raw_survivors": 277,
  "num_pulses": 280,
  "length_penalty": 0.0,
  "unique_pairs": [
    [
      0,
      -3
    ],
    [
      0,
      -2
    ],
    [
      0,
      -1
    ],
    [
      1,
      -3
    ],
    [
      1,
      -2
    ],
    [
      1,
      -1
    ],
    [
      2,
      -5
    ],
    [
      2,
      -4
    ],
    [
      2,
      -3
    ],
    [
      2,
      -2
    ],
    [
      2,
      -1
    ]
  ],
  "omega_vector": [
    13305.103075448957,
    19176.202669868333,
    5731.517164795125,
    14288.767618649194,
    16365.284704810916,
    5086.483078135245,
    8176.322842620653,
    12243.680010013019,
    33086.38808864876,
    6052.807903932849,
    6828.9084366243305
  ],
  "time_vector": [
    7.88839962747429e-05,
    7.577513953356082e-05,
    7.378573474303586e-05,
    8.890845951440629e-05,
    6.959610257486186e-05,
    6.741462235495856e-05,
    7.425470111059044e-05,
    4.8768997255012833e-05,
    4.5715798083345015e-05,
    0.00017683564358451025,
    0.00020247620824012056
  ],
  "omega_scales": [
    0.9948123222566448,
    1.1151699398784967,
    1.01103962786986,
    1.0683601634866933,
    0.9517042489874654,
    0.8972556149830571,
    0.88304286700303,
    0.9445124579152897,
    1.2761892548478802,
    0.9338617908924964,
    1.053603015936325
  ],
  "time_scales": [
    0.8764888474971433,
    1.0825019933365834,
    1.0540819249005122,
    0.9878717723822921,
    0.9942300367837409,
    0.963066033642265,
    1.0607814444370063,
    0.9753799451002566,
    0.9143159616669005,
    0.8841782179225512,
    1.0123810412006027
  ]
}