{
  "rank": 5,
  "fitness_penalized": 275.0,
  "raw_survivors": 275,
  "num_pulses": 280,
  "length_penalty": 0.0,
  "unique_pairs": [
    [
      0,
      -3
    ],
    [
      0,
      -2
    ],
    [
      0,
      -1
    ],
    [
      1,
      -3
    ],
    [
      1,
      -2
    ],
    [
      1,
      -1
    ],
    [
      2,
      -5
    ],
    [
      2,
      -4
    ],
    [
      2,
      -3
    ],
    [
      2,
      -2
    ],
    [
      2,
      -1
    ]
  ],
  "omega_vector": [
    13300.00532771192,
    21295.513964136564,
    5754.054855015405,
    15088.930661865168,
    16309.09551185338,
    4907.911744521191,
    8554.942412504593,
    11802.030193042443,
    29801.973486941017,
    5845.394548924431,
    7220.984975626492
  ],
  "time_vector": [
    8.486331451969064e-05,
    7.726688264667857e-05,
    7.160357878244624e-05,
    8.827205832774809e-05,
    6.983322205924204e-05,
    6.341834990903e-05,
    7.199030971015868e-05,
    4.6681167941579374e-05,
    4.2028144278982484e-05,
    0.00017204685344270496,
    0.00020442730846876423
  ],
  "omega_scales": [
    0.9944311675796911,
    1.23841604283748,
    1.0150152764247173,
    1.1281877387179184,
    0.9484366313047041,
    0.865755631733538,
    0.9239337805504956,
    0.9104423291775596,
    1.149504691639153,
    0.9018608732626263,
    1.1140948248109441
  ],
  "time_scales": [
    0.9429257168854515,
    1.1038126092382654,
    1.0229082683206605,
    0.9808006480860898,
    0.9976174579891721,
    0.9059764272718569,
    1.0284329958594098,
    0.9336233588315874,
    0.8405628855796499,
    0.8602342672135248,
    1.0221365423438211
  ]
}