{
  "gen": 4,
  "score": 3572.8968638907,
  "score_SLM": 3737,
  "score_AOD": 3416,
  "survive_SLM": 0.7081,
  "survive_AOD": 0.7331,
  "nzbar_SLM": 17.889846066939697,
  "nzbar_AOD": 15.458054835629518,
  "num_pulses": 260,
  "unique_pairs": [
    [
      0,
      -3
    ],
    [
      0,
      -2
    ],
    [
      0,
      -1
    ],
    [
      1,
      -3
    ],
    [
      1,
      -2
    ],
    [
      1,
      -1
    ],
    [
      2,
      -10
    ],
    [
      2,
      -9
    ],
    [
      2,
      -8
    ],
    [
      2,
      -7
    ],
    [
      2,
      -6
    ],
    [
      2,
      -5
    ],
    [
      2,
      -4
    ],
    [
      2,
      -3
    ],
    [
      2,
      -2
    ],
    [
      2,
      -1
    ]
  ],
  "omega_vector": [
    20508.373046875,
    17760.42578125,
    5926.83544921875,
    25809.142578125,
    10060.341796875,
    4332.263671875,
    17918.363484205172,
    20345.49253419554,
    25631.053974890434,
    16715.940294528475,
    11893.116492901589,
    34519.774817455596,
    5909.398828391304,
    2098.7295329543135,
    5612.078545476806,
    161.8995342231515
  ],
  "time_vector": [
    6.814449443481863e-05,
    7.641866250196472e-05,
    0.0001462052168790251,
    5.634267290588468e-05,
    0.00013017933815717697,
    0.0001981102832360193,
    2.1314471241324137e-05,
    3.891815990069311e-05,
    3.3599123078664124e-05,
    1.714768016060176e-05,
    5.190238157785349e-05,
    0.00010036746775175913,
    0.0001394699052155825,
    0.0002663737797259078,
    0.00014889883166937221,
    4.6889177272734555e-05
  ],
  "detuning_vector": [
    0.0,
    0.0,
    0.0,
    0.0,
    0.0,
    0.0,
    3099.0193016981952,
    -2860.4108525278193,
    576.0051780827224,
    -4090.922123385709,
    1322.3195613901387,
    4217.275892996922,
    3708.771899703094,
    848.7967789322698,
    -663.8969611087427,
    -3927.7125721832977
  ],
  "omega_scales": [
    1.0,
    1.0,
    1.0,
    1.0,
    1.0,
    1.0,
    1.3010411792887215,
    1.1779449355089806,
    1.0500126968033867,
    1.1093943556295451,
    1.1660548894898695,
    1.4053568500236449,
    0.9196574855455213,
    1.028222997963309,
    1.0173572766668724,
    0.8674303042858441
  ],
  "time_scales": [
    1.0,
    1.0,
    1.0,
    1.0,
    1.0,
    1.0,
    1.3376195381093736,
    0.9482372436827586,
    0.6869616968180903,
    1.0055670095717542,
    0.8707662525543153,
    1.0249996920361588,
    1.0690927503666354,
    1.5753874818519042,
    0.889263251295558,
    0.926547144154082
  ],
  "detuning_offsets": [
    0.0,
    0.0,
    0.0,
    0.0,
    0.0,
    0.0,
    3317.2219536757343,
    -3557.5923100473506,
    -512.8867896907151,
    -3225.875980807584,
    1596.2528804819356,
    3070.9334857703598,
    3390.781177046844,
    -164.20724938804267,
    -1107.5312384524927,
    -3569.215868081735
  ]
}