{
  "gen": 25,
  "fitness": 2387.492774703639,
  "score_list": [
    2182,
    2906,
    3038,
    2674,
    2089
  ],
  "num_pulses": 200,
  "unique_pairs": [
    [
      0,
      -3
    ],
    [
      0,
      -2
    ],
    [
      0,
      -1
    ],
    [
      1,
      -3
    ],
    [
      1,
      -2
    ],
    [
      1,
      -1
    ],
    [
      2,
      -5
    ],
    [
      2,
      -4
    ],
    [
      2,
      -3
    ],
    [
      2,
      -2
    ]
  ],
  "omega_vector": [
    20228.66363361978,
    19699.9532355293,
    1365.885016191701,
    16659.124619422273,
    13385.701448185715,
    4969.280215312647,
    6876.005174968068,
    6674.585708114997,
    3144.411674583934,
    3540.614265348371
  ],
  "time_vector": [
    7.233773161495901e-05,
    9.895559656035823e-05,
    4.5244258513111284e-05,
    8.071694179285755e-05,
    0.00013249159014941858,
    1.0644969920111253e-05,
    7.592265198750056e-05,
    6.76005243762697e-05,
    0.0001383622989098847,
    0.00014614073024591065
  ],
  "omega_scales": [
    0.8254563620019048,
    0.8038816613857452,
    0.1,
    0.9903860242030538,
    0.7957808072929498,
    0.5003085207024104,
    1.5,
    1.456060358799685,
    1.3321466724113251,
    1.5
  ],
  "time_scales": [
    1.033396165927986,
    1.413651379433689,
    0.9048851702622256,
    1.1530991684693936,
    1.892737002134551,
    0.21289939840222505,
    1.5184530397500111,
    1.3520104875253944,
    0.6918114945494234,
    0.7307036512295533
  ]
}