{
  "gen": 14,
  "score": 3672.5099046837163,
  "score_SLM": 3733,
  "score_AOD": 3613,
  "survive_SLM": 0.699,
  "survive_AOD": 0.7248,
  "nzbar_SLM": 15.456938483547926,
  "nzbar_AOD": 16.001793598233995,
  "num_pulses": 260,
  "unique_pairs": [
    [
      0,
      -3
    ],
    [
      0,
      -2
    ],
    [
      0,
      -1
    ],
    [
      1,
      -3
    ],
    [
      1,
      -2
    ],
    [
      1,
      -1
    ],
    [
      2,
      -10
    ],
    [
      2,
      -9
    ],
    [
      2,
      -8
    ],
    [
      2,
      -7
    ],
    [
      2,
      -6
    ],
    [
      2,
      -5
    ],
    [
      2,
      -4
    ],
    [
      2,
      -3
    ],
    [
      2,
      -2
    ],
    [
      2,
      -1
    ]
  ],
  "omega_vector": [
    20508.373046875,
    17760.42578125,
    5926.83544921875,
    25809.142578125,
    10060.341796875,
    4332.263671875,
    17628.598665457972,
    18416.04228822911,
    38928.70609072171,
    14445.925872253563,
    9221.530382166276,
    42052.691164266136,
    7289.086004364352,
    2229.4886846531194,
    6115.036146797278,
    170.36793082918112
  ],
  "time_vector": [
    6.814449443481863e-05,
    7.641866250196472e-05,
    0.0001462052168790251,
    5.634267290588468e-05,
    0.00013017933815717697,
    0.0001981102832360193,
    1.416268564789139e-05,
    4.1234661062323695e-05,
    6.037574746539517e-05,
    1.1239877161150421e-05,
    4.223376988986571e-05,
    0.00011195032943856407,
    0.00014678585938370385,
    0.000260400446422986,
    0.00017445149657634325,
    6.0961936304429125e-05
  ],
  "detuning_vector": [
    0.0,
    0.0,
    0.0,
    0.0,
    0.0,
    0.0,
    -2621.1612276161077,
    -714.6711154757074,
    1997.3930559251614,
    4134.953857421875,
    248.72547602596205,
    674.5187808673136,
    1785.6314976046997,
    -2337.059229857757,
    898.2219929026925,
    -5358.4967041015625
  ],
  "omega_scales": [
    1.0,
    1.0,
    1.0,
    1.0,
    1.0,
    1.0,
    1.2800015368106816,
    1.0662353692877282,
    1.5947699889918343,
    0.9587392837103326,
    0.9041205135022591,
    1.7120342731710303,
    1.1343730049988237,
    1.0922853580053031,
    1.1085334017713055,
    0.9128025400988058
  ],
  "time_scales": [
    1.0,
    1.0,
    1.0,
    1.0,
    1.0,
    1.0,
    0.8887992022054892,
    1.0046785729259065,
    1.23443179836518,
    0.659124124023506,
    0.7085559548568324,
    1.1432893124461985,
    1.1251724727344343,
    1.5400600013467471,
    1.0418705324923319,
    1.2046299651714434
  ],
  "detuning_offsets": [
    0.0,
    0.0,
    0.0,
    0.0,
    0.0,
    0.0,
    -2402.9585756385686,
    -1411.8525729952387,
    908.5010881517239,
    5000.0,
    522.6587951177589,
    -471.8236263592489,
    1467.6407749484497,
    -3350.0632581780696,
    454.5877155589425,
    -5000.0
  ]
}