{
  "gen": 7,
  "score": -55.345685162551945,
  "n_bar": 20.417685162551944,
  "num_pulses": 480,
  "good": 0.65456,
  "survive": 0.99232,
  "unique_pairs": [
    [
      0,
      -3
    ],
    [
      0,
      -2
    ],
    [
      0,
      -1
    ],
    [
      1,
      -3
    ],
    [
      1,
      -2
    ],
    [
      1,
      -1
    ],
    [
      2,
      -10
    ],
    [
      2,
      -9
    ],
    [
      2,
      -8
    ],
    [
      2,
      -7
    ],
    [
      2,
      -6
    ],
    [
      2,
      -5
    ],
    [
      2,
      -4
    ],
    [
      2,
      -3
    ],
    [
      2,
      -2
    ],
    [
      2,
      -1
    ]
  ],
  "omega_vector": [
    17176.079192283043,
    10396.088649298319,
    11292.775528233824,
    13724.440917382499,
    9006.448463564568,
    6336.776586133869,
    15318.347518544266,
    14059.805787515768,
    11109.364516807147,
    12720.204390169207,
    4818.539011290821,
    9460.114914733273,
    3804.673715235177,
    2894.5252561863335,
    2272.1317333641987,
    1360.473977700552
  ],
  "time_vector": [
    6.660602371551017e-05,
    6.0936155569628307e-05,
    7.980876825339957e-05,
    8.143680027237353e-05,
    0.00010861367393024185,
    0.00012168920084635793,
    2.7767432663863443e-05,
    3.766995462067374e-05,
    4.953699275615132e-05,
    4.1941585735599696e-05,
    5.142849900085638e-05,
    4.763621148126019e-05,
    7.261869177591761e-05,
    7.522275856143702e-05,
    5.420077733222779e-05,
    6.314766064383774e-05
  ],
  "omega_scales": [
    1.0735049495176903,
    0.7996991268691015,
    1.2547528364704248,
    0.8577775573364061,
    0.6928037279665051,
    0.7040862873482077,
    1.2765289598786889,
    1.1716504822929807,
    1.234373835200794,
    1.4133560433521342,
    0.8030898352151368,
    1.576685819122212,
    0.9511684288087943,
    0.7236313140465834,
    0.7573772444547329,
    0.45349132590018404
  ],
  "time_scales": [
    0.832575296443877,
    0.6770683952180923,
    0.6650730687783297,
    1.017960003404669,
    1.2068185992249094,
    1.0140766737196494,
    0.9255810887954481,
    1.255665154022458,
    1.6512330918717104,
    1.398052857853323,
    1.0285699800171275,
    0.9527242296252036,
    1.037409882513109,
    1.0746108365919578,
    0.6022308592469754,
    0.7016406738204193
  ]
}