{
  "gen": 8,
  "score": -53.9708526879218,
  "n_bar": 22.438852687921806,
  "num_pulses": 480,
  "good": 0.68752,
  "survive": 0.99432,
  "unique_pairs": [
    [
      0,
      -3
    ],
    [
      0,
      -2
    ],
    [
      0,
      -1
    ],
    [
      1,
      -3
    ],
    [
      1,
      -2
    ],
    [
      1,
      -1
    ],
    [
      2,
      -10
    ],
    [
      2,
      -9
    ],
    [
      2,
      -8
    ],
    [
      2,
      -7
    ],
    [
      2,
      -6
    ],
    [
      2,
      -5
    ],
    [
      2,
      -4
    ],
    [
      2,
      -3
    ],
    [
      2,
      -2
    ],
    [
      2,
      -1
    ]
  ],
  "omega_vector": [
    17389.543611647146,
    17969.578214733356,
    7915.8477982551185,
    13053.532050281974,
    12255.957252965378,
    3847.4971567895454,
    12535.585571583775,
    8399.778590042737,
    15274.502938412748,
    7192.23554367231,
    6534.918863824604,
    7344.317423801464,
    1915.6101383597832,
    1873.1411571120836,
    1768.4282925281407,
    812.6340426035952
  ],
  "time_vector": [
    7.510271609354357e-05,
    6.24385784525666e-05,
    0.00012734072307496206,
    7.767953535932412e-05,
    9.085924424775594e-05,
    0.0001349798430482587,
    3.3980302715267055e-05,
    4.63338547311881e-05,
    4.718119880392621e-05,
    2.950052480204149e-05,
    3.252689234646548e-05,
    6.362278078419353e-05,
    9.999584626094178e-05,
    5.25615613418366e-05,
    4.106719506452947e-05,
    7.858234607450362e-05
  ],
  "omega_scales": [
    1.0868464757279466,
    1.3822752472871813,
    0.8795386442505687,
    0.8158457531426234,
    0.9427659425357983,
    0.42749968408772726,
    1.0446321309653146,
    0.699981549170228,
    1.697166993156972,
    0.7991372826302566,
    1.0891531439707673,
    1.2240529039669108,
    0.4789025345899458,
    0.46828528927802093,
    0.5894760975093802,
    0.2708780142011984
  ],
  "time_scales": [
    0.9387839511692946,
    0.6937619828062955,
    1.0611726922913505,
    0.9709941919915513,
    1.0095471583083993,
    1.1248320254021558,
    1.1326767571755685,
    1.5444618243729367,
    1.57270662679754,
    0.9833508267347162,
    0.6505378469293095,
    1.2724556156838707,
    1.4285120894420258,
    0.7508794477405231,
    0.45630216738366075,
    0.8731371786055957
  ]
}