{
  "gen": 24,
  "fitness": 2388.460232219651,
  "score_list": [
    2019,
    2954,
    3456,
    2821,
    2066
  ],
  "num_pulses": 200,
  "unique_pairs": [
    [
      0,
      -3
    ],
    [
      0,
      -2
    ],
    [
      0,
      -1
    ],
    [
      1,
      -3
    ],
    [
      1,
      -2
    ],
    [
      1,
      -1
    ],
    [
      2,
      -5
    ],
    [
      2,
      -4
    ],
    [
      2,
      -3
    ],
    [
      2,
      -2
    ]
  ],
  "omega_vector": [
    23475.782437958103,
    15520.996852347636,
    1365.885016191701,
    24290.118283951215,
    9509.510607813721,
    4586.299937844221,
    6876.005174968068,
    6876.005174968068,
    3344.8862326781023,
    2372.8817145435455
  ],
  "time_vector": [
    6.597116055948888e-05,
    8.027715838566636e-05,
    9.916934469786954e-06,
    7.516835863212727e-05,
    0.00012281018852857204,
    1.3772958443701408e-05,
    5.8302089590017125e-05,
    7.690308099181271e-05,
    0.00020305470855671684,
    0.0002450012163310397
  ],
  "omega_scales": [
    0.9579591770055796,
    0.6333540281469051,
    0.1,
    1.4440490856654997,
    0.5653410138975243,
    0.46174995934618157,
    1.5,
    1.5,
    1.4170787815326964,
    1.0052839154634954
  ],
  "time_scales": [
    0.9424451508498413,
    1.1468165483666621,
    0.19833868939573907,
    1.0738336947446754,
    1.7544312646938862,
    0.27545916887402816,
    1.1660417918003425,
    1.5380616198362544,
    1.0152735427835842,
    1.2250060816551984
  ]
}