{
  "gen": 27,
  "score": 15903.0,
  "n_bar": 27.427558966888903,
  "num_pulses": 260,
  "good": 0.71396,
  "unique_pairs": [
    [
      0,
      -3
    ],
    [
      0,
      -2
    ],
    [
      0,
      -1
    ],
    [
      1,
      -3
    ],
    [
      1,
      -2
    ],
    [
      1,
      -1
    ],
    [
      2,
      -10
    ],
    [
      2,
      -9
    ],
    [
      2,
      -8
    ],
    [
      2,
      -7
    ],
    [
      2,
      -6
    ],
    [
      2,
      -5
    ],
    [
      2,
      -4
    ],
    [
      2,
      -3
    ],
    [
      2,
      -2
    ],
    [
      2,
      -1
    ]
  ],
  "omega_vector": [
    21128.899072379514,
    18839.758349085183,
    9205.106704267646,
    9674.100988575548,
    14363.094051509652,
    6101.657423479332,
    14050.662968956121,
    20052.868789889504,
    11943.996347543592,
    8188.5544776831,
    8092.602775064752,
    11010.13438032618,
    4191.621145147327,
    6240.79541051177,
    5271.4212915727185,
    484.5181704567507
  ],
  "time_vector": [
    6.278346921571431e-05,
    7.764751840994131e-05,
    9.043225205834825e-05,
    8.847032276045402e-05,
    9.7032133948312e-05,
    0.00014045902413609607,
    3.8695763042701494e-05,
    3.0627161058793306e-05,
    3.977194795350249e-05,
    3.35308843002949e-05,
    7.001305418365058e-05,
    9.407519584576335e-05,
    8.838477905775886e-05,
    0.0001081086340510904,
    0.00022486539339429228,
    6.085825702573011e-05
  ],
  "omega_scales": [
    1.3205561920237197,
    1.4492121806988603,
    1.0227896338075162,
    0.6046313117859717,
    1.1048533885776655,
    0.6779619359421479,
    1.1708885807463434,
    1.6710723991574588,
    1.3271107052826214,
    0.9098393864092333,
    1.3487671291774586,
    1.8350223967210302,
    1.0479052862868319,
    1.5601988526279424,
    1.7571404305242395,
    0.1615060568189169
  ],
  "time_scales": [
    0.7847933651964288,
    0.8627502045549034,
    0.7536021004862352,
    1.1058790345056753,
    1.078134821647911,
    1.1704918678008003,
    1.28985876809005,
    1.0209053686264435,
    1.325731598450083,
    1.1176961433431636,
    1.4002610836730114,
    1.881503916915267,
    1.2626397008251267,
    1.54440905787272,
    2.4985043710476917,
    0.6762028558414457
  ]
}