{
  "gen": 10,
  "score": 3606.2275302592875,
  "score_SLM": 4143,
  "score_AOD": 3139,
  "survive_SLM": 0.7041,
  "survive_AOD": 0.7236,
  "nzbar_SLM": 14.942337736117029,
  "nzbar_AOD": 18.23991155334439,
  "num_pulses": 260,
  "unique_pairs": [
    [
      0,
      -3
    ],
    [
      0,
      -2
    ],
    [
      0,
      -1
    ],
    [
      1,
      -3
    ],
    [
      1,
      -2
    ],
    [
      1,
      -1
    ],
    [
      2,
      -10
    ],
    [
      2,
      -9
    ],
    [
      2,
      -8
    ],
    [
      2,
      -7
    ],
    [
      2,
      -6
    ],
    [
      2,
      -5
    ],
    [
      2,
      -4
    ],
    [
      2,
      -3
    ],
    [
      2,
      -2
    ],
    [
      2,
      -1
    ]
  ],
  "omega_vector": [
    20508.373046875,
    17760.42578125,
    5926.83544921875,
    25809.142578125,
    10060.341796875,
    4332.263671875,
    12360.63029724428,
    18859.89078208596,
    29282.64957839673,
    18126.19210373663,
    10779.157611771949,
    34667.83365129397,
    6828.8896763370785,
    1610.0017721793658,
    4866.808565521366,
    242.3175715555794
  ],
  "time_vector": [
    6.814449443481863e-05,
    7.641866250196472e-05,
    0.0001462052168790251,
    5.634267290588468e-05,
    0.00013017933815717697,
    0.0001981102832360193,
    1.7057021250550913e-05,
    2.7176686884222205e-05,
    5.133220469457061e-05,
    1.2215050247290579e-05,
    6.410866879381086e-05,
    0.00010080269742487481,
    0.00012491814502256943,
    0.00019380294431296167,
    0.00022289443770883143,
    4.348956371964295e-05
  ],
  "detuning_vector": [
    0.0,
    0.0,
    0.0,
    0.0,
    0.0,
    0.0,
    -1182.2521252004253,
    872.4746485040255,
    -4339.960567213918,
    -6055.6922378617255,
    325.2480354715707,
    1899.9251140619785,
    556.7159425884497,
    331.5876069488662,
    601.3738046980416,
    2195.063183001324
  ],
  "omega_scales": [
    1.0,
    1.0,
    1.0,
    1.0,
    1.0,
    1.0,
    0.8974976444056635,
    1.091932908169779,
    1.1996055208452403,
    1.2029891740834007,
    1.0568373264728796,
    1.4113845688439906,
    1.0627543835144353,
    0.7887823671048253,
    0.8822547774689353,
    1.2982965382627119
  ],
  "time_scales": [
    1.0,
    1.0,
    1.0,
    1.0,
    1.0,
    1.0,
    1.070437292502419,
    0.6621573766406488,
    1.0495291307405694,
    0.7163098118168806,
    1.0755511324291942,
    1.0294444617499066,
    0.9575476732879862,
    1.1461891359233745,
    1.3311846046769344,
    0.8593695477010053
  ],
  "detuning_offsets": [
    0.0,
    0.0,
    0.0,
    0.0,
    0.0,
    0.0,
    -964.0494732228863,
    175.29319098449423,
    -5428.852534987355,
    -5190.6460952836005,
    599.1813545633676,
    753.5827068354159,
    238.7252199321997,
    -681.4164213714463,
    157.73952735429154,
    2553.5598871028865
  ]
}