{
  "gen": 28,
  "score": 17086.0,
  "n_bar": 27.957654902609033,
  "num_pulses": 260,
  "good": 0.72594,
  "unique_pairs": [
    [
      0,
      -3
    ],
    [
      0,
      -2
    ],
    [
      0,
      -1
    ],
    [
      1,
      -3
    ],
    [
      1,
      -2
    ],
    [
      1,
      -1
    ],
    [
      2,
      -10
    ],
    [
      2,
      -9
    ],
    [
      2,
      -8
    ],
    [
      2,
      -7
    ],
    [
      2,
      -6
    ],
    [
      2,
      -5
    ],
    [
      2,
      -4
    ],
    [
      2,
      -3
    ],
    [
      2,
      -2
    ],
    [
      2,
      -1
    ]
  ],
  "omega_vector": [
    15322.919878966803,
    16095.072599317255,
    7066.792951657895,
    17121.771786952733,
    15329.641212997472,
    6559.097933232538,
    13247.561047571186,
    17988.466077265304,
    10871.70489372846,
    6777.414748162443,
    7607.271399935288,
    12910.358211264815,
    5009.620024231615,
    5756.902838288288,
    4272.5785671594185,
    209.38293665792722
  ],
  "time_vector": [
    8.727471263256889e-05,
    8.10372577835233e-05,
    0.00013341042808667815,
    8.623568434805026e-05,
    0.00010724208127546618,
    0.00014979202561845277,
    4.087980566967799e-05,
    3.9181876382201364e-05,
    4.039473676529602e-05,
    3.103285741299775e-05,
    7.45591662577221e-05,
    8.301431878736206e-05,
    8.303022890882771e-05,
    0.00011361926249599385,
    0.00021568058133544508,
    6.754868341287272e-05
  ],
  "omega_scales": [
    0.9576824924354251,
    1.2380825076397888,
    0.7851992168508772,
    1.070110736684546,
    1.1792031702305747,
    0.7287886592480598,
    1.1039634206309321,
    1.4990388397721086,
    1.2079672104142734,
    0.7530460831291603,
    1.2678785666558814,
    2.1517263685441357,
    1.252405006057904,
    1.439225709572072,
    1.4241928557198062,
    0.06979431221930907
  ],
  "time_scales": [
    1.090933907907111,
    0.9004139753724811,
    1.1117535673889842,
    1.0779460543506283,
    1.191578680838513,
    1.2482668801537729,
    1.3626601889892664,
    1.3060625460733788,
    1.3464912255098676,
    1.0344285804332585,
    1.491183325154442,
    1.660286375747241,
    1.1861461272689673,
    1.623132321371341,
    2.3964509037271675,
    0.7505409268096968
  ]
}