{
  "gen": 7,
  "score": 3581.9000544403802,
  "score_SLM": 3721,
  "score_AOD": 3448,
  "survive_SLM": 0.6993,
  "survive_AOD": 0.7282,
  "nzbar_SLM": 17.121550121550122,
  "nzbar_AOD": 15.654215874759682,
  "num_pulses": 260,
  "unique_pairs": [
    [
      0,
      -3
    ],
    [
      0,
      -2
    ],
    [
      0,
      -1
    ],
    [
      1,
      -3
    ],
    [
      1,
      -2
    ],
    [
      1,
      -1
    ],
    [
      2,
      -10
    ],
    [
      2,
      -9
    ],
    [
      2,
      -8
    ],
    [
      2,
      -7
    ],
    [
      2,
      -6
    ],
    [
      2,
      -5
    ],
    [
      2,
      -4
    ],
    [
      2,
      -3
    ],
    [
      2,
      -2
    ],
    [
      2,
      -1
    ]
  ],
  "omega_vector": [
    20508.373046875,
    17760.42578125,
    5926.83544921875,
    25809.142578125,
    10060.341796875,
    4332.263671875,
    12098.987114213967,
    17941.6644086836,
    30081.592144675786,
    20391.040768201383,
    13244.334788215609,
    36567.78698578361,
    6739.139230350155,
    1722.3157544470357,
    4806.117604021876,
    265.9434089838851
  ],
  "time_vector": [
    6.814449443481863e-05,
    7.641866250196472e-05,
    0.0001462052168790251,
    5.634267290588468e-05,
    0.00013017933815717697,
    0.0001981102832360193,
    1.77589450715044e-05,
    2.1961415828820537e-05,
    3.755383921654579e-05,
    1.4791589300897542e-05,
    5.112267926157349e-05,
    9.327761442583933e-05,
    0.00010182168032893724,
    0.00018181429829204862,
    0.00021148988591669927,
    4.7650330709809045e-05
  ],
  "detuning_vector": [
    0.0,
    0.0,
    0.0,
    0.0,
    0.0,
    0.0,
    -1292.6910080831403,
    3084.978660310606,
    -4575.570357542828,
    -9551.166359319215,
    -5089.67751719455,
    2985.8254796775623,
    -5406.348930610298,
    -163.78537149217163,
    389.70652700281016,
    -4730.89905659968
  ],
  "omega_scales": [
    1.0,
    1.0,
    1.0,
    1.0,
    1.0,
    1.0,
    0.8784998963299153,
    1.0387702676300052,
    1.2323353430145323,
    1.3533014078220404,
    1.298534437719257,
    1.4887347962852222,
    1.048786859595358,
    0.8438079517488355,
    0.8712527234511455,
    1.424879776736986
  ],
  "time_scales": [
    1.0,
    1.0,
    1.0,
    1.0,
    1.0,
    1.0,
    1.1144875063942576,
    0.5350877961863972,
    0.7678191198571527,
    0.8674021255826321,
    0.8576851868418172,
    0.952594781974831,
    0.7805040098188413,
    1.0752859003078643,
    1.2630736014371011,
    0.9415878120523973
  ],
  "detuning_offsets": [
    0.0,
    0.0,
    0.0,
    0.0,
    0.0,
    0.0,
    -1074.4883561056013,
    2387.7972027910746,
    -5664.462325316265,
    -8686.12021674109,
    -4815.744198102753,
    1839.4830724509998,
    -5724.339653266548,
    -1176.7893998124841,
    -53.92775034093984,
    -4372.402352498118
  ]
}