{
  "gen": 7,
  "fitness_penalized": 14707.0,
  "raw_survivors": 14707,
  "num_pulses": 280,
  "length_penalty": 0.0,
  "unique_pairs": [
    [
      0,
      -3
    ],
    [
      0,
      -2
    ],
    [
      0,
      -1
    ],
    [
      1,
      -3
    ],
    [
      1,
      -2
    ],
    [
      1,
      -1
    ],
    [
      2,
      -5
    ],
    [
      2,
      -4
    ],
    [
      2,
      -3
    ],
    [
      2,
      -2
    ],
    [
      2,
      -1
    ]
  ],
  "omega_vector": [
    13086.929002518467,
    21916.78766312058,
    5613.2385172402555,
    15890.100784425947,
    20738.154296622826,
    5463.289799136521,
    8848.23888402058,
    19444.444444444453,
    31552.167184389822,
    4106.384121626737,
    1791.3739185699758
  ],
  "time_vector": [
    0.00011982755067774833,
    7.233298876640488e-05,
    8.988427345312579e-05,
    0.00010878415266344667,
    9.15713330916442e-05,
    7.172372633136862e-05,
    8.942829450546675e-05,
    8.850162704392119e-05,
    5.1184118009669246e-05,
    0.0001921468398517708,
    0.00023733359443595532
  ],
  "omega_scales": [
    0.9784996146498421,
    1.2745454979476274,
    0.9901752744411809,
    1.1880906124970783,
    1.2060034344805273,
    0.9637243205676821,
    0.9556097994742221,
    1.5,
    1.217012162826464,
    0.6335564073366965,
    0.2763834045793676
  ],
  "time_scales": [
    1.3314172297527591,
    1.0333284109486411,
    1.2840610493303684,
    1.2087128073716296,
    1.308161901309203,
    1.0246246618766943,
    1.277547064363811,
    1.7700325408784239,
    1.023682360193385,
    0.9607341992588541,
    1.1866679721797766
  ]
}