{
  "rank": 3,
  "fitness_penalized": 16786.0,
  "raw_survivors": 16786,
  "num_pulses": 280,
  "length_penalty": 0.0,
  "unique_pairs": [
    [
      0,
      -3
    ],
    [
      0,
      -2
    ],
    [
      0,
      -1
    ],
    [
      1,
      -3
    ],
    [
      1,
      -2
    ],
    [
      1,
      -1
    ],
    [
      2,
      -5
    ],
    [
      2,
      -4
    ],
    [
      2,
      -3
    ],
    [
      2,
      -2
    ],
    [
      2,
      -1
    ]
  ],
  "omega_vector": [
    7168.15239090397,
    18919.725802091078,
    6129.544972863665,
    14149.187589444085,
    23774.90102716456,
    7023.491980256027,
    9060.766896357438,
    17940.91275324129,
    34476.69677156535,
    9385.324377035966,
    1305.7558400222433
  ],
  "time_vector": [
    0.0001224451404419882,
    6.70367479901679e-05,
    9.406146139424371e-05,
    0.00011766307179832462,
    6.313837377784782e-05,
    7.89093113006422e-05,
    0.00010275248235080846,
    0.00010778553273669532,
    5.7227988495908045e-05,
    0.00017927639616638181,
    0.0002188946670250863
  ],
  "omega_scales": [
    0.5359572403045121,
    1.1002548235677578,
    1.0812517332131504,
    1.0579238720722806,
    1.3826019366566464,
    1.238943985317163,
    0.9785628248066027,
    1.384013269535756,
    1.3298154469032344,
    1.4480214753141203,
    0.2014594724605746
  ],
  "time_scales": [
    1.3605015604665354,
    0.9576678284309701,
    1.3437351627749101,
    1.307367464425829,
    0.9019767682549689,
    1.12727587572346,
    1.4678926050115495,
    2.155710654733906,
    1.144559769918161,
    0.896381980831909,
    1.0944733351254314
  ]
}