{
  "gen": 22,
  "score": 16152.0,
  "n_bar": 28.08606682379038,
  "num_pulses": 260,
  "good": 0.7213,
  "unique_pairs": [
    [
      0,
      -3
    ],
    [
      0,
      -2
    ],
    [
      0,
      -1
    ],
    [
      1,
      -3
    ],
    [
      1,
      -2
    ],
    [
      1,
      -1
    ],
    [
      2,
      -10
    ],
    [
      2,
      -9
    ],
    [
      2,
      -8
    ],
    [
      2,
      -7
    ],
    [
      2,
      -6
    ],
    [
      2,
      -5
    ],
    [
      2,
      -4
    ],
    [
      2,
      -3
    ],
    [
      2,
      -2
    ],
    [
      2,
      -1
    ]
  ],
  "omega_vector": [
    18380.58881421742,
    18803.096775724673,
    8575.294765748396,
    15997.443095368875,
    11350.403455032023,
    5689.582990568434,
    10230.825452339906,
    17062.679467665897,
    10516.155139728959,
    6229.641728931752,
    11138.215088232068,
    10605.484591993458,
    4863.202833619544,
    5354.3636450611175,
    4790.672599080392,
    1225.535314668276
  ],
  "time_vector": [
    7.84068034597345e-05,
    7.347127381727875e-05,
    0.00011221542524642589,
    7.905456656377284e-05,
    9.619565067336619e-05,
    0.00015453024648387023,
    4.133363569392233e-05,
    4.428147324133591e-05,
    3.4157097072699425e-05,
    2.7370900017047682e-05,
    7.516335143799227e-05,
    9.724720375260652e-05,
    7.751068859554495e-05,
    0.00010521800583661755,
    0.000214130158528143,
    6.282641855739912e-05
  ],
  "omega_scales": [
    1.1487868008885886,
    1.4463920596711286,
    0.9528105295275997,
    0.9998401934605547,
    0.8731079580793863,
    0.6321758878409371,
    0.8525687876949922,
    1.4218899556388247,
    1.1684616821921066,
    0.6921824143257502,
    1.8563691813720111,
    1.767580765332243,
    1.215800708404886,
    1.3385909112652794,
    1.5968908663601304,
    0.408511771556092
  ],
  "time_scales": [
    0.9800850432466812,
    0.8163474868586527,
    0.9351285437202155,
    0.9881820820471605,
    1.068840563037402,
    1.2877520540322516,
    1.377787856464078,
    1.4760491080445304,
    1.1385699024233142,
    0.9123633339015895,
    1.5032670287598453,
    1.9449440750521303,
    1.1072955513649279,
    1.5031143690945366,
    2.379223983646033,
    0.6980713173044346
  ]
}