{
  "gen": 14,
  "score": -47.26796874119965,
  "n_bar": 17.96096874119966,
  "num_pulses": 480,
  "good": 0.7102,
  "survive": 0.99346,
  "unique_pairs": [
    [
      0,
      -3
    ],
    [
      0,
      -2
    ],
    [
      0,
      -1
    ],
    [
      1,
      -3
    ],
    [
      1,
      -2
    ],
    [
      1,
      -1
    ],
    [
      2,
      -10
    ],
    [
      2,
      -9
    ],
    [
      2,
      -8
    ],
    [
      2,
      -7
    ],
    [
      2,
      -6
    ],
    [
      2,
      -5
    ],
    [
      2,
      -4
    ],
    [
      2,
      -3
    ],
    [
      2,
      -2
    ],
    [
      2,
      -1
    ]
  ],
  "omega_vector": [
    16266.94021370738,
    19599.329200744047,
    9456.841706899188,
    23631.24672248141,
    15582.986680794917,
    3298.525555635787,
    11138.179208559695,
    16644.961019017792,
    18459.56895806933,
    9647.90672885339,
    6381.054449127769,
    7746.795312040943,
    1045.708696118992,
    715.3609947444646,
    410.42312323070746,
    479.8483387599307
  ],
  "time_vector": [
    6.0102877237350125e-05,
    7.998205369099233e-05,
    9.06412360100337e-05,
    7.457106625770133e-05,
    9.711923558490943e-05,
    0.00012066623607961012,
    3.5939965043087864e-05,
    4.198238784834015e-05,
    4.509254404494082e-05,
    3.0325065566835888e-05,
    4.378469953355279e-05,
    2.5625311106499584e-05,
    0.00011909610024737499,
    6.425929394988874e-05,
    1.691382081002697e-05,
    8.847098284868795e-05
  ],
  "omega_scales": [
    1.0166837633567112,
    1.5076407077495422,
    1.0507601896554652,
    1.4769529201550882,
    1.1986912831380705,
    0.36650283951508744,
    0.9281816007133079,
    1.3870800849181493,
    2.0510632175632586,
    1.0719896365392656,
    1.063509074854628,
    1.2911325520068238,
    0.261427174029748,
    0.17884024868611614,
    0.13680770774356915,
    0.15994944625331023
  ],
  "time_scales": [
    0.7512859654668765,
    0.8886894854554703,
    0.7553436334169475,
    0.9321383282212665,
    1.0791026176101046,
    1.0055519673300843,
    1.1979988347695953,
    1.3994129282780048,
    1.5030848014980271,
    1.0108355188945295,
    0.8756939906710557,
    0.5125062221299916,
    1.701372860676786,
    0.9179899135698395,
    0.187931342333633,
    0.983010920540977
  ]
}