{
  "gen": 33,
  "score": 17166.0,
  "n_bar": 20.08919315945564,
  "num_pulses": 260,
  "good": 0.72158,
  "unique_pairs": [
    [
      0,
      -3
    ],
    [
      0,
      -2
    ],
    [
      0,
      -1
    ],
    [
      1,
      -3
    ],
    [
      1,
      -2
    ],
    [
      1,
      -1
    ],
    [
      2,
      -10
    ],
    [
      2,
      -9
    ],
    [
      2,
      -8
    ],
    [
      2,
      -7
    ],
    [
      2,
      -6
    ],
    [
      2,
      -5
    ],
    [
      2,
      -4
    ],
    [
      2,
      -3
    ],
    [
      2,
      -2
    ],
    [
      2,
      -1
    ]
  ],
  "omega_vector": [
    19755.7564843457,
    20482.334356472547,
    6706.902548847318,
    16176.83359321727,
    11172.566507793885,
    4053.856065424836,
    13143.316622364597,
    21907.53792846874,
    11055.799204725856,
    13008.489369733054,
    12162.72416893718,
    10715.399296353466,
    4154.809788264932,
    4801.985127895034,
    5281.921166124395,
    3.0
  ],
  "time_vector": [
    7.037835193953295e-05,
    4.826491155547417e-05,
    0.00011762605502491398,
    9.164116817291112e-05,
    9.990314865411207e-05,
    0.00013144696335917497,
    3.5890960194918676e-05,
    3.9187702710095966e-05,
    3.500795867885882e-05,
    4.1992678608529796e-05,
    7.835957321029016e-05,
    0.00010287244581980673,
    0.00010029875770239924,
    0.00013910425336110326,
    0.00021587002216896724,
    5.388986505145683e-05
  ],
  "omega_scales": [
    1.2347347802716062,
    1.575564181267119,
    0.7452113943163686,
    1.0110520995760794,
    0.8594281929072219,
    0.45042845171387064,
    1.0952763851970497,
    1.8256281607057283,
    1.2284221338584285,
    1.445387707748117,
    2.0271206948228633,
    1.7858998827255776,
    1.038702447066233,
    1.2004962819737584,
    1.7606403887081319,
    0.001
  ],
  "time_scales": [
    0.8797293992441618,
    0.536276795060824,
    0.9802171252076162,
    1.145514602161389,
    1.1100349850456896,
    1.0953913613264579,
    1.1963653398306227,
    1.3062567570031989,
    1.1669319559619606,
    1.39975595361766,
    1.5671914642058031,
    2.0574489163961345,
    1.4328393957485608,
    1.9872036194443325,
    2.398555801877414,
    0.5987762783495203
  ]
}