{
  "gen": 19,
  "score": 2594.8995808365557,
  "score_SLM": 2831,
  "score_AOD": 2750,
  "survive_SLM": 0.7173,
  "survive_AOD": 0.7052,
  "nzbar_SLM": 34.24550397323296,
  "nzbar_AOD": 22.53530913216109,
  "num_pulses": 260,
  "unique_pairs": [
    [
      0,
      -3
    ],
    [
      0,
      -2
    ],
    [
      0,
      -1
    ],
    [
      1,
      -3
    ],
    [
      1,
      -2
    ],
    [
      1,
      -1
    ],
    [
      2,
      -10
    ],
    [
      2,
      -9
    ],
    [
      2,
      -8
    ],
    [
      2,
      -7
    ],
    [
      2,
      -6
    ],
    [
      2,
      -5
    ],
    [
      2,
      -4
    ],
    [
      2,
      -3
    ],
    [
      2,
      -2
    ],
    [
      2,
      -1
    ]
  ],
  "omega_vector": [
    20000.0,
    17760.42578125,
    5926.83544921875,
    20000.0,
    10060.341796875,
    4332.263671875,
    5619.909731416974,
    6190.615355197558,
    7868.0295634388685,
    9999.999999999998,
    9999.999999999998,
    8647.608166713979,
    9207.617537946622,
    2961.944756289292,
    3397.972629251521,
    57.533519811660334
  ],
  "time_vector": [
    6.814449443481863e-05,
    7.641866250196472e-05,
    0.0001462052168790251,
    5.634267290588468e-05,
    0.00013017933815717697,
    0.0001981102832360193,
    1.066865988962336e-05,
    2.171741933488887e-05,
    5.425719784093161e-05,
    2.1239294909856072e-05,
    0.00010827795069145371,
    0.0001543293605993518,
    0.00011307207781248415,
    0.00031747815049168536,
    0.00014609529257014693,
    3.877103865989753e-05
  ],
  "detuning_vector": [
    0.0,
    0.0,
    0.0,
    0.0,
    0.0,
    0.0,
    19875.72465633807,
    15776.030562680611,
    18271.80237829546,
    -7313.084134387764,
    -12932.230285362184,
    -4095.1548014936798,
    3994.194713167097,
    13317.442505452706,
    -5325.167802552588,
    8629.369139889888
  ],
  "omega_scales": [
    1.0,
    1.0,
    1.0,
    1.0,
    1.0,
    1.0,
    0.5619909731416974,
    0.6190615355197557,
    0.7868029563438869,
    0.9999999999999998,
    0.9999999999999998,
    0.8647608166713978,
    1.0018631639452258,
    0.9386411647881483,
    0.799820331261383,
    0.873669069246388
  ],
  "time_scales": [
    1.0,
    1.0,
    1.0,
    1.0,
    1.0,
    1.0,
    0.5801194411255093,
    0.5045244527880981,
    1.3522179181813094,
    1.1597987510244645,
    1.2243900968345298,
    1.181368853235522,
    0.8429279540080333,
    1.2605322907982925,
    0.6639211612514659,
    0.8673384156452071
  ],
  "detuning_offsets": [
    0.0,
    0.0,
    0.0,
    0.0,
    0.0,
    0.0,
    9254.82621883807,
    4958.786422055611,
    7526.421518920459,
    -2894.2428257940137,
    -10026.954894737184,
    -7475.060319071805,
    804.1722522295968,
    12522.04107723005,
    -5729.627488831885,
    -3860.7529304226127
  ],
  "omega_lin_max_xyz": [
    20000.0,
    20000.0,
    10000.0
  ]
}