{
  "gen": 23,
  "score": 18228.0,
  "n_bar": 19.22812419071735,
  "num_pulses": 260,
  "good": 0.69506,
  "unique_pairs": [
    [
      0,
      -3
    ],
    [
      0,
      -2
    ],
    [
      0,
      -1
    ],
    [
      1,
      -3
    ],
    [
      1,
      -2
    ],
    [
      1,
      -1
    ],
    [
      2,
      -10
    ],
    [
      2,
      -9
    ],
    [
      2,
      -8
    ],
    [
      2,
      -7
    ],
    [
      2,
      -6
    ],
    [
      2,
      -5
    ],
    [
      2,
      -4
    ],
    [
      2,
      -3
    ],
    [
      2,
      -2
    ],
    [
      2,
      -1
    ]
  ],
  "omega_vector": [
    20645.034366438817,
    9660.612158019687,
    4325.221862025922,
    19003.92981540265,
    10108.193174217939,
    6600.680731952562,
    11745.320662426355,
    21149.7446211325,
    12588.973528149916,
    12479.071059117412,
    10804.38274135094,
    16997.68901415633,
    5029.545209150661,
    4659.987573594568,
    4975.1571930444115,
    1205.0331773216117
  ],
  "time_vector": [
    7.931500004226271e-05,
    0.00013457942702205182,
    0.00016556442110344133,
    8.482262323047776e-05,
    0.0001188050792214275,
    0.00013050554336908844,
    3.8843732847079415e-05,
    3.825902830456885e-05,
    4.697161737914302e-05,
    2.7818248005692196e-05,
    5.283781394879751e-05,
    0.00010613610711820552,
    0.00010106366267686708,
    0.00017964282609487782,
    0.00022109349713207615,
    6.148486738112237e-05
  ],
  "omega_scales": [
    1.1509721170661373,
    0.5226951150121606,
    0.4755411177943569,
    1.349670833561948,
    0.78542517848601,
    0.8256399099716077,
    1.2486503646920806,
    1.2883812336371208,
    0.9570063210972031,
    1.0796677893337037,
    1.259390734080757,
    1.3162294268638233,
    0.9877583136748227,
    0.755515527242604,
    1.1659370431684641,
    1.4985733488974056
  ],
  "time_scales": [
    1.006420666357219,
    1.1918374306104813,
    1.3938564378802754,
    1.0767508839196345,
    1.0433175279952585,
    0.9631639788938021,
    0.9645197416604125,
    1.1274818680273455,
    1.171578701647726,
    1.0562945248853655,
    0.7876773967444846,
    1.0036206860119927,
    1.1329324050615481,
    1.4708608412624549,
    1.5678951892470279,
    1.4495030543937042
  ]
}