{
  "gen": 0,
  "fitness": 1564.3898160279255,
  "score_list": [
    1321,
    1872,
    2391,
    1846,
    1369
  ],
  "num_pulses": 200,
  "unique_pairs": [
    [
      0,
      -3
    ],
    [
      0,
      -2
    ],
    [
      0,
      -1
    ],
    [
      1,
      -3
    ],
    [
      1,
      -2
    ],
    [
      1,
      -1
    ],
    [
      2,
      -5
    ],
    [
      2,
      -4
    ],
    [
      2,
      -3
    ],
    [
      2,
      -2
    ]
  ],
  "omega_vector": [
    20208.35995030836,
    24044.03605884355,
    8857.14041733948,
    11885.45316543057,
    23983.984664465654,
    7374.984335181869,
    3578.4696748741185,
    6268.087040206206,
    3540.614265348371,
    1807.3341077222335
  ],
  "time_vector": [
    6.484451460496757e-05,
    7.478177771316714e-05,
    6.728697644405592e-05,
    5.618400090200467e-05,
    6.656611015681047e-05,
    5.777337576061744e-05,
    5.434766074466618e-05,
    4.6238439287699e-05,
    0.00019464708141935837,
    0.00014500416766520074
  ],
  "omega_scales": [
    0.8246278443664823,
    0.9811474891494886,
    0.6484543217286738,
    0.7065909509218018,
    1.4258494224056597,
    0.7425154837451937,
    0.780642884309072,
    1.367382705664263,
    1.5,
    0.7656866742349316
  ],
  "time_scales": [
    0.9263502086423939,
    1.068311110188102,
    1.3457395288811185,
    0.8026285843143525,
    0.9509444308115781,
    1.1554675152123488,
    1.0869532148933236,
    0.9247687857539801,
    0.9732354070967918,
    0.7250208383260036
  ]
}