{
  "gen": 36,
  "score": 17101.0,
  "n_bar": 24.239114040722843,
  "num_pulses": 260,
  "good": 0.71606,
  "unique_pairs": [
    [
      0,
      -3
    ],
    [
      0,
      -2
    ],
    [
      0,
      -1
    ],
    [
      1,
      -3
    ],
    [
      1,
      -2
    ],
    [
      1,
      -1
    ],
    [
      2,
      -10
    ],
    [
      2,
      -9
    ],
    [
      2,
      -8
    ],
    [
      2,
      -7
    ],
    [
      2,
      -6
    ],
    [
      2,
      -5
    ],
    [
      2,
      -4
    ],
    [
      2,
      -3
    ],
    [
      2,
      -2
    ],
    [
      2,
      -1
    ]
  ],
  "omega_vector": [
    17695.615990795763,
    16418.765142009346,
    7561.788779551443,
    15870.742554626975,
    16946.120282200587,
    8017.546844435555,
    14602.662691965937,
    17536.76779460275,
    15120.06196369044,
    8532.622450802022,
    9300.91189526009,
    10144.63293433462,
    4942.01257959943,
    5837.594032988709,
    4784.20147957228,
    665.0673407743436
  ],
  "time_vector": [
    8.041300554370133e-05,
    8.604607706597803e-05,
    0.00010036841818679155,
    7.663546570279068e-05,
    7.25571562971373e-05,
    0.00013876907038147364,
    4.1605639616577576e-05,
    4.314494386638038e-05,
    3.9084742313555236e-05,
    3.272261999885902e-05,
    8.224876619840731e-05,
    9.665023553088393e-05,
    9.660144324950495e-05,
    0.00010098123041791056,
    0.00021393011909818152,
    4.4983249204782575e-05
  ],
  "omega_scales": [
    1.1059759994247351,
    1.262981934000719,
    0.8401987532834937,
    0.991921409664186,
    1.3035477140154297,
    0.8908385382706172,
    1.2168885576638282,
    1.4613973162168958,
    1.6800068848544933,
    0.9480691612002248,
    1.5501519825433483,
    1.6907721557224367,
    1.2355031448998575,
    1.4593985082471772,
    1.5947338265240933,
    0.22168911359144786
  ],
  "time_scales": [
    1.0051625692962665,
    0.9560675229553113,
    0.8364034848899293,
    0.9579433212848834,
    0.8061906255237478,
    1.1564089198456133,
    1.3868546538859194,
    1.4381647955460126,
    1.3028247437851745,
    1.0907539999619673,
    1.6449753239681462,
    1.9330047106176786,
    1.380020617850071,
    1.442589005970151,
    2.3770013233131277,
    0.4998138800531397
  ]
}