{
  "gen": 1,
  "fitness_penalized": 14044.0,
  "raw_survivors": 14044,
  "num_pulses": 280,
  "length_penalty": 0.0,
  "unique_pairs": [
    [
      0,
      -3
    ],
    [
      0,
      -2
    ],
    [
      0,
      -1
    ],
    [
      1,
      -3
    ],
    [
      1,
      -2
    ],
    [
      1,
      -1
    ],
    [
      2,
      -5
    ],
    [
      2,
      -4
    ],
    [
      2,
      -3
    ],
    [
      2,
      -2
    ],
    [
      2,
      -1
    ]
  ],
  "omega_vector": [
    13559.570088807483,
    14651.435115120248,
    7553.592898728375,
    10414.178613911537,
    18505.37648043681,
    5855.203969926473,
    9380.744582827641,
    12815.719541232223,
    35595.26978169237,
    6189.775677648088,
    5964.635945693406
  ],
  "time_vector": [
    8.925387094483864e-05,
    7.16592564772262e-05,
    6.619620050870189e-05,
    0.0001025657653619578,
    9.054709526594235e-05,
    9.099788306154805e-05,
    8.680300558713495e-05,
    3.428898267455887e-05,
    5.4263359459845216e-05,
    0.00018068715502339954,
    0.00020178353667644257
  ],
  "omega_scales": [
    1.0138386251016054,
    0.852037303617762,
    1.3324537873356852,
    0.7786601240555394,
    1.076158816862325,
    1.0328579802950297,
    1.0131204149453847,
    0.9886412217521998,
    1.3729604058652765,
    0.9549939616942763,
    0.9202581173355537
  ],
  "time_scales": [
    0.9917096771648737,
    1.0237036639603745,
    0.9456600072671697,
    1.1396196151328644,
    1.293529932370605,
    1.2999697580221148,
    1.2400429369590709,
    0.6857796534911774,
    1.0852671891969046,
    0.9034357751169977,
    1.0089176833822129
  ]
}