{
  "gen": 8,
  "score": 15043.096423276691,
  "score_SLM": 15250,
  "score_AOD": 14839,
  "survive_SLM": 0.71314,
  "survive_AOD": 0.72862,
  "nzbar_SLM": 18.89836497742379,
  "nzbar_AOD": 22.16639675002059,
  "num_pulses": 260,
  "unique_pairs": [
    [
      0,
      -3
    ],
    [
      0,
      -2
    ],
    [
      0,
      -1
    ],
    [
      1,
      -3
    ],
    [
      1,
      -2
    ],
    [
      1,
      -1
    ],
    [
      2,
      -10
    ],
    [
      2,
      -9
    ],
    [
      2,
      -8
    ],
    [
      2,
      -7
    ],
    [
      2,
      -6
    ],
    [
      2,
      -5
    ],
    [
      2,
      -4
    ],
    [
      2,
      -3
    ],
    [
      2,
      -2
    ],
    [
      2,
      -1
    ]
  ],
  "omega_vector": [
    14709.671629560613,
    15468.686267127763,
    7329.058098537277,
    17654.250036158246,
    13103.649562201652,
    5632.155382486203,
    14857.752272569198,
    19370.868518043728,
    20913.107951165774,
    12524.234099770872,
    12659.356082979137,
    22173.510600783167,
    5845.641335571051,
    3464.6242996480864,
    4498.731693397374,
    323.30111981280515
  ],
  "time_vector": [
    7.636201122273846e-05,
    0.00010877315693577791,
    9.745747212388819e-05,
    6.231463616622107e-05,
    0.00011096026597130928,
    0.00017224618196322943,
    2.4254712293407367e-05,
    3.006601538521665e-05,
    4.667122974214015e-05,
    1.8139187153515003e-05,
    4.07513734319795e-05,
    0.00010715654690843605,
    0.00010303633759469299,
    0.00012546451515286868,
    0.00020794481865759462,
    3.811153062813037e-05
  ],
  "detuning_vector": [
    552.442988720002,
    2208.2821077570775,
    -63.76865967982411,
    810.6726258881254,
    1005.1713115409011,
    -705.3565299791937,
    894.039778722474,
    111.29306107979208,
    -1458.7515918768381,
    -114.05733525809109,
    -626.3909390161764,
    42.78284891928263,
    -35.85026988236315,
    1745.2970214218017,
    928.334976719929,
    -216.29264437755617
  ],
  "omega_scales": [
    0.7986243584497683,
    1.0641025237690787,
    0.9344864615977181,
    0.950570853673881,
    1.1099759671877036,
    0.995397467287819,
    1.056093178532136,
    1.0384237474814304,
    1.025663763516351,
    1.0709421595421735,
    1.2051696639719025,
    1.507309295194849,
    1.1600435292403044,
    1.5311318476549762,
    1.1248329952838456,
    0.5478351687772856
  ],
  "time_scales": [
    0.9995967530278251,
    1.1581799413457188,
    0.7247156542172382,
    0.8899459379166335,
    1.060798320397912,
    1.0845571280242876,
    0.9110369487246155,
    0.7029034168991016,
    1.137730816041389,
    0.8308816088716202,
    0.8284687455155226,
    0.7324691569351109,
    0.8897690262797512,
    0.6728845288230226,
    0.9430177422822061,
    0.804546406000625
  ],
  "detuning_offsets": [
    552.442988720002,
    2208.2821077570775,
    -63.76865967982411,
    810.6726258881254,
    1005.1713115409011,
    -705.3565299791937,
    894.039778722474,
    111.29306107979208,
    -1458.7515918768381,
    -114.05733525809109,
    -626.3909390161764,
    42.78284891928263,
    -35.85026988236315,
    1745.2970214218017,
    928.334976719929,
    -216.29264437755617
  ]
}