{
  "gen": 40,
  "fitness": 2504.2961867945137,
  "score_list": [
    2452,
    2910,
    2874,
    2800,
    2187
  ],
  "num_pulses": 200,
  "unique_pairs": [
    [
      0,
      -3
    ],
    [
      0,
      -2
    ],
    [
      0,
      -1
    ],
    [
      1,
      -3
    ],
    [
      1,
      -2
    ],
    [
      1,
      -1
    ],
    [
      2,
      -5
    ],
    [
      2,
      -4
    ],
    [
      2,
      -3
    ],
    [
      2,
      -2
    ]
  ],
  "omega_vector": [
    22498.477118899795,
    7169.152146576655,
    1365.885016191701,
    13422.209607712439,
    11874.105508576773,
    4738.397541274104,
    6876.005174968068,
    6355.020102925537,
    3540.614265348371,
    3216.902351148868
  ],
  "time_vector": [
    6.002251417725131e-05,
    0.00010680561378643371,
    4.1111895774212496e-05,
    0.00013209451891712132,
    0.00012655206493987422,
    5e-06,
    6.500515311602143e-05,
    7.437492564795416e-05,
    0.00010141976020890672,
    0.00014936270799983172
  ],
  "omega_scales": [
    0.918078989769967,
    0.29254637660374005,
    0.1,
    0.7979512197120086,
    0.705916331996006,
    0.4770631885619341,
    1.5,
    1.386347146609379,
    1.5,
    1.362857731763819
  ],
  "time_scales": [
    0.8574644882464474,
    1.5257944826633385,
    0.8222379154842498,
    1.8870645559588763,
    1.807886641998203,
    0.1,
    1.3001030623204284,
    1.4874985129590836,
    0.5070988010445335,
    0.7468135399991586
  ]
}