{
  "gen": 43,
  "score": 3797.5762006837995,
  "score_SLM": 3903,
  "score_AOD": 3695,
  "survive_SLM": 0.691,
  "survive_AOD": 0.697,
  "nzbar_SLM": 15.762662807525325,
  "nzbar_AOD": 11.029268292682927,
  "num_pulses": 260,
  "unique_pairs": [
    [
      0,
      -3
    ],
    [
      0,
      -2
    ],
    [
      0,
      -1
    ],
    [
      1,
      -3
    ],
    [
      1,
      -2
    ],
    [
      1,
      -1
    ],
    [
      2,
      -10
    ],
    [
      2,
      -9
    ],
    [
      2,
      -8
    ],
    [
      2,
      -7
    ],
    [
      2,
      -6
    ],
    [
      2,
      -5
    ],
    [
      2,
      -4
    ],
    [
      2,
      -3
    ],
    [
      2,
      -2
    ],
    [
      2,
      -1
    ]
  ],
  "omega_vector": [
    20508.373046875,
    17760.42578125,
    5926.83544921875,
    25809.142578125,
    10060.341796875,
    4332.263671875,
    13964.277724080339,
    15749.26831039166,
    41549.11290925625,
    16523.11154349322,
    12287.273937139233,
    62477.05237467497,
    9257.713455304089,
    2045.9484356296346,
    3782.558307808627,
    201.17059880646536
  ],
  "time_vector": [
    6.814449443481863e-05,
    7.641866250196472e-05,
    0.0001462052168790251,
    5.634267290588468e-05,
    0.00013017933815717697,
    0.0001981102832360193,
    1.2378861809847418e-05,
    4.564217593157622e-05,
    5.6434313002463075e-05,
    2.0507502992372216e-05,
    4.331626177501608e-05,
    8.623620368072069e-05,
    0.00017433821601176377,
    0.00018672554946839133,
    0.0002809378532934772,
    4.0009167207412354e-05
  ],
  "detuning_vector": [
    0.0,
    0.0,
    0.0,
    0.0,
    0.0,
    0.0,
    -2944.3433934406717,
    -1058.6446218205463,
    1974.3895280864788,
    2281.129751716577,
    -567.2029270443188,
    5567.392968887783,
    2992.8631527098164,
    823.3961227546142,
    -490.1414863882866,
    -4103.499097593238
  ],
  "omega_scales": [
    1.0,
    1.0,
    1.0,
    1.0,
    1.0,
    1.0,
    1.0139374822967329,
    0.9118369001397819,
    1.7021186931437162,
    1.0965968028606095,
    1.204699866637487,
    2.543543635158258,
    1.4407430815637832,
    1.0023641451312437,
    0.6857019529720234,
    1.0778380220386339
  ],
  "time_scales": [
    1.0,
    1.0,
    1.0,
    1.0,
    1.0,
    1.0,
    0.7768528352842784,
    1.1120672511618566,
    1.1538459300907635,
    1.20259231946742,
    0.7267169211477327,
    0.8806845902870448,
    1.336372334676292,
    1.1043320160006402,
    1.6778352525054796,
    0.7905956506847691
  ],
  "detuning_offsets": [
    0.0,
    0.0,
    0.0,
    0.0,
    0.0,
    0.0,
    -2726.1407414631326,
    -1755.8260793400775,
    885.4975603130413,
    3146.175894294702,
    -293.26960795252194,
    4421.050561661221,
    2674.8724300535664,
    -189.60790556569827,
    -933.7757637320366,
    -3745.002393491675
  ]
}