{
  "gen": 15,
  "score": 3687.0947912957163,
  "score_SLM": 3849,
  "score_AOD": 3532,
  "survive_SLM": 0.7064,
  "survive_AOD": 0.72,
  "nzbar_SLM": 13.8670724801812,
  "nzbar_AOD": 11.148333333333333,
  "num_pulses": 260,
  "unique_pairs": [
    [
      0,
      -3
    ],
    [
      0,
      -2
    ],
    [
      0,
      -1
    ],
    [
      1,
      -3
    ],
    [
      1,
      -2
    ],
    [
      1,
      -1
    ],
    [
      2,
      -10
    ],
    [
      2,
      -9
    ],
    [
      2,
      -8
    ],
    [
      2,
      -7
    ],
    [
      2,
      -6
    ],
    [
      2,
      -5
    ],
    [
      2,
      -4
    ],
    [
      2,
      -3
    ],
    [
      2,
      -2
    ],
    [
      2,
      -1
    ]
  ],
  "omega_vector": [
    20508.373046875,
    17760.42578125,
    5926.83544921875,
    25809.142578125,
    10060.341796875,
    4332.263671875,
    22708.873336056346,
    15130.462590230836,
    36164.714541822344,
    17116.579872765844,
    15271.439814739635,
    48381.55837057007,
    9092.384091502638,
    2166.1487374345293,
    4207.76703605284,
    170.10625161411488
  ],
  "time_vector": [
    6.814449443481863e-05,
    7.641866250196472e-05,
    0.0001462052168790251,
    5.634267290588468e-05,
    0.00013017933815717697,
    0.0001981102832360193,
    1.5175398746283242e-05,
    4.429026045569629e-05,
    6.939820040109093e-05,
    1.580203694310821e-05,
    5.975503146268829e-05,
    0.00010455495294001633,
    0.00015550603163328903,
    0.00022369407999532477,
    0.00020753753711070077,
    6.384750821550435e-05
  ],
  "detuning_vector": [
    0.0,
    0.0,
    0.0,
    0.0,
    0.0,
    0.0,
    -5218.202651977539,
    417.61734517583363,
    -3911.1080322265625,
    -5865.046142578125,
    -4032.2252296296365,
    -3853.6575927734375,
    4219.386613929876,
    -2878.5148542534007,
    -514.6156907939121,
    -2121.662954370582
  ],
  "omega_scales": [
    1.0,
    1.0,
    1.0,
    1.0,
    1.0,
    1.0,
    1.6488771070809385,
    0.8760098459211483,
    1.4815391314919917,
    1.135983783379764,
    1.4972809756093564,
    1.9696928740252762,
    1.4150134952867517,
    1.0612534458902347,
    0.7627837668269226,
    0.911400507151402
  ],
  "time_scales": [
    1.0,
    1.0,
    1.0,
    1.0,
    1.0,
    1.0,
    0.9523534331113865,
    1.0791279598949635,
    1.4189032669703465,
    0.9266563689782561,
    1.0025101591914694,
    1.0677642563368694,
    1.1920160897826393,
    1.3229712539711276,
    1.2394691277815881,
    1.2616499123952274
  ],
  "detuning_offsets": [
    0.0,
    0.0,
    0.0,
    0.0,
    0.0,
    0.0,
    -5000.0,
    -279.5641123436976,
    -5000.0,
    -5000.0,
    -3758.2919105378396,
    -5000.0,
    3901.395891273626,
    -3891.518882573713,
    -958.2499681376621,
    -1763.1662502690197
  ]
}