{
  "gen": 25,
  "score": 25920.0,
  "n_bar": 6.927956433113268,
  "num_pulses": 260,
  "good": 0.65738,
  "unique_pairs": [
    [
      0,
      -3
    ],
    [
      0,
      -2
    ],
    [
      0,
      -1
    ],
    [
      1,
      -3
    ],
    [
      1,
      -2
    ],
    [
      1,
      -1
    ],
    [
      2,
      -10
    ],
    [
      2,
      -9
    ],
    [
      2,
      -8
    ],
    [
      2,
      -7
    ],
    [
      2,
      -6
    ],
    [
      2,
      -5
    ],
    [
      2,
      -4
    ],
    [
      2,
      -3
    ],
    [
      2,
      -2
    ],
    [
      2,
      -1
    ]
  ],
  "omega_vector": [
    15894.163284751783,
    26248.66539594277,
    8028.905312920289,
    15509.913347092861,
    10816.302249375025,
    11307.841898707919,
    5622.041309702124,
    28686.304229282377,
    10538.432949033431,
    3253.736658972614,
    16381.626119326023,
    14624.740131176732,
    4951.146995097325,
    6.167957382162706,
    2018.856325996484,
    785.8766718516281
  ],
  "time_vector": [
    7.750626489832817e-05,
    4.277146799957713e-05,
    0.00010845601415020266,
    0.00010646880376882175,
    0.00011636135718337315,
    7.544292701030436e-05,
    3.914706037328403e-05,
    4.715493069658234e-05,
    6.310000995317377e-05,
    2.5037700599647894e-05,
    6.585481470809169e-05,
    0.0001411593548219228,
    0.00017491052180137662,
    5.6671787821915506e-05,
    3.7249174860217745e-05,
    5.199953846152665e-05
  ],
  "omega_scales": [
    0.8861084191065566,
    1.420204947018645,
    0.8827465339275775,
    1.1015236258491137,
    0.840446554428981,
    1.4144307150060589,
    0.5976817605440591,
    1.7474866336912562,
    0.8011254391894953,
    0.2815077059041483,
    1.9094906796382978,
    1.1324782624778797,
    0.972361595982028,
    0.001,
    0.47312261381512444,
    0.9773123745643783
  ],
  "time_scales": [
    0.9834697941659267,
    0.3787847641504785,
    0.913071253730564,
    1.3515306907739362,
    1.0218573509341538,
    0.5567879178368345,
    0.9720515972718478,
    1.3896413919674384,
    1.5738574028264953,
    0.9507135767038764,
    0.9817277653202489,
    1.3347997431788954,
    1.9607620868500555,
    0.4640113681331511,
    0.26415431853189353,
    1.22588684073811
  ]
}