{
  "gen": 27,
  "fitness": 2468.1368059458523,
  "score_list": [
    2471,
    2915,
    2840,
    2616,
    2169
  ],
  "num_pulses": 200,
  "unique_pairs": [
    [
      0,
      -3
    ],
    [
      0,
      -2
    ],
    [
      0,
      -1
    ],
    [
      1,
      -3
    ],
    [
      1,
      -2
    ],
    [
      1,
      -1
    ],
    [
      2,
      -5
    ],
    [
      2,
      -4
    ],
    [
      2,
      -3
    ],
    [
      2,
      -2
    ]
  ],
  "omega_vector": [
    17023.55342329251,
    6427.026836245878,
    1365.885016191701,
    12171.217934781418,
    7687.394499667453,
    2726.7554697866995,
    6876.005174968068,
    6876.005174968068,
    3500.96184169575,
    3368.623057390432
  ],
  "time_vector": [
    5.237876342478725e-05,
    0.00010266907040762406,
    3.8089136471871924e-05,
    9.934061742258979e-05,
    0.00014757034856022376,
    4.0586241064713304e-05,
    6.1006886523869734e-05,
    6.825794407578259e-05,
    0.00010057852680599726,
    0.00013747498803533568
  ],
  "omega_scales": [
    0.6946677611358136,
    0.2622630089077615,
    0.1,
    0.7235796847382671,
    0.4570160947190335,
    0.27453050266765017,
    1.5,
    1.5,
    1.4832010405479514,
    1.4271350131354892
  ],
  "time_scales": [
    0.7482680489255322,
    1.4667010058232006,
    0.7617827294374384,
    1.4191516774655686,
    2.108147836574625,
    0.811724821294266,
    1.2201377304773946,
    1.3651588815156521,
    0.5028926340299863,
    0.6873749401766784
  ]
}