{
  "gen": 21,
  "score": 3603.6204452584802,
  "score_SLM": 3737,
  "score_AOD": 3692,
  "survive_SLM": 0.6778,
  "survive_AOD": 0.6888,
  "nzbar_SLM": 11.705222779580998,
  "nzbar_AOD": 8.364401858304298,
  "num_pulses": 260,
  "unique_pairs": [
    [
      0,
      -3
    ],
    [
      0,
      -2
    ],
    [
      0,
      -1
    ],
    [
      1,
      -3
    ],
    [
      1,
      -2
    ],
    [
      1,
      -1
    ],
    [
      2,
      -10
    ],
    [
      2,
      -9
    ],
    [
      2,
      -8
    ],
    [
      2,
      -7
    ],
    [
      2,
      -6
    ],
    [
      2,
      -5
    ],
    [
      2,
      -4
    ],
    [
      2,
      -3
    ],
    [
      2,
      -2
    ],
    [
      2,
      -1
    ]
  ],
  "omega_vector": [
    20508.373046875,
    17760.42578125,
    5926.83544921875,
    25809.142578125,
    10060.341796875,
    4332.263671875,
    16530.95408225547,
    12524.341070096872,
    49555.210749983125,
    32936.892900805724,
    11576.584819945883,
    50262.26266622923,
    16379.483070382734,
    3665.90380112736,
    3347.180716512073,
    95.50634695224946
  ],
  "time_vector": [
    6.814449443481863e-05,
    7.641866250196472e-05,
    0.0001462052168790251,
    5.634267290588468e-05,
    0.00013017933815717697,
    0.0001981102832360193,
    1.5064138375662855e-05,
    5.5997143532548835e-05,
    5.0721032000188555e-05,
    1.2892143689455257e-05,
    9.455526832917446e-05,
    9.607811437633234e-05,
    7.777187118179552e-05,
    0.00031916410951556283,
    0.00020006945441245716,
    2.5314367885846256e-05
  ],
  "detuning_vector": [
    0.0,
    0.0,
    0.0,
    0.0,
    0.0,
    0.0,
    19399.277700002847,
    19310.87684045887,
    4916.892963088201,
    -9871.082454590376,
    -3500.9007625568806,
    8020.482068933388,
    -12512.013488971996,
    -8533.150775607282,
    739.5010055252703,
    19945.719608393912
  ],
  "omega_scales": [
    1.0,
    1.0,
    1.0,
    1.0,
    1.0,
    1.0,
    1.5813341849438933,
    0.44113766147380795,
    1.2588669951497198,
    1.3819072495017521,
    0.9652026373359358,
    0.935853404958499,
    1.7822200656197629,
    1.1617259932296347,
    0.7878648481233057,
    1.4503013464506198
  ],
  "time_scales": [
    1.0,
    1.0,
    1.0,
    1.0,
    1.0,
    1.0,
    0.8191281403605968,
    1.3008879076654047,
    1.2640882874264725,
    0.7039919268751028,
    1.0692161553341137,
    0.7354640190369309,
    0.5797725267184333,
    1.2672263130082273,
    0.909203453223436,
    0.5663021805469431
  ],
  "detuning_offsets": [
    0.0,
    0.0,
    0.0,
    0.0,
    0.0,
    0.0,
    8778.379262502847,
    8493.63269983387,
    -5828.487896286799,
    -5452.241145996626,
    -595.6253719318806,
    4640.576551355263,
    -15702.035949909496,
    -9328.552203829939,
    335.04131924597345,
    7455.597538081412
  ]
}