{
  "gen": 23,
  "score": 26027.0,
  "n_bar": 7.478856390932472,
  "num_pulses": 260,
  "good": 0.66876,
  "unique_pairs": [
    [
      0,
      -3
    ],
    [
      0,
      -2
    ],
    [
      0,
      -1
    ],
    [
      1,
      -3
    ],
    [
      1,
      -2
    ],
    [
      1,
      -1
    ],
    [
      2,
      -10
    ],
    [
      2,
      -9
    ],
    [
      2,
      -8
    ],
    [
      2,
      -7
    ],
    [
      2,
      -6
    ],
    [
      2,
      -5
    ],
    [
      2,
      -4
    ],
    [
      2,
      -3
    ],
    [
      2,
      -2
    ],
    [
      2,
      -1
    ]
  ],
  "omega_vector": [
    22834.89277186807,
    21449.16286851316,
    8953.851962744573,
    13032.773034781716,
    10968.160846214529,
    7770.572241459417,
    6474.058345626524,
    20212.81401386023,
    15091.723329975106,
    7870.902171220244,
    13961.576193766341,
    14890.01981628541,
    3238.125298134921,
    237.1366526480037,
    1180.7233059239654,
    938.0320316193962
  ],
  "time_vector": [
    7.34604321036606e-05,
    7.853683322591049e-05,
    0.00013629155790111636,
    0.00011019509978882558,
    0.0001097845651991312,
    0.00014007515665788678,
    4.122560413388587e-05,
    5.1887187272920654e-05,
    5.7712325977547336e-05,
    3.113088789998707e-05,
    8.921658072642723e-05,
    0.00016924219492392634,
    0.00013798125500087823,
    9.148083584221094e-05,
    3.077178944924877e-05,
    5.7195168556729925e-05
  ],
  "omega_scales": [
    1.2730579378129088,
    1.1605240402043273,
    0.9844407770875252,
    0.9255955908246352,
    0.8522462463691314,
    0.9719746835821561,
    0.6882600779189287,
    1.2313061325778065,
    1.147263880628625,
    0.6809769338603503,
    1.6274025191922523,
    1.1530204036829819,
    0.6359392451894592,
    0.038446545258854416,
    0.27670463197298084,
    1.1665320336833724
  ],
  "time_scales": [
    0.9321325977338575,
    0.6955233767261878,
    1.1474135816324533,
    1.3988328417859752,
    0.9641015512654408,
    1.0337901498116666,
    1.0236634364042518,
    1.5290995465812984,
    1.4394763414697396,
    1.182079706703592,
    1.3299922688159518,
    1.6003504592697761,
    1.546781810009913,
    0.7490172699420894,
    0.21821962774951265,
    1.3483735925727454
  ]
}