{
  "gen": 19,
  "score": 15729.0,
  "n_bar": 28.350946350191506,
  "num_pulses": 260,
  "good": 0.71538,
  "unique_pairs": [
    [
      0,
      -3
    ],
    [
      0,
      -2
    ],
    [
      0,
      -1
    ],
    [
      1,
      -3
    ],
    [
      1,
      -2
    ],
    [
      1,
      -1
    ],
    [
      2,
      -10
    ],
    [
      2,
      -9
    ],
    [
      2,
      -8
    ],
    [
      2,
      -7
    ],
    [
      2,
      -6
    ],
    [
      2,
      -5
    ],
    [
      2,
      -4
    ],
    [
      2,
      -3
    ],
    [
      2,
      -2
    ],
    [
      2,
      -1
    ]
  ],
  "omega_vector": [
    16596.100864467666,
    19068.201407122746,
    7026.736903763975,
    10880.410541404997,
    12154.54121433926,
    7598.077774510645,
    7518.2391413187215,
    16903.279156029814,
    9564.809347403021,
    8832.665113517156,
    10597.028645549623,
    12065.440126050311,
    4556.323462785086,
    6415.364781402694,
    4345.11006139783,
    804.4620536841439
  ],
  "time_vector": [
    8.04548831511791e-05,
    6.381758542329913e-05,
    0.00011992141640468022,
    9.667010112480523e-05,
    8.022780728231922e-05,
    0.00013160780156783007,
    3.960318552765853e-05,
    4.165627696860742e-05,
    3.578410015621183e-05,
    4.097192883239643e-05,
    6.683608946019928e-05,
    8.677146787960717e-05,
    7.946734605636571e-05,
    0.00012086984945902115,
    0.00020919309983535048,
    4.606469926386459e-05
  ],
  "omega_scales": [
    1.037256304029229,
    1.4667847236248266,
    0.7807485448626639,
    0.6800256588378123,
    0.9349647087953277,
    0.8442308638345162,
    0.6265199284432268,
    1.4086065963358179,
    1.0627565941558912,
    0.9814072348352396,
    1.766171440924937,
    2.010906687675052,
    1.1390808656962714,
    1.6038411953506735,
    1.448370020465943,
    0.26815401789471466
  ],
  "time_scales": [
    1.0056860393897387,
    0.7090842824811013,
    0.9993451367056683,
    1.2083762640600653,
    0.891420080914658,
    1.0967316797319169,
    1.3201061842552844,
    1.3885425656202475,
    1.1928033385403944,
    1.3657309610798811,
    1.3367217892039855,
    1.7354293575921433,
    1.1352478008052245,
    1.7267121351288737,
    2.3243677759483385,
    0.5118299918207176
  ]
}