{
  "gen": 12,
  "score": -50.539838156743215,
  "n_bar": 16.49883815674322,
  "num_pulses": 480,
  "good": 0.66274,
  "survive": 0.9937,
  "unique_pairs": [
    [
      0,
      -3
    ],
    [
      0,
      -2
    ],
    [
      0,
      -1
    ],
    [
      1,
      -3
    ],
    [
      1,
      -2
    ],
    [
      1,
      -1
    ],
    [
      2,
      -10
    ],
    [
      2,
      -9
    ],
    [
      2,
      -8
    ],
    [
      2,
      -7
    ],
    [
      2,
      -6
    ],
    [
      2,
      -5
    ],
    [
      2,
      -4
    ],
    [
      2,
      -3
    ],
    [
      2,
      -2
    ],
    [
      2,
      -1
    ]
  ],
  "omega_vector": [
    22454.16546110632,
    14615.873018704522,
    9317.754864030689,
    13025.232097452199,
    12146.44114453159,
    4700.547687340302,
    14465.079197115318,
    12944.81661008248,
    13162.538459047168,
    11363.745584435643,
    8257.771047242133,
    9767.920954523617,
    2790.512381232664,
    1802.1769492456624,
    1324.4939955317832,
    300.0
  ],
  "time_vector": [
    9.084287409209322e-05,
    9.510366772079696e-05,
    6.776632618497656e-05,
    0.00010596592713878276,
    0.00010080245520941296,
    9.587322370961436e-05,
    2.777308828196902e-05,
    5.2630176613117275e-05,
    5.0922865984748915e-05,
    4.402007039361351e-05,
    4.728123519082388e-05,
    3.4745637246826935e-05,
    7.836314583935412e-05,
    7.033195062786403e-05,
    6.793316867935618e-05,
    8.951166843614406e-05
  ],
  "omega_scales": [
    1.403385341319145,
    1.1242979245157325,
    1.03530609600341,
    0.8140770060907624,
    0.93434162650243,
    0.5222830763711447,
    1.2054232664262765,
    1.0787347175068733,
    1.4625042732274631,
    1.262638398270627,
    1.3762951745403555,
    1.6279868257539363,
    0.697628095308166,
    0.4505442373114156,
    0.4414979985105944,
    0.1
  ],
  "time_scales": [
    1.135535926151165,
    1.0567074191199661,
    0.5647193848748047,
    1.3245740892347844,
    1.1200272801045883,
    0.7989435309134529,
    0.9257696093989672,
    1.7543392204372426,
    1.697428866158297,
    1.4673356797871167,
    0.9456247038164776,
    0.6949127449365387,
    1.1194735119907735,
    1.0047421518266293,
    0.7548129853261798,
    0.9945740937349339
  ]
}