{
  "gen": 34,
  "score": 2839.0,
  "score_SLM": 2929,
  "score_AOD": 2839,
  "survive_SLM": 0.7537,
  "survive_AOD": 0.7308,
  "nzbar_SLM": 36.688602892397505,
  "nzbar_AOD": 33.44184455391352,
  "num_pulses": 260,
  "unique_pairs": [
    [
      0,
      -3
    ],
    [
      0,
      -2
    ],
    [
      0,
      -1
    ],
    [
      1,
      -3
    ],
    [
      1,
      -2
    ],
    [
      1,
      -1
    ],
    [
      2,
      -10
    ],
    [
      2,
      -9
    ],
    [
      2,
      -8
    ],
    [
      2,
      -7
    ],
    [
      2,
      -6
    ],
    [
      2,
      -5
    ],
    [
      2,
      -4
    ],
    [
      2,
      -3
    ],
    [
      2,
      -2
    ],
    [
      2,
      -1
    ]
  ],
  "omega_vector": [
    20000.0,
    17760.42578125,
    5926.83544921875,
    20000.0,
    10060.341796875,
    4332.263671875,
    7664.56815943769,
    9421.235941960857,
    6141.965180871583,
    9887.25426794202,
    9576.144226542041,
    9014.11646880587,
    5048.544890706608,
    3552.1609238387346,
    4472.851704969557,
    26.619248938746
  ],
  "time_vector": [
    6.814449443481863e-05,
    7.641866250196472e-05,
    0.0001462052168790251,
    5.634267290588468e-05,
    0.00013017933815717697,
    0.0001981102832360193,
    1.8297314119490826e-05,
    4.150016227002104e-05,
    6.117897697762577e-05,
    2.4676512780267525e-06,
    0.00010726881972863017,
    0.0001523146565357558,
    0.0001560295156051613,
    0.00029247235950546457,
    0.00020078725332526575,
    2.801535648221418e-05
  ],
  "detuning_vector": [
    0.0,
    0.0,
    0.0,
    0.0,
    0.0,
    0.0,
    12200.046125659352,
    15760.825993309665,
    17327.591555306357,
    -14926.442172731535,
    5168.6486279050605,
    10151.423424946128,
    564.7317203807324,
    3925.8520799652347,
    311.79348531745467,
    9239.770725144783
  ],
  "omega_scales": [
    1.0,
    1.0,
    1.0,
    1.0,
    1.0,
    1.0,
    0.766456815943769,
    0.9421235941960857,
    0.6141965180871582,
    0.988725426794202,
    0.957614422654204,
    0.9014116468805871,
    0.5493224644353325,
    1.125680841949263,
    1.0528271186044873,
    0.40422373810056267
  ],
  "time_scales": [
    1.0,
    1.0,
    1.0,
    1.0,
    1.0,
    1.0,
    0.9949354230910478,
    0.9641038070422644,
    1.5247250535805947,
    0.13474924108197456,
    1.2129790020603861,
    1.165946586079253,
    1.1631663881867922,
    1.161247955966848,
    0.9124654466754707,
    0.6267254049645198
  ],
  "detuning_offsets": [
    0.0,
    0.0,
    0.0,
    0.0,
    0.0,
    0.0,
    1579.1476881593517,
    4943.581852684665,
    6582.210695931357,
    -10507.600864137785,
    8073.9240185300605,
    6771.517907368003,
    -2625.2907405567676,
    3130.4506517425784,
    -92.66620096184221,
    -3250.3513451677168
  ],
  "omega_lin_max_xyz": [
    20000.0,
    20000.0,
    10000.0
  ]
}