{
  "gen": 32,
  "score": 19320.0,
  "n_bar": 19.1097733122976,
  "num_pulses": 260,
  "good": 0.72258,
  "unique_pairs": [
    [
      0,
      -3
    ],
    [
      0,
      -2
    ],
    [
      0,
      -1
    ],
    [
      1,
      -3
    ],
    [
      1,
      -2
    ],
    [
      1,
      -1
    ],
    [
      2,
      -10
    ],
    [
      2,
      -9
    ],
    [
      2,
      -8
    ],
    [
      2,
      -7
    ],
    [
      2,
      -6
    ],
    [
      2,
      -5
    ],
    [
      2,
      -4
    ],
    [
      2,
      -3
    ],
    [
      2,
      -2
    ],
    [
      2,
      -1
    ]
  ],
  "omega_vector": [
    18418.761554072757,
    14536.838247819653,
    7842.872422149999,
    18572.261044956267,
    11805.345295359666,
    5658.197421209297,
    14068.5997927001,
    18654.107790798695,
    20389.828221548923,
    11694.594323492658,
    10504.210702796348,
    14710.657375676046,
    5039.1568835346,
    2262.786385740963,
    3999.466331677214,
    590.1430544051811
  ],
  "time_vector": [
    7.639281639464551e-05,
    9.391732066209989e-05,
    0.00013447684144363007,
    7.002069846186371e-05,
    0.00010460071800423606,
    0.00015881706690454032,
    2.6623192755641993e-05,
    4.27740350414778e-05,
    4.1021328669401474e-05,
    2.1831253646532077e-05,
    4.918878793263536e-05,
    0.00014629496121968313,
    0.0001158012186887448,
    0.0001864577201266987,
    0.00022050997487528217,
    4.737020803757187e-05
  ],
  "omega_scales": [
    1.0268561729347376,
    0.7865272112750709,
    0.8622929498929351,
    1.3190134508579334,
    0.9172970159836926,
    0.7077502759426603,
    1.4956392223550377,
    1.1363542604620882,
    1.5500226806002453,
    1.011796209876923,
    1.2244017955142843,
    1.13913133192696,
    0.989645961739661,
    0.36686154678772265,
    0.9372821336232158,
    0.7338990079378418
  ],
  "time_scales": [
    0.9693413495535124,
    0.8317332048783102,
    1.1321358172411884,
    0.8888530687929926,
    0.9185782565012242,
    1.172110196448958,
    0.6610743385538937,
    1.2605377362883343,
    1.0231650018443297,
    0.8289606769447485,
    0.7332797012635777,
    1.3833619239103547,
    1.2981416834017807,
    1.5266591215871284,
    1.56375711304346,
    1.1167505788392937
  ]
}