{
  "gen": 36,
  "score": -42.31923898248354,
  "n_bar": 13.666238982483543,
  "num_pulses": 480,
  "good": 0.71704,
  "survive": 0.99286,
  "unique_pairs": [
    [
      0,
      -3
    ],
    [
      0,
      -2
    ],
    [
      0,
      -1
    ],
    [
      1,
      -3
    ],
    [
      1,
      -2
    ],
    [
      1,
      -1
    ],
    [
      2,
      -10
    ],
    [
      2,
      -9
    ],
    [
      2,
      -8
    ],
    [
      2,
      -7
    ],
    [
      2,
      -6
    ],
    [
      2,
      -5
    ],
    [
      2,
      -4
    ],
    [
      2,
      -3
    ],
    [
      2,
      -2
    ],
    [
      2,
      -1
    ]
  ],
  "omega_vector": [
    19983.45375129525,
    17785.010600086076,
    6909.379152891341,
    17719.3319864433,
    9572.076173847696,
    4892.438252072606,
    21399.48764588852,
    20695.598593467184,
    21153.9232359475,
    8860.049870204219,
    10935.001591522177,
    6926.345648940372,
    400.0,
    1837.4112473394125,
    518.6712495801121,
    300.0
  ],
  "time_vector": [
    7.420538002038624e-05,
    9.507146135431273e-05,
    9.417024656387332e-05,
    9.818488572199871e-05,
    0.00010236852869844232,
    0.00015519443470210576,
    3.688170190352667e-05,
    4.981151510273029e-05,
    4.120979249371246e-05,
    3.45603188146006e-05,
    3.2279907155476294e-05,
    7.519080724518102e-05,
    8.238605022106642e-05,
    2.2142792638698972e-05,
    2.881814573161691e-05,
    3.922504967229584e-05
  ],
  "omega_scales": [
    1.248965859455953,
    1.3680777384681597,
    0.7677087947657045,
    1.1074582491527063,
    0.7363135518344381,
    0.5436042502302896,
    1.7832906371573767,
    1.7246332161222653,
    2.350435915105278,
    0.9844499855782466,
    1.8225002652536963,
    1.154390941490062,
    0.1,
    0.4593528118348531,
    0.17289041652670403,
    0.1
  ],
  "time_scales": [
    0.9275672502548279,
    1.0563495706034747,
    0.7847520546989444,
    1.2273110715249838,
    1.137428096649359,
    1.2932869558508813,
    1.229390063450889,
    1.6603838367576762,
    1.373659749790415,
    1.1520106271533532,
    0.6455981431095259,
    1.5038161449036203,
    1.1769435745866634,
    0.3163256091242711,
    0.32020161924018786,
    0.4358338852477316
  ]
}