{
  "gen": 35,
  "score": 3756.9049761738715,
  "score_SLM": 3995,
  "score_AOD": 3533,
  "survive_SLM": 0.691,
  "survive_AOD": 0.7282,
  "nzbar_SLM": 12.650795947901592,
  "nzbar_AOD": 13.420763526503707,
  "num_pulses": 260,
  "unique_pairs": [
    [
      0,
      -3
    ],
    [
      0,
      -2
    ],
    [
      0,
      -1
    ],
    [
      1,
      -3
    ],
    [
      1,
      -2
    ],
    [
      1,
      -1
    ],
    [
      2,
      -10
    ],
    [
      2,
      -9
    ],
    [
      2,
      -8
    ],
    [
      2,
      -7
    ],
    [
      2,
      -6
    ],
    [
      2,
      -5
    ],
    [
      2,
      -4
    ],
    [
      2,
      -3
    ],
    [
      2,
      -2
    ],
    [
      2,
      -1
    ]
  ],
  "omega_vector": [
    20508.373046875,
    17760.42578125,
    5926.83544921875,
    25809.142578125,
    10060.341796875,
    4332.263671875,
    18291.147956317487,
    17333.696607349117,
    27079.60950603212,
    16238.961825359303,
    11321.20666831348,
    53403.406433168675,
    10556.092714742867,
    1827.0090405237386,
    3703.842990274585,
    283.7955274504575
  ],
  "time_vector": [
    6.814449443481863e-05,
    7.641866250196472e-05,
    0.0001462052168790251,
    5.634267290588468e-05,
    0.00013017933815717697,
    0.0001981102832360193,
    1.2700884206505772e-05,
    3.302439743304093e-05,
    7.377456151906897e-05,
    2.115831204349526e-05,
    5.017234203650787e-05,
    0.00011840827266902276,
    0.00017728840502931375,
    0.000172945445436806,
    0.0003135925909403172,
    5.638158248699866e-05
  ],
  "detuning_vector": [
    0.0,
    0.0,
    0.0,
    0.0,
    0.0,
    0.0,
    -560.4873960511167,
    3743.296061525558,
    24.052319559530815,
    -1205.8175933785192,
    3075.953263573747,
    -3019.9444224845884,
    983.022420881392,
    -1850.5906791974567,
    524.8717696031204,
    53.584811386823674
  ],
  "omega_scales": [
    1.0,
    1.0,
    1.0,
    1.0,
    1.0,
    1.0,
    1.3281088269366252,
    1.0035706974386809,
    1.1093548409545246,
    1.0777385102430725,
    1.1099822656568914,
    2.1741405742745306,
    1.6428049561631286,
    0.8950999561668059,
    0.6714324447266435,
    1.5205284061657878
  ],
  "time_scales": [
    1.0,
    1.0,
    1.0,
    1.0,
    1.0,
    1.0,
    0.7970618024503934,
    0.8046362848628155,
    1.5083815683074433,
    1.2407567886673787,
    0.8417413792750685,
    1.2092408600012192,
    1.3589867165101268,
    1.022833741612243,
    1.8728579927410263,
    1.1141205129780216
  ],
  "detuning_offsets": [
    0.0,
    0.0,
    0.0,
    0.0,
    0.0,
    0.0,
    -342.2847440735776,
    3046.1146040060266,
    -1064.8396482139067,
    -340.7714508003942,
    3349.8865826655438,
    -4166.286829711151,
    665.031698225142,
    -2863.594707517769,
    81.2374922593704,
    412.0815154883862
  ]
}