{
  "gen": 29,
  "score": 18863.0,
  "n_bar": 18.45755942239477,
  "num_pulses": 260,
  "good": 0.71606,
  "unique_pairs": [
    [
      0,
      -3
    ],
    [
      0,
      -2
    ],
    [
      0,
      -1
    ],
    [
      1,
      -3
    ],
    [
      1,
      -2
    ],
    [
      1,
      -1
    ],
    [
      2,
      -10
    ],
    [
      2,
      -9
    ],
    [
      2,
      -8
    ],
    [
      2,
      -7
    ],
    [
      2,
      -6
    ],
    [
      2,
      -5
    ],
    [
      2,
      -4
    ],
    [
      2,
      -3
    ],
    [
      2,
      -2
    ],
    [
      2,
      -1
    ]
  ],
  "omega_vector": [
    18969.97528665069,
    14747.523918500929,
    5549.46865621955,
    12033.274442321763,
    10616.969678929514,
    4504.8708306890485,
    11529.800083212709,
    22523.465692209633,
    17691.031159372742,
    12259.173134412069,
    11452.869856471949,
    18897.391217278873,
    3512.32588808339,
    2009.1279232687205,
    5011.010345253885,
    583.1610964630693
  ],
  "time_vector": [
    6.094778395610956e-05,
    0.00010174896300542818,
    0.00015734772913153194,
    9.859444276974178e-05,
    0.00010709781077791693,
    0.000184689729773047,
    2.8553965654866053e-05,
    4.069257674511105e-05,
    3.6113118992383e-05,
    3.068976736986229e-05,
    6.960545967858072e-05,
    0.00010275616872086394,
    0.00012351538407099388,
    0.00011913197871124135,
    0.00022313337977796538,
    5.086019322419915e-05
  ],
  "omega_scales": [
    1.0575866442665025,
    0.7979265272880571,
    0.6101422336534876,
    0.8546105834323189,
    0.8249580475294922,
    0.5634875095653329,
    1.225738274203597,
    1.3720643456525363,
    1.3448617243009964,
    1.060642598666789,
    1.3349803057856224,
    1.463334362125638,
    0.6897898223437062,
    0.3257363497807192,
    1.1743392939222344,
    0.7252162792859824
  ],
  "time_scales": [
    0.7733607679432553,
    0.9010903473069459,
    1.3246816180319365,
    1.2515723914058126,
    0.9405071224797223,
    1.3630570042985877,
    0.709016913622462,
    1.199197796613799,
    0.9007431172751716,
    1.165329794894265,
    1.0376403409111024,
    0.971660063137062,
    1.3846181449515405,
    0.9754164206698237,
    1.5823611153308133,
    1.1990268266914312
  ]
}