{
  "gen": 16,
  "fitness": 3095.4624732583684,
  "score_list": [
    3102,
    3377,
    3538,
    3150,
    2880
  ],
  "num_pulses": 200,
  "unique_pairs": [
    [
      0,
      -3
    ],
    [
      0,
      -2
    ],
    [
      0,
      -1
    ],
    [
      1,
      -3
    ],
    [
      1,
      -2
    ],
    [
      1,
      -1
    ],
    [
      2,
      -5
    ],
    [
      2,
      -4
    ],
    [
      2,
      -3
    ],
    [
      2,
      -2
    ]
  ],
  "omega_vector": [
    28895.10268184534,
    16733.379028546282,
    9530.095901867342,
    17104.470176701125,
    7345.401768357547,
    2342.3305044741214,
    11480.787923943955,
    12061.260953901074,
    2204.5922990897207,
    2325.9795661190205
  ],
  "time_vector": [
    6.378356537230127e-05,
    9.86973392278651e-05,
    6.701344589713671e-05,
    7.578283781214155e-05,
    0.00010601478407081673,
    3.569721762063201e-05,
    5.323279447186875e-05,
    7.494101178723655e-05,
    0.00020869954787884506,
    0.0001059056125266734
  ],
  "omega_scales": [
    1.1791014360328975,
    0.6828268256903682,
    0.6977231457182776,
    1.0168618460692085,
    0.43668460496755657,
    0.23582648973556586,
    2.504533002477839,
    2.6311631493115666,
    0.9339872126141385,
    0.9854135716857709
  ],
  "time_scales": [
    0.9111937910328753,
    1.4099619889695012,
    1.340268917942734,
    1.0826119687448794,
    1.5144969152973817,
    0.7139443524126402,
    1.064655889437375,
    1.4988202357447313,
    1.0434977393942253,
    0.5295280626333669
  ]
}