{
  "gen": 24,
  "fitness": 3568.4449032900297,
  "score_list": [
    3738,
    3824,
    4583,
    3665,
    3169
  ],
  "num_pulses": 200,
  "unique_pairs": [
    [
      0,
      -3
    ],
    [
      0,
      -2
    ],
    [
      0,
      -1
    ],
    [
      1,
      -3
    ],
    [
      1,
      -2
    ],
    [
      1,
      -1
    ],
    [
      2,
      -5
    ],
    [
      2,
      -4
    ],
    [
      2,
      -3
    ],
    [
      2,
      -2
    ]
  ],
  "omega_vector": [
    23508.80051173219,
    21899.944337773733,
    1365.885016191701,
    17813.32300437765,
    8824.902349609702,
    993.243170901028,
    10296.945422440289,
    13914.902386885551,
    3165.0217460928893,
    3212.361017994301
  ],
  "time_vector": [
    6.565319535529596e-05,
    7.883190165887302e-05,
    3.134496974124561e-05,
    7.254736057335586e-05,
    0.00010707761296408652,
    6.19112842593108e-05,
    8.621082800607916e-05,
    7.066567514829292e-05,
    0.0002748281363072271,
    0.00014278061082787871
  ],
  "omega_scales": [
    0.9593065215238092,
    0.8936550979600272,
    0.1,
    1.0590031920153913,
    0.5246410091572531,
    0.1,
    2.2462778518389004,
    3.0355348853304576,
    1.3408782384466302,
    1.360933771902244
  ],
  "time_scales": [
    0.9379027907899424,
    1.1261700236981858,
    0.6268993948249121,
    1.0363908653336553,
    1.5296801852012358,
    1.2382256851862161,
    1.724216560121583,
    1.4133135029658588,
    1.3741406815361354,
    0.7139030541393936
  ]
}