{
  "gen": 31,
  "fitness_penalized": 15927.0,
  "raw_survivors": 15927,
  "num_pulses": 280,
  "length_penalty": 0.0,
  "unique_pairs": [
    [
      0,
      -3
    ],
    [
      0,
      -2
    ],
    [
      0,
      -1
    ],
    [
      1,
      -3
    ],
    [
      1,
      -2
    ],
    [
      1,
      -1
    ],
    [
      2,
      -5
    ],
    [
      2,
      -4
    ],
    [
      2,
      -3
    ],
    [
      2,
      -2
    ],
    [
      2,
      -1
    ]
  ],
  "omega_vector": [
    12519.538297626515,
    17007.2152066922,
    6622.454334545837,
    8316.321931120765,
    23938.43995707951,
    7118.305064616974,
    13888.888888888898,
    17849.920197214273,
    30073.999439298,
    8060.141636014842,
    1188.8342159795964
  ],
  "time_vector": [
    0.00010251910154002781,
    9.113745546783846e-05,
    0.00010414899909997272,
    0.00013137721502158359,
    8.18001542779224e-05,
    7.617233986317158e-05,
    9.125863490762546e-05,
    8.951104675853308e-05,
    5.4421888979847045e-05,
    0.00025349407539445624,
    0.0003330644273016507
  ],
  "omega_scales": [
    0.9360762480994592,
    0.9890349766353307,
    1.1682009446138855,
    0.6218049936191832,
    1.392112354427085,
    1.255669013398434,
    1.5,
    1.3769938437851006,
    1.1599971212300653,
    1.2435647095565754,
    0.1834201361797091
  ],
  "time_scales": [
    1.1391011282225312,
    1.3019636495405496,
    1.4878428442853244,
    1.459746833573151,
    1.1685736325417486,
    1.0881762837595939,
    1.3036947843946496,
    1.7902209351706617,
    1.088437779596941,
    1.2674703769722813,
    1.6653221365082533
  ]
}