{
  "gen": 16,
  "score": 25806.0,
  "n_bar": 7.840182513110722,
  "num_pulses": 260,
  "good": 0.67502,
  "unique_pairs": [
    [
      0,
      -3
    ],
    [
      0,
      -2
    ],
    [
      0,
      -1
    ],
    [
      1,
      -3
    ],
    [
      1,
      -2
    ],
    [
      1,
      -1
    ],
    [
      2,
      -10
    ],
    [
      2,
      -9
    ],
    [
      2,
      -8
    ],
    [
      2,
      -7
    ],
    [
      2,
      -6
    ],
    [
      2,
      -5
    ],
    [
      2,
      -4
    ],
    [
      2,
      -3
    ],
    [
      2,
      -2
    ],
    [
      2,
      -1
    ]
  ],
  "omega_vector": [
    13100.507704852494,
    20902.2226792973,
    6081.878294755758,
    12256.967434394057,
    17636.950008997475,
    9170.08829714433,
    7830.83044808777,
    20634.07654354838,
    10033.757838158725,
    4869.567330891795,
    12494.475166566042,
    11896.945100114897,
    4411.0867396847825,
    338.5463375698073,
    4.2670890527024445,
    720.3251349254656
  ],
  "time_vector": [
    9.127813753191678e-05,
    7.332553663207212e-05,
    0.00013452763336377823,
    0.00012169584414234513,
    8.162939179004709e-05,
    0.00015353002342709265,
    3.842317851502145e-05,
    5.2454061751202936e-05,
    5.066943618930497e-05,
    2.908258802854382e-05,
    7.388351041566055e-05,
    0.00014685328577880685,
    0.00014486621027011274,
    9.099066888670874e-05,
    3.940083812796799e-05,
    5.829238379151037e-05
  ],
  "omega_scales": [
    0.73036057097619,
    1.1309314056558393,
    0.6686785776169873,
    0.8704973978967399,
    1.3704234149479868,
    1.1470318264956116,
    0.8324991352621532,
    1.2569682267263294,
    0.7627603357815367,
    0.4213065996859071,
    1.4563928943161353,
    0.9212493073330787,
    0.8662985256673323,
    0.05488791776494098,
    0.001,
    0.8957928047587134
  ],
  "time_scales": [
    1.1582198064649571,
    0.6493720556811683,
    1.132563425083616,
    1.5448249860602448,
    0.716849614614693,
    1.13309047590022,
    0.9540770543597965,
    1.5458051641579584,
    1.2638106919913619,
    1.1043031357604405,
    1.1014151948630333,
    1.3886414286167126,
    1.6239627544296174,
    0.7450039319413376,
    0.2794129422822332,
    1.3742403936554108
  ]
}