{
  "gen": 26,
  "score": 3791.0948286741655,
  "score_SLM": 4200,
  "score_AOD": 3422,
  "survive_SLM": 0.7055,
  "survive_AOD": 0.7219,
  "nzbar_SLM": 14.415875265768959,
  "nzbar_AOD": 14.16359606593711,
  "num_pulses": 260,
  "unique_pairs": [
    [
      0,
      -3
    ],
    [
      0,
      -2
    ],
    [
      0,
      -1
    ],
    [
      1,
      -3
    ],
    [
      1,
      -2
    ],
    [
      1,
      -1
    ],
    [
      2,
      -10
    ],
    [
      2,
      -9
    ],
    [
      2,
      -8
    ],
    [
      2,
      -7
    ],
    [
      2,
      -6
    ],
    [
      2,
      -5
    ],
    [
      2,
      -4
    ],
    [
      2,
      -3
    ],
    [
      2,
      -2
    ],
    [
      2,
      -1
    ]
  ],
  "omega_vector": [
    20508.373046875,
    17760.42578125,
    5926.83544921875,
    25809.142578125,
    10060.341796875,
    4332.263671875,
    16460.714820225538,
    13211.573803484514,
    32911.97788752207,
    17873.621059802037,
    9521.710537293915,
    47007.48350494747,
    8142.5626591776945,
    842.4117732794999,
    4618.430055955984,
    183.55782176870974
  ],
  "time_vector": [
    6.814449443481863e-05,
    7.641866250196472e-05,
    0.0001462052168790251,
    5.634267290588468e-05,
    0.00013017933815717697,
    0.0001981102832360193,
    1.4447468509979719e-05,
    5.156471628040903e-05,
    7.422490712660408e-05,
    2.0240970700177607e-05,
    7.430979570896223e-05,
    0.00010168618756796253,
    0.00015546841675682585,
    0.00018860771730917002,
    0.00022007707349701766,
    4.780434912922598e-05
  ],
  "detuning_vector": [
    0.0,
    0.0,
    0.0,
    0.0,
    0.0,
    0.0,
    634.9271172328964,
    3816.196290746018,
    3331.187702758774,
    -3116.023051735893,
    -2035.6528295959386,
    -2797.2315538487055,
    2177.883841774482,
    -795.729144642062,
    255.67953016245292,
    -2372.1380649036228
  ],
  "omega_scales": [
    1.0,
    1.0,
    1.0,
    1.0,
    1.0,
    1.0,
    1.1952022203656925,
    0.764911757518828,
    1.3482861334015122,
    1.1862266775920596,
    0.93355153251425,
    1.9137520246118682,
    1.2671963626924037,
    0.41271976471486116,
    0.8372287355084793,
    0.9834717434789865
  ],
  "time_scales": [
    1.0,
    1.0,
    1.0,
    1.0,
    1.0,
    1.0,
    0.9066711501480454,
    1.2563693803043274,
    1.517589254531354,
    1.1869624454841023,
    1.2466954380602013,
    1.038467077791408,
    1.19172775667113,
    1.1154635307396585,
    1.3143585595629983,
    0.9446312718646228
  ],
  "detuning_offsets": [
    0.0,
    0.0,
    0.0,
    0.0,
    0.0,
    0.0,
    853.1297692104355,
    3119.0148332264866,
    2242.2957349853364,
    -2250.976909157768,
    -1761.7195105041417,
    -3943.573961075268,
    1859.8931191182319,
    -1808.7331729623745,
    -187.95474718129708,
    -2013.6413608020603
  ]
}