{
  "gen": 39,
  "score": 2831.0,
  "score_SLM": 2903,
  "score_AOD": 2831,
  "survive_SLM": 0.7235,
  "survive_AOD": 0.731,
  "nzbar_SLM": 32.6324809951624,
  "nzbar_AOD": 30.193844049247605,
  "num_pulses": 260,
  "unique_pairs": [
    [
      0,
      -3
    ],
    [
      0,
      -2
    ],
    [
      0,
      -1
    ],
    [
      1,
      -3
    ],
    [
      1,
      -2
    ],
    [
      1,
      -1
    ],
    [
      2,
      -10
    ],
    [
      2,
      -9
    ],
    [
      2,
      -8
    ],
    [
      2,
      -7
    ],
    [
      2,
      -6
    ],
    [
      2,
      -5
    ],
    [
      2,
      -4
    ],
    [
      2,
      -3
    ],
    [
      2,
      -2
    ],
    [
      2,
      -1
    ]
  ],
  "omega_vector": [
    20000.0,
    17760.42578125,
    5926.83544921875,
    20000.0,
    10060.341796875,
    4332.263671875,
    8191.492296169481,
    3733.7788932385242,
    9648.133600344325,
    4154.757651713162,
    9999.999999999998,
    8399.69044412524,
    9753.622644391542,
    3706.6980286622147,
    3874.7200469070513,
    52.3444798359268
  ],
  "time_vector": [
    6.814449443481863e-05,
    7.641866250196472e-05,
    0.0001462052168790251,
    5.634267290588468e-05,
    0.00013017933815717697,
    0.0001981102832360193,
    1.0273438826354963e-05,
    3.9337233958151415e-05,
    4.7677752389199484e-05,
    5.658802985745837e-06,
    0.00012442569669976407,
    0.00020543000729270097,
    0.00011425410429409066,
    0.0002605942996321428,
    0.00027878017523569755,
    2.464720369237121e-05
  ],
  "detuning_vector": [
    0.0,
    0.0,
    0.0,
    0.0,
    0.0,
    0.0,
    4636.395367594206,
    6175.875544151526,
    16251.62262855445,
    -9246.398174312342,
    6849.313850827297,
    12074.204138296713,
    -2598.6417037325573,
    951.8675126882445,
    2082.842277683578,
    20029.82764233416
  ],
  "omega_scales": [
    1.0,
    1.0,
    1.0,
    1.0,
    1.0,
    1.0,
    0.8191492296169481,
    0.3733778893238524,
    0.9648133600344324,
    0.41547576517131624,
    0.9999999999999998,
    0.8399690444125242,
    1.0612729299589376,
    1.1746536959386884,
    0.9120379148389315,
    0.7948714615088094
  ],
  "time_scales": [
    1.0,
    1.0,
    1.0,
    1.0,
    1.0,
    1.0,
    0.5586288861058211,
    0.9138561138822938,
    1.1882425492798043,
    0.30900614464917786,
    1.4069862779823785,
    1.572536886001732,
    0.851739706502546,
    1.0346775958457164,
    1.2668995312597247,
    0.5513771964726221
  ],
  "detuning_offsets": [
    0.0,
    0.0,
    0.0,
    0.0,
    0.0,
    0.0,
    -5984.503069905794,
    -4641.368596473474,
    5506.24176917945,
    -4827.556865718592,
    9754.589241452297,
    8694.298620718588,
    -5788.664164670057,
    156.4660844655882,
    1678.382591404281,
    7539.705572021659
  ],
  "omega_lin_max_xyz": [
    20000.0,
    20000.0,
    10000.0
  ]
}