{
  "gen": 28,
  "fitness": 67.77225762403278,
  "z_mean": 55.57225762403277,
  "good_frac": 0.8788,
  "survive_frac": 0.9984,
  "num_pulses": 200,
  "z_dns": [
    -5,
    -4,
    -3,
    -2
  ],
  "omega_scales_z": [
    0.1,
    0.2897322043117322,
    0.1914014955782357,
    0.40439450362134893
  ],
  "time_scales_z": [
    1.2674007591596166,
    0.8959523547811674,
    0.3868385097361563,
    0.4661908539179309
  ]
}