{
  "gen": 15,
  "fitness": 2375.705751774446,
  "score_list": [
    2233,
    2844,
    2953,
    2557,
    2113
  ],
  "num_pulses": 200,
  "unique_pairs": [
    [
      0,
      -3
    ],
    [
      0,
      -2
    ],
    [
      0,
      -1
    ],
    [
      1,
      -3
    ],
    [
      1,
      -2
    ],
    [
      1,
      -1
    ],
    [
      2,
      -5
    ],
    [
      2,
      -4
    ],
    [
      2,
      -3
    ],
    [
      2,
      -2
    ]
  ],
  "omega_vector": [
    24926.282820364548,
    12569.60868758111,
    2659.0627784680696,
    14846.317113233532,
    14132.337991297725,
    1430.8832865660593,
    6876.005174968068,
    6876.005174968068,
    3127.3464056480375,
    3540.614265348371
  ],
  "time_vector": [
    9.1391940990137e-05,
    4.7576142831539144e-05,
    2.396055617463552e-05,
    0.00010603061914941292,
    7.600494228565505e-05,
    2.224820541636961e-05,
    6.709064055731694e-05,
    7.28130341433386e-05,
    0.00016066227398988772,
    0.00011995408276447859
  ],
  "omega_scales": [
    1.0171486909759269,
    0.5129188782295051,
    0.19467691254729103,
    0.8826145020063502,
    0.8401683975385564,
    0.14406172914010804,
    1.5,
    1.5,
    1.3249168807747809,
    1.5
  ],
  "time_scales": [
    1.3055991570019572,
    0.679659183307702,
    0.47921112349271033,
    1.514723130705899,
    1.085784889795072,
    0.4449641083273922,
    1.3418128111463388,
    1.4562606828667721,
    0.8033113699494385,
    0.5997704138223929
  ]
}