{
  "gen": 6,
  "score": 3560.191006111891,
  "score_SLM": 3760,
  "score_AOD": 3371,
  "survive_SLM": 0.7138,
  "survive_AOD": 0.704,
  "nzbar_SLM": 17.663351078733537,
  "nzbar_AOD": 14.213636363636363,
  "num_pulses": 260,
  "unique_pairs": [
    [
      0,
      -3
    ],
    [
      0,
      -2
    ],
    [
      0,
      -1
    ],
    [
      1,
      -3
    ],
    [
      1,
      -2
    ],
    [
      1,
      -1
    ],
    [
      2,
      -10
    ],
    [
      2,
      -9
    ],
    [
      2,
      -8
    ],
    [
      2,
      -7
    ],
    [
      2,
      -6
    ],
    [
      2,
      -5
    ],
    [
      2,
      -4
    ],
    [
      2,
      -3
    ],
    [
      2,
      -2
    ],
    [
      2,
      -1
    ]
  ],
  "omega_vector": [
    20508.373046875,
    17760.42578125,
    5926.83544921875,
    25809.142578125,
    10060.341796875,
    4332.263671875,
    18737.43682922854,
    22349.34579332594,
    29238.462989590756,
    14774.925064728615,
    9633.396548679404,
    32396.881402034487,
    8880.123924962925,
    1009.7972717665559,
    5193.635441354442,
    174.31078245539038
  ],
  "time_vector": [
    6.814449443481863e-05,
    7.641866250196472e-05,
    0.0001462052168790251,
    5.634267290588468e-05,
    0.00013017933815717697,
    0.0001981102832360193,
    1.654260489297862e-05,
    3.415679286098153e-05,
    5.091089098116789e-05,
    1.1573391972706489e-05,
    5.166274954175221e-05,
    6.036183175495293e-05,
    0.00011048849026746946,
    0.00018327026388710002,
    0.00020639820006609108,
    3.248519362699549e-05
  ],
  "detuning_vector": [
    0.0,
    0.0,
    0.0,
    0.0,
    0.0,
    0.0,
    1349.7060672168484,
    9316.481522056729,
    -2553.668754233331,
    273.7596335017797,
    -9725.6714529783,
    7465.985572226224,
    5684.512108774458,
    1148.191572190987,
    -322.18008742948894,
    9826.810523154358
  ],
  "omega_scales": [
    1.0,
    1.0,
    1.0,
    1.0,
    1.0,
    1.0,
    1.3605135832095658,
    1.2939622201300607,
    1.1977953541888025,
    0.9805741216379346,
    0.9445017338127406,
    1.3189303649434607,
    1.3819802449155756,
    0.4947263388672106,
    0.9415019347645271,
    0.9339276718188423
  ],
  "time_scales": [
    1.0,
    1.0,
    1.0,
    1.0,
    1.0,
    1.0,
    1.0381543724702442,
    0.8322269911574938,
    1.0409150254624573,
    0.678681958585575,
    0.8667459458993138,
    0.6164433590433069,
    0.8469385833547461,
    1.0838967702471323,
    1.2326647052535402,
    0.6419192046666016
  ],
  "detuning_offsets": [
    0.0,
    0.0,
    0.0,
    0.0,
    0.0,
    0.0,
    1567.9087191943875,
    8619.300064537198,
    -3642.5607220067686,
    1138.8057760799047,
    -9451.738133886503,
    6319.643164999661,
    5366.521386118208,
    135.18754387067452,
    -765.8143647732389,
    10185.30722725592
  ]
}