{
  "gen": 10,
  "score": 3523.1978672884156,
  "score_SLM": 3625,
  "score_AOD": 3677,
  "survive_SLM": 0.6921,
  "survive_AOD": 0.6936,
  "nzbar_SLM": 15.829359919086837,
  "nzbar_AOD": 9.579008073817763,
  "num_pulses": 260,
  "unique_pairs": [
    [
      0,
      -3
    ],
    [
      0,
      -2
    ],
    [
      0,
      -1
    ],
    [
      1,
      -3
    ],
    [
      1,
      -2
    ],
    [
      1,
      -1
    ],
    [
      2,
      -10
    ],
    [
      2,
      -9
    ],
    [
      2,
      -8
    ],
    [
      2,
      -7
    ],
    [
      2,
      -6
    ],
    [
      2,
      -5
    ],
    [
      2,
      -4
    ],
    [
      2,
      -3
    ],
    [
      2,
      -2
    ],
    [
      2,
      -1
    ]
  ],
  "omega_vector": [
    20508.373046875,
    17760.42578125,
    5926.83544921875,
    25809.142578125,
    10060.341796875,
    4332.263671875,
    8528.608817591925,
    36149.65365379307,
    40349.88365992843,
    31838.43267155283,
    8194.28005264764,
    57767.41942964601,
    10864.447154410735,
    3822.395327637221,
    2062.436304458275,
    63.93764630524913
  ],
  "time_vector": [
    6.814449443481863e-05,
    7.641866250196472e-05,
    0.0001462052168790251,
    5.634267290588468e-05,
    0.00013017933815717697,
    0.0001981102832360193,
    1.4898897944979129e-05,
    5.763754400746113e-05,
    4.3444223782433894e-05,
    3.66666289948365e-06,
    4.584365683939624e-05,
    0.00011984916259249434,
    0.00014211916755069512,
    0.0003111512355018692,
    0.00034242547589058577,
    3.539193682209114e-05
  ],
  "detuning_vector": [
    0.0,
    0.0,
    0.0,
    0.0,
    0.0,
    0.0,
    -130.22410448627488,
    5854.399364225691,
    16021.053359019816,
    -9441.542814151417,
    -3983.815484747342,
    6895.828214770037,
    -6281.775852658811,
    -16879.86645726266,
    149.61192468935565,
    -588.3467521043785
  ],
  "omega_scales": [
    1.0,
    1.0,
    1.0,
    1.0,
    1.0,
    1.0,
    0.8158380094799664,
    1.273278457259311,
    1.0250211033081356,
    1.335820019638707,
    0.6832015521760524,
    1.075594955362478,
    1.1821396094891474,
    1.2113182040265413,
    0.4854596161360712,
    0.9709182424467369
  ],
  "time_scales": [
    1.0,
    1.0,
    1.0,
    1.0,
    1.0,
    1.0,
    0.8101430206462813,
    1.3389965861965087,
    1.082732986180272,
    0.20022279785170594,
    0.5183928868102198,
    0.9174279425721106,
    1.0594677434644768,
    1.2354115678967401,
    1.5561317246837758,
    0.79174526839898
  ],
  "detuning_offsets": [
    0.0,
    0.0,
    0.0,
    0.0,
    0.0,
    0.0,
    -10751.122541986275,
    -4962.844776399309,
    5275.672499644816,
    -5022.701505557668,
    -1078.540094122342,
    3515.9226971919124,
    -9471.798313596311,
    -17675.267885485315,
    -254.84776158994123,
    -13078.468822416879
  ]
}