{
  "gen": 38,
  "fitness": 67.79357208029197,
  "z_mean": 55.38857208029197,
  "good_frac": 0.8768,
  "survive_frac": 0.9983,
  "num_pulses": 200,
  "z_dns": [
    -5,
    -4,
    -3,
    -2
  ],
  "omega_scales_z": [
    0.5641460077592857,
    0.16191280195007732,
    0.32609900268747244,
    0.12860612634944255
  ],
  "time_scales_z": [
    0.8285180387247917,
    0.6771736750095451,
    0.15652075515821628,
    0.34513675282439965
  ]
}