{
  "gen": 35,
  "score": 16911.0,
  "n_bar": 24.334532273021047,
  "num_pulses": 260,
  "good": 0.71174,
  "unique_pairs": [
    [
      0,
      -3
    ],
    [
      0,
      -2
    ],
    [
      0,
      -1
    ],
    [
      1,
      -3
    ],
    [
      1,
      -2
    ],
    [
      1,
      -1
    ],
    [
      2,
      -10
    ],
    [
      2,
      -9
    ],
    [
      2,
      -8
    ],
    [
      2,
      -7
    ],
    [
      2,
      -6
    ],
    [
      2,
      -5
    ],
    [
      2,
      -4
    ],
    [
      2,
      -3
    ],
    [
      2,
      -2
    ],
    [
      2,
      -1
    ]
  ],
  "omega_vector": [
    15287.866843370552,
    18871.125137566232,
    8305.563982739339,
    12737.259136696759,
    13438.448351683031,
    6773.794868333887,
    16530.08782667091,
    17256.081332950595,
    9989.734415417983,
    10345.96238230559,
    9581.954493422505,
    12961.813392024907,
    4237.249221112783,
    6153.169677214504,
    4392.754051074873,
    1225.9699924474135
  ],
  "time_vector": [
    8.007011638386795e-05,
    7.784394344050518e-05,
    0.00011399388583249711,
    0.00011436654145119106,
    0.00011573106137811373,
    0.00011574107982563245,
    3.4739014069458835e-05,
    3.327828501873824e-05,
    3.715820722618418e-05,
    3.0459825916776716e-05,
    6.784305612285766e-05,
    0.00010231713850498488,
    0.0001023247877141938,
    0.00012285406130178826,
    0.00022496637681184643,
    1.661502777094895e-05
  ],
  "omega_scales": [
    0.9554916777106595,
    1.4516250105820179,
    0.9228404425265933,
    0.7960786960435474,
    1.03372679628331,
    0.7526438742593208,
    1.3775073188892426,
    1.438006777745883,
    1.109970490601998,
    1.1495513758117322,
    1.5969924155704174,
    2.160302232004151,
    1.0593123052781956,
    1.538292419303626,
    1.464251350358291,
    0.4086566641491378
  ],
  "time_scales": [
    1.0008764547983493,
    0.864932704894502,
    0.9499490486041423,
    1.4295817681398881,
    1.2859006819790413,
    0.9645089985469368,
    1.1579671356486279,
    1.1092761672912748,
    1.2386069075394728,
    1.015327530559224,
    1.356861122457153,
    2.0463427700996975,
    1.4617826816313402,
    1.7550580185969753,
    2.499626409020516,
    0.18461141967721056
  ]
}