{
  "gen": 2,
  "fitness": 70.5325014526438,
  "z_mean": 56.49750145264381,
  "good_frac": 0.8605,
  "survive_frac": 0.9983,
  "num_pulses": 200,
  "z_dns": [
    -5,
    -4,
    -3,
    -2
  ],
  "omega_scales_z": [
    1.2450544317501853,
    0.8178567428772516,
    1.0790408611643754,
    0.23565561112511424
  ],
  "time_scales_z": [
    0.6688959337700747,
    0.875358655057882,
    0.31846568719958895,
    0.6903395892162959
  ]
}