{
  "gen": 11,
  "score": 15832.253029812277,
  "score_SLM": 16454,
  "score_AOD": 15234,
  "survive_SLM": 0.71616,
  "survive_AOD": 0.74114,
  "nzbar_SLM": 18.65049709562109,
  "nzbar_AOD": 19.464824459616267,
  "num_pulses": 260,
  "unique_pairs": [
    [
      0,
      -3
    ],
    [
      0,
      -2
    ],
    [
      0,
      -1
    ],
    [
      1,
      -3
    ],
    [
      1,
      -2
    ],
    [
      1,
      -1
    ],
    [
      2,
      -10
    ],
    [
      2,
      -9
    ],
    [
      2,
      -8
    ],
    [
      2,
      -7
    ],
    [
      2,
      -6
    ],
    [
      2,
      -5
    ],
    [
      2,
      -4
    ],
    [
      2,
      -3
    ],
    [
      2,
      -2
    ],
    [
      2,
      -1
    ]
  ],
  "omega_vector": [
    19453.168522715274,
    14428.551491511893,
    7853.470071492207,
    21734.818707037928,
    12177.608685888237,
    3906.337693605313,
    13551.436699107084,
    18523.509024520215,
    22222.31921596151,
    12183.564021927752,
    7962.7661225811125,
    19764.95434596512,
    5376.4282161470965,
    3393.69430101631,
    4120.79136072131,
    356.4076926878237
  ],
  "time_vector": [
    7.997753749464526e-05,
    0.00010332227377746887,
    0.00012529182296505936,
    6.206263593113633e-05,
    8.323929025751008e-05,
    0.00018880906310247427,
    1.7707849226047616e-05,
    4.203548347791138e-05,
    5.63583040813116e-05,
    1.978981229166793e-05,
    5.5359933614888215e-05,
    8.820505342184896e-05,
    9.949824640251835e-05,
    0.00013859495792364857,
    0.00020525301621069378,
    4.310988263381689e-05
  ],
  "detuning_vector": [
    1043.409339872778,
    -993.2065024967292,
    -259.87206807126216,
    -250.0998792598698,
    1255.0120806674713,
    -1128.9091026916524,
    285.3509545705097,
    -412.51796840000515,
    1206.3993059522256,
    275.17509573368335,
    -1859.923716439714,
    -368.0249451575172,
    1177.365925172353,
    317.86091343251877,
    -373.2884879185209,
    -1369.2307465762997
  ],
  "omega_scales": [
    1.0561605059930748,
    0.9925508728609537,
    1.0013512459175389,
    1.170283933357728,
    1.0315334605820379,
    0.6903855420390106,
    0.9632399029602532,
    0.9929989272205826,
    1.0898728019923152,
    1.0418115998648048,
    0.7580546837718447,
    1.3435806328170157,
    1.0669301116054806,
    1.4997855398113615,
    1.0303353045087937,
    0.60393440205283
  ],
  "time_scales": [
    1.0469248454132267,
    1.1001407732787285,
    0.9316981393973258,
    0.8863469987369279,
    0.795781251273429,
    1.188846178704214,
    0.6651286864267985,
    0.9827336475773154,
    1.3738780753669313,
    0.9064899621470689,
    1.1254583806924519,
    0.6029261205339551,
    0.8592158832969949,
    0.7433050121468437,
    0.9308105736567356,
    0.910063189919371
  ],
  "detuning_offsets": [
    1043.409339872778,
    -993.2065024967292,
    -259.87206807126216,
    -250.0998792598698,
    1255.0120806674713,
    -1128.9091026916524,
    285.3509545705097,
    -412.51796840000515,
    1206.3993059522256,
    275.17509573368335,
    -1859.923716439714,
    -368.0249451575172,
    1177.365925172353,
    317.86091343251877,
    -373.2884879185209,
    -1369.2307465762997
  ]
}