{
  "gen": 0,
  "score": 16152.0,
  "n_bar": 23.670441865654986,
  "num_pulses": 260,
  "good": 0.71696,
  "unique_pairs": [
    [
      0,
      -3
    ],
    [
      0,
      -2
    ],
    [
      0,
      -1
    ],
    [
      1,
      -3
    ],
    [
      1,
      -2
    ],
    [
      1,
      -1
    ],
    [
      2,
      -10
    ],
    [
      2,
      -9
    ],
    [
      2,
      -8
    ],
    [
      2,
      -7
    ],
    [
      2,
      -6
    ],
    [
      2,
      -5
    ],
    [
      2,
      -4
    ],
    [
      2,
      -3
    ],
    [
      2,
      -2
    ],
    [
      2,
      -1
    ]
  ],
  "omega_vector": [
    17937.041271741346,
    18482.3081,
    9095.368833902437,
    14080.418234458644,
    12869.7086,
    7994.6241118353255,
    9406.412711313926,
    16415.750298866456,
    13154.535399219432,
    11558.25077158098,
    8579.055291555069,
    12913.925693529496,
    5091.878387172375,
    6167.957382162706,
    4267.089052702445,
    804.1202509094601
  ],
  "time_vector": [
    7.88089937872069e-05,
    0.000112917604,
    0.00011878154493100128,
    7.877646027250317e-05,
    0.000113872408,
    0.00013549670277222638,
    4.0272615654512434e-05,
    3.3933165037507215e-05,
    4.0092583889653704e-05,
    2.6335692697745617e-05,
    6.708052581828449e-05,
    0.00010575320795743068,
    8.920537732467512e-05,
    0.0001221344814242852,
    0.0001410129316349615,
    4.241789432229942e-05
  ],
  "omega_scales": [
    1.0,
    1.0,
    1.0,
    1.0,
    1.0,
    1.0,
    1.0,
    1.0,
    1.0,
    1.0,
    1.0,
    1.0,
    1.0,
    1.0,
    1.0,
    1.0
  ],
  "time_scales": [
    1.0,
    1.0,
    1.0,
    1.0,
    1.0,
    1.0,
    1.0,
    1.0,
    1.0,
    1.0,
    1.0,
    1.0,
    1.0,
    1.0,
    1.0,
    1.0
  ]
}