{
  "gen": 2,
  "score": 3446.236207807004,
  "score_SLM": 3792,
  "score_AOD": 3132,
  "survive_SLM": 0.711,
  "survive_AOD": 0.7161,
  "nzbar_SLM": 18.439521800281295,
  "nzbar_AOD": 18.244239631336406,
  "num_pulses": 260,
  "unique_pairs": [
    [
      0,
      -3
    ],
    [
      0,
      -2
    ],
    [
      0,
      -1
    ],
    [
      1,
      -3
    ],
    [
      1,
      -2
    ],
    [
      1,
      -1
    ],
    [
      2,
      -10
    ],
    [
      2,
      -9
    ],
    [
      2,
      -8
    ],
    [
      2,
      -7
    ],
    [
      2,
      -6
    ],
    [
      2,
      -5
    ],
    [
      2,
      -4
    ],
    [
      2,
      -3
    ],
    [
      2,
      -2
    ],
    [
      2,
      -1
    ]
  ],
  "omega_vector": [
    20508.373046875,
    17760.42578125,
    5926.83544921875,
    25809.142578125,
    10060.341796875,
    4332.263671875,
    12747.748237826148,
    19374.518682073347,
    29994.294846202996,
    4920.150930614867,
    12468.306803142352,
    26915.420596532167,
    6481.708168679344,
    1891.1928179728968,
    5207.964652464146,
    175.45654696065148
  ],
  "time_vector": [
    6.814449443481863e-05,
    7.641866250196472e-05,
    0.0001462052168790251,
    5.634267290588468e-05,
    0.00013017933815717697,
    0.0001981102832360193,
    1.0496762653843567e-05,
    3.66640143424148e-05,
    2.9729834020112588e-05,
    1.02021022824808e-05,
    5.238362633564833e-05,
    8.422599219848989e-05,
    0.00012195989405404844,
    0.00017903904412823642,
    0.0002257373178496723,
    6.0283589938791284e-05
  ],
  "detuning_vector": [
    0.0,
    0.0,
    0.0,
    0.0,
    0.0,
    0.0,
    1571.2637784912467,
    -4302.818542480469,
    6088.8919677734375,
    -3123.2796223571822,
    -5273.933319091797,
    3972.494975145457,
    -1700.5773663104997,
    -701.7067362580829,
    902.9148355190193,
    4641.5032958984375
  ],
  "omega_scales": [
    1.0,
    1.0,
    1.0,
    1.0,
    1.0,
    1.0,
    0.9256060362452654,
    1.1217283691271824,
    1.2287590846256708,
    0.3265378779234003,
    1.2224491469617227,
    1.0957710734392347,
    1.00872383292333,
    0.9265452829862575,
    0.9440995333321918,
    0.9400664841273982
  ],
  "time_scales": [
    1.0,
    1.0,
    1.0,
    1.0,
    1.0,
    1.0,
    0.6587390629449973,
    0.8933152027513349,
    0.6078509006547781,
    0.5982673683819965,
    0.8788400958263788,
    0.8601553670599498,
    0.9348714933671474,
    1.0588724955308404,
    1.3481630376756653,
    1.191225595029199
  ],
  "detuning_offsets": [
    0.0,
    0.0,
    0.0,
    0.0,
    0.0,
    0.0,
    1789.4664304687858,
    -5000.0,
    5000.0,
    -2258.2334797790572,
    -5000.0,
    2826.1525679188944,
    -2018.5680889667497,
    -1714.7107645783954,
    459.28055817526933,
    5000.0
  ]
}