{
  "gen": 13,
  "score": 16035.800260666756,
  "score_SLM": 17126,
  "score_AOD": 15015,
  "survive_SLM": 0.71716,
  "survive_AOD": 0.73414,
  "nzbar_SLM": 18.637040548831504,
  "nzbar_AOD": 20.449451058381236,
  "num_pulses": 260,
  "unique_pairs": [
    [
      0,
      -3
    ],
    [
      0,
      -2
    ],
    [
      0,
      -1
    ],
    [
      1,
      -3
    ],
    [
      1,
      -2
    ],
    [
      1,
      -1
    ],
    [
      2,
      -10
    ],
    [
      2,
      -9
    ],
    [
      2,
      -8
    ],
    [
      2,
      -7
    ],
    [
      2,
      -6
    ],
    [
      2,
      -5
    ],
    [
      2,
      -4
    ],
    [
      2,
      -3
    ],
    [
      2,
      -2
    ],
    [
      2,
      -1
    ]
  ],
  "omega_vector": [
    20848.92035642353,
    17716.367295959768,
    6618.83575647882,
    21996.33260981381,
    11509.725308747344,
    4644.343476811581,
    18191.028303162697,
    20126.543052144014,
    26571.536594243793,
    13195.928297748058,
    8111.533494542931,
    18484.225961956166,
    5436.229305389201,
    2640.927832060247,
    4217.4036937464725,
    328.8848897551591
  ],
  "time_vector": [
    6.689639833299988e-05,
    8.580103271562872e-05,
    0.00012836322548584345,
    5.263500626266228e-05,
    9.871258999065046e-05,
    0.00018027415887046574,
    1.778274846723396e-05,
    5.3175786197847186e-05,
    4.9853087494324305e-05,
    2.0608798807466262e-05,
    5.585005508734797e-05,
    9.522861853608996e-05,
    9.264814455633465e-05,
    0.00016517648870177054,
    0.00019962320783641438,
    4.1721603610367475e-05
  ],
  "detuning_vector": [
    159.6188445959239,
    1266.922116553685,
    -485.6091141333726,
    -1780.9494533744278,
    269.9496900353875,
    -348.71600529332994,
    714.7715050251912,
    418.3476250681563,
    1399.5415312003142,
    582.6282625148808,
    -918.6310544326108,
    1381.855206981802,
    602.5553886855403,
    -88.72450027247413,
    197.02747302329615,
    224.45101483629935
  ],
  "omega_scales": [
    1.1319393160727147,
    1.2187221866224593,
    0.8439300552417212,
    1.1843648200167545,
    0.9749588022022091,
    0.820816795717066,
    1.2930233691487647,
    1.0789335666898854,
    1.3031760888579607,
    1.1283784569798583,
    0.772217325418229,
    1.2565193716305083,
    1.0787973923082315,
    1.1671131878387448,
    1.0544916106289273,
    0.5572968914912502
  ],
  "time_scales": [
    0.8756896458354525,
    0.9135804994302135,
    0.9545377784594282,
    0.7517063870953753,
    0.9437085315863019,
    1.1351057061066525,
    0.6679419944276006,
    1.2431790955957944,
    1.2152967519921072,
    0.944004368285098,
    1.1354224699302469,
    0.6509357379239491,
    0.8000619130387399,
    0.8858656460538749,
    0.9052797178418748,
    0.8807561828159127
  ],
  "detuning_offsets": [
    159.6188445959239,
    1266.922116553685,
    -485.6091141333726,
    -1780.9494533744278,
    269.9496900353875,
    -348.71600529332994,
    714.7715050251912,
    418.3476250681563,
    1399.5415312003142,
    582.6282625148808,
    -918.6310544326108,
    1381.855206981802,
    602.5553886855403,
    -88.72450027247413,
    197.02747302329615,
    224.45101483629935
  ]
}