{
  "gen": 10,
  "fitness_penalized": 14634.0,
  "raw_survivors": 14634,
  "num_pulses": 280,
  "length_penalty": 0.0,
  "unique_pairs": [
    [
      0,
      -3
    ],
    [
      0,
      -2
    ],
    [
      0,
      -1
    ],
    [
      1,
      -3
    ],
    [
      1,
      -2
    ],
    [
      1,
      -1
    ],
    [
      2,
      -5
    ],
    [
      2,
      -4
    ],
    [
      2,
      -3
    ],
    [
      2,
      -2
    ],
    [
      2,
      -1
    ]
  ],
  "omega_vector": [
    14317.412433783431,
    17448.94130896942,
    6349.086220418719,
    14589.395486523179,
    22316.19967567601,
    6083.3836027931175,
    9655.864116645447,
    19060.25371327226,
    29862.23043117511,
    8085.284365767648,
    1240.38139139895
  ],
  "time_vector": [
    6.624660427734145e-05,
    6.612807347549435e-05,
    8.59861971206667e-05,
    0.00010852967141707567,
    6.966274756443238e-05,
    9.073719251029339e-05,
    4.189622725371306e-05,
    8.052923873866739e-05,
    7.303442671154563e-05,
    0.00019377112205941525,
    0.00023531977932385458
  ],
  "omega_scales": [
    1.0705019142798071,
    1.0147230484292984,
    1.1199788092818619,
    1.090837877915425,
    1.2977728426777737,
    1.0731088675327058,
    1.0428333245977077,
    1.4703624293095738,
    1.1518288880596108,
    1.2474438735755797,
    0.19137312895869507
  ],
  "time_scales": [
    0.7360733808593494,
    0.9446867639356338,
    1.2283742445809527,
    1.2058852379675074,
    0.9951821080633197,
    1.2962456072899053,
    0.5985175321959009,
    1.6105847747733477,
    1.460688534230913,
    0.9688556102970762,
    1.1765988966192729
  ]
}