{
  "gen": 19,
  "score": 3764.731066092238,
  "score_SLM": 3937,
  "score_AOD": 3600,
  "survive_SLM": 0.7035,
  "survive_AOD": 0.7108,
  "nzbar_SLM": 14.658990760483297,
  "nzbar_AOD": 13.13548114800225,
  "num_pulses": 260,
  "unique_pairs": [
    [
      0,
      -3
    ],
    [
      0,
      -2
    ],
    [
      0,
      -1
    ],
    [
      1,
      -3
    ],
    [
      1,
      -2
    ],
    [
      1,
      -1
    ],
    [
      2,
      -10
    ],
    [
      2,
      -9
    ],
    [
      2,
      -8
    ],
    [
      2,
      -7
    ],
    [
      2,
      -6
    ],
    [
      2,
      -5
    ],
    [
      2,
      -4
    ],
    [
      2,
      -3
    ],
    [
      2,
      -2
    ],
    [
      2,
      -1
    ]
  ],
  "omega_vector": [
    20508.373046875,
    17760.42578125,
    5926.83544921875,
    25809.142578125,
    10060.341796875,
    4332.263671875,
    14690.727495361578,
    16624.172602629056,
    35190.704518101375,
    25935.13552988099,
    10786.504780584712,
    43812.22564247381,
    8671.394604366536,
    2437.4926194028762,
    3761.7238943749853,
    219.33104177425372
  ],
  "time_vector": [
    6.814449443481863e-05,
    7.641866250196472e-05,
    0.0001462052168790251,
    5.634267290588468e-05,
    0.00013017933815717697,
    0.0001981102832360193,
    1.620435254365288e-05,
    4.036859931324714e-05,
    5.4941163539281124e-05,
    1.0229506648665887e-05,
    5.709097431605671e-05,
    0.00011212839511544432,
    0.00012455699436889447,
    0.0002637663680649013,
    0.0002570478986834522,
    6.593851737994033e-05
  ],
  "detuning_vector": [
    0.0,
    0.0,
    0.0,
    0.0,
    0.0,
    0.0,
    -5218.202651977539,
    5697.181457519531,
    6088.8919677734375,
    -5865.046142578125,
    -3632.958987432823,
    -1078.7403502700272,
    3156.614126651053,
    6013.0040283203125,
    218.5569799156408,
    -2809.3678847674555
  ],
  "omega_scales": [
    1.0,
    1.0,
    1.0,
    1.0,
    1.0,
    1.0,
    1.0666845463885455,
    0.9624913179851082,
    1.4416374211400609,
    1.7212488476496353,
    1.0575576761073209,
    1.7836678178531213,
    1.3494964868017985,
    1.1941919762799769,
    0.6819250917003855,
    1.1751386019637224
  ],
  "time_scales": [
    1.0,
    1.0,
    1.0,
    1.0,
    1.0,
    1.0,
    1.0169268718605975,
    0.9835770612434696,
    1.123317261636263,
    0.5998744036366697,
    0.9578152726055182,
    1.1451078027205162,
    0.9547793087075609,
    1.559966730999433,
    1.5351581174894897,
    1.3029690116500303
  ],
  "detuning_offsets": [
    0.0,
    0.0,
    0.0,
    0.0,
    0.0,
    0.0,
    -5000.0,
    5000.0,
    5000.0,
    -5000.0,
    -3359.025668341026,
    -2225.0827574965897,
    2838.623403994803,
    5000.0,
    -225.0772974281092,
    -2450.871180665893
  ]
}