{
  "gen": 16,
  "score": 3694.9104183998834,
  "score_SLM": 3931,
  "score_AOD": 3473,
  "survive_SLM": 0.6958,
  "survive_AOD": 0.7409,
  "nzbar_SLM": 12.09758551307847,
  "nzbar_AOD": 12.291402348495074,
  "num_pulses": 260,
  "unique_pairs": [
    [
      0,
      -3
    ],
    [
      0,
      -2
    ],
    [
      0,
      -1
    ],
    [
      1,
      -3
    ],
    [
      1,
      -2
    ],
    [
      1,
      -1
    ],
    [
      2,
      -10
    ],
    [
      2,
      -9
    ],
    [
      2,
      -8
    ],
    [
      2,
      -7
    ],
    [
      2,
      -6
    ],
    [
      2,
      -5
    ],
    [
      2,
      -4
    ],
    [
      2,
      -3
    ],
    [
      2,
      -2
    ],
    [
      2,
      -1
    ]
  ],
  "omega_vector": [
    20508.373046875,
    17760.42578125,
    5926.83544921875,
    25809.142578125,
    10060.341796875,
    4332.263671875,
    20256.048628840563,
    10043.54008071027,
    39737.14450280714,
    17433.440179500827,
    14277.814389028974,
    48460.66226764492,
    8451.289166363247,
    2204.3545017561914,
    3188.837506588428,
    170.64644389652582
  ],
  "time_vector": [
    6.814449443481863e-05,
    7.641866250196472e-05,
    0.0001462052168790251,
    5.634267290588468e-05,
    0.00013017933815717697,
    0.0001981102832360193,
    1.6698463673121977e-05,
    3.848075872075101e-05,
    6.325511554573725e-05,
    1.5221972747427256e-05,
    6.494809503886614e-05,
    0.00011987867183015553,
    0.00014745642032451027,
    0.00014734847315711042,
    0.00024128124849391884,
    6.069510871957845e-05
  ],
  "detuning_vector": [
    0.0,
    0.0,
    0.0,
    0.0,
    0.0,
    0.0,
    -5169.99912040058,
    -1639.4356640743854,
    -2901.3446128069854,
    -2769.6882844516476,
    659.2462080569567,
    -3434.6028373930167,
    39.45312209818985,
    -1962.6722388069488,
    -96.45134142260008,
    -3383.5025802732034
  ],
  "omega_scales": [
    1.0,
    1.0,
    1.0,
    1.0,
    1.0,
    1.0,
    1.4707790373282201,
    0.5814918047705012,
    1.6278888220333811,
    1.157012994397579,
    1.3998614483842684,
    1.9729133238748358,
    1.3152423063771368,
    1.0799714583417965,
    0.578072280198344,
    0.9142947659777352
  ],
  "time_scales": [
    1.0,
    1.0,
    1.0,
    1.0,
    1.0,
    1.0,
    1.0479355088233455,
    0.9375800057683705,
    1.2933028462078453,
    0.892640489678693,
    1.089634186491099,
    1.2242572664234577,
    1.1303125912380432,
    0.8714481595018858,
    1.440995507532167,
    1.1993573553474983
  ],
  "detuning_offsets": [
    0.0,
    0.0,
    0.0,
    0.0,
    0.0,
    0.0,
    -4951.796468423041,
    -2336.6171215939166,
    -3990.236580580423,
    -1904.6421418735226,
    933.1795271487536,
    -4580.945244619579,
    -278.53760055806015,
    -2975.6762671272613,
    -540.0856187663501,
    -3025.005876171641
  ]
}