{
  "gen": 0,
  "score": 3526.04367528254,
  "score_SLM": 3932,
  "score_AOD": 3162,
  "survive_SLM": 0.7013,
  "survive_AOD": 0.7222,
  "nzbar_SLM": 17.438756594895196,
  "nzbar_AOD": 17.193159789531986,
  "num_pulses": 260,
  "unique_pairs": [
    [
      0,
      -3
    ],
    [
      0,
      -2
    ],
    [
      0,
      -1
    ],
    [
      1,
      -3
    ],
    [
      1,
      -2
    ],
    [
      1,
      -1
    ],
    [
      2,
      -10
    ],
    [
      2,
      -9
    ],
    [
      2,
      -8
    ],
    [
      2,
      -7
    ],
    [
      2,
      -6
    ],
    [
      2,
      -5
    ],
    [
      2,
      -4
    ],
    [
      2,
      -3
    ],
    [
      2,
      -2
    ],
    [
      2,
      -1
    ]
  ],
  "omega_vector": [
    20508.373046875,
    17760.42578125,
    5926.83544921875,
    25809.142578125,
    10060.341796875,
    4332.263671875,
    14845.718426303254,
    17626.283636082066,
    23690.411332322514,
    19853.937329342334,
    8930.213715350063,
    34684.41527665864,
    6135.9430534660405,
    1519.8134165684241,
    5593.46997566333,
    146.4680381433645
  ],
  "time_vector": [
    6.814449443481863e-05,
    7.641866250196472e-05,
    0.0001462052168790251,
    5.634267290588468e-05,
    0.00013017933815717697,
    0.0001981102832360193,
    1.3538838993917063e-05,
    4.4301699043924066e-05,
    5.434442334551481e-05,
    1.4930813632154048e-05,
    7.137635056200513e-05,
    0.00012058802868646936,
    0.0001679312474280499,
    0.0001869877431286646,
    0.0002130993492108182,
    3.1570286818734105e-05
  ],
  "detuning_vector": [
    0.0,
    0.0,
    0.0,
    0.0,
    0.0,
    0.0,
    -1807.735395119852,
    -3637.8448240976004,
    1685.021273410398,
    -3722.2922385618117,
    -1104.7225288404588,
    6146.3424072265625,
    -530.6082594456415,
    3081.965614271382,
    -717.7123722774261,
    20.06973568260588
  ],
  "omega_scales": [
    1.0,
    1.0,
    1.0,
    1.0,
    1.0,
    1.0,
    1.0779383410640004,
    1.0205106367452534,
    0.9705115020163665,
    1.3176552214298525,
    0.8755585109410564,
    1.4120596341048157,
    0.9549137101543801,
    0.7445967110059544,
    1.013983916198965,
    0.7847509599362463
  ],
  "time_scales": [
    1.0,
    1.0,
    1.0,
    1.0,
    1.0,
    1.0,
    0.8496488304373,
    1.0794066600030983,
    1.111116417730025,
    0.8755664599491484,
    1.19748102900928,
    1.231501551604227,
    1.2872603513126581,
    1.1058826814251443,
    1.2726857424171398,
    0.6238403144051885
  ],
  "detuning_offsets": [
    0.0,
    0.0,
    0.0,
    0.0,
    0.0,
    0.0,
    -1589.532743142313,
    -4335.026281617132,
    596.1293056369605,
    -2857.2460959836867,
    -830.7892097486618,
    5000.0,
    -848.5989821018915,
    2068.9615859510695,
    -1161.346649621176,
    378.5664397841684
  ]
}