{
  "gen": 31,
  "score": 17031.0,
  "n_bar": 26.308833333333332,
  "num_pulses": 260,
  "good": 0.72,
  "unique_pairs": [
    [
      0,
      -3
    ],
    [
      0,
      -2
    ],
    [
      0,
      -1
    ],
    [
      1,
      -3
    ],
    [
      1,
      -2
    ],
    [
      1,
      -1
    ],
    [
      2,
      -10
    ],
    [
      2,
      -9
    ],
    [
      2,
      -8
    ],
    [
      2,
      -7
    ],
    [
      2,
      -6
    ],
    [
      2,
      -5
    ],
    [
      2,
      -4
    ],
    [
      2,
      -3
    ],
    [
      2,
      -2
    ],
    [
      2,
      -1
    ]
  ],
  "omega_vector": [
    21899.341524206942,
    17984.76410572743,
    8113.284011521087,
    12887.658821556215,
    15362.394043640146,
    6060.660249760755,
    11865.027356980718,
    17476.934268931513,
    13711.534332692096,
    9865.79086320601,
    9270.287329259121,
    11663.228103148249,
    4771.356296118091,
    5631.831122378685,
    5283.410650488502,
    252.74530434645715
  ],
  "time_vector": [
    7.654020681373393e-05,
    8.513297530569993e-05,
    0.00011944221100889345,
    8.959359768501382e-05,
    8.366115425179994e-05,
    0.0001404371410403945,
    4.006562328836664e-05,
    4.783282439606553e-05,
    2.304177242918742e-05,
    2.765654538683305e-05,
    6.955494380864524e-05,
    9.442440476402423e-05,
    9.256042364844724e-05,
    0.00011836740250657837,
    0.00020965761068273065,
    5.263666344102057e-05
  ],
  "omega_scales": [
    1.368708845262934,
    1.383443392748264,
    0.9014760012801208,
    0.8054786763472634,
    1.1817226187415497,
    0.6734066944178616,
    0.9887522797483931,
    1.4564111890776261,
    1.5235038147435662,
    1.0961989848006677,
    1.5450478882098535,
    1.943871350524708,
    1.192839074029523,
    1.4079577805946712,
    1.7611368834961674,
    0.08424843478215238
  ],
  "time_scales": [
    0.956752585171674,
    0.9459219478411103,
    0.9953517584074452,
    1.1199199710626726,
    0.9295683805755548,
    1.1703095086699538,
    1.335520776278888,
    1.5944274798688511,
    0.7680590809729141,
    0.9218848462277685,
    1.3910988761729048,
    1.8884880952804846,
    1.3222917664063891,
    1.6909628929511198,
    2.329529007585896,
    0.5848518160113396
  ]
}