{
  "gen": 28,
  "score": -44.21639315469489,
  "n_bar": 14.894393154694889,
  "num_pulses": 480,
  "good": 0.71056,
  "survive": 0.99244,
  "unique_pairs": [
    [
      0,
      -3
    ],
    [
      0,
      -2
    ],
    [
      0,
      -1
    ],
    [
      1,
      -3
    ],
    [
      1,
      -2
    ],
    [
      1,
      -1
    ],
    [
      2,
      -10
    ],
    [
      2,
      -9
    ],
    [
      2,
      -8
    ],
    [
      2,
      -7
    ],
    [
      2,
      -6
    ],
    [
      2,
      -5
    ],
    [
      2,
      -4
    ],
    [
      2,
      -3
    ],
    [
      2,
      -2
    ],
    [
      2,
      -1
    ]
  ],
  "omega_vector": [
    16817.959238137482,
    20228.329616613428,
    7168.0106418693285,
    21589.39411152133,
    9145.631824114347,
    5205.213763550181,
    14934.378997822572,
    17426.944586457255,
    20059.810170226163,
    11646.667072330938,
    9884.68565605111,
    7851.320886591365,
    1525.050482001381,
    1017.9761153971887,
    1146.5502451544578,
    746.950902782819
  ],
  "time_vector": [
    8.52778781930188e-05,
    5.239758611753547e-05,
    0.00010262740906143394,
    6.925378546364918e-05,
    0.00013853469175945373,
    0.00011295327066860679,
    2.991120961360392e-05,
    5.0923265067906365e-05,
    4.099472440997911e-05,
    3.0947238645595446e-05,
    2.788257055519875e-05,
    6.851530910026909e-05,
    7.014623435831281e-05,
    4.5033206357656766e-05,
    2.4468575522387184e-05,
    3.28984740454093e-05
  ],
  "omega_scales": [
    1.0511224523835927,
    1.5560253551241099,
    0.7964456268743698,
    1.349337131970083,
    0.7035101403164883,
    0.578357084838909,
    1.244531583151881,
    1.4522453822047714,
    2.228867796691796,
    1.294074119147882,
    1.6474476093418517,
    1.3085534810985608,
    0.38126262050034526,
    0.25449402884929717,
    0.3821834150514859,
    0.24898363426093967
  ],
  "time_scales": [
    1.065973477412735,
    0.5821954013059496,
    0.8552284088452828,
    0.8656723182956148,
    1.539274352882819,
    0.9412772555717233,
    0.9970403204534639,
    1.6974421689302122,
    1.3664908136659701,
    1.031574621519848,
    0.557651411103975,
    1.370306182005382,
    1.0020890622616119,
    0.6433315193950968,
    0.27187306135985756,
    0.36553860050454773
  ]
}