{
  "gen": 19,
  "score": -46.881431034482766,
  "n_bar": 16.220431034482758,
  "num_pulses": 480,
  "good": 0.696,
  "survive": 0.99478,
  "unique_pairs": [
    [
      0,
      -3
    ],
    [
      0,
      -2
    ],
    [
      0,
      -1
    ],
    [
      1,
      -3
    ],
    [
      1,
      -2
    ],
    [
      1,
      -1
    ],
    [
      2,
      -10
    ],
    [
      2,
      -9
    ],
    [
      2,
      -8
    ],
    [
      2,
      -7
    ],
    [
      2,
      -6
    ],
    [
      2,
      -5
    ],
    [
      2,
      -4
    ],
    [
      2,
      -3
    ],
    [
      2,
      -2
    ],
    [
      2,
      -1
    ]
  ],
  "omega_vector": [
    21466.704998241243,
    16459.91791247511,
    6175.356984055535,
    26059.98911419373,
    9361.494603635905,
    3732.1875416310645,
    11315.294808280705,
    14729.245171984205,
    15862.57997310975,
    8920.055788522015,
    9411.61429800881,
    5494.865358761774,
    3092.3705630367476,
    400.0,
    2617.2542853966206,
    369.1243951155205
  ],
  "time_vector": [
    7.290968812831226e-05,
    9.584964743508018e-05,
    0.00012129178631458178,
    5.735055312707032e-05,
    0.00012618018121247522,
    9.119433610203557e-05,
    3.607453070284965e-05,
    5.505665820993794e-05,
    4.118358727957975e-05,
    2.967525307605372e-05,
    5.382521502736816e-05,
    4.3453494210018055e-05,
    5.8812878671251324e-05,
    5.266543241884088e-05,
    9e-06,
    2.648962397895327e-05
  ],
  "omega_scales": [
    1.3416690623900778,
    1.2661475317288546,
    0.6861507760061705,
    1.6287493196371081,
    0.7201149695104543,
    0.41468750462567383,
    0.9429412340233921,
    1.2274370976653504,
    1.7625088859010833,
    0.9911173098357795,
    1.5686023830014684,
    0.9158108931269623,
    0.7730926407591869,
    0.1,
    0.8724180951322069,
    0.12304146503850683
  ],
  "time_scales": [
    0.9113711016039031,
    1.064996082612002,
    1.0107648859548481,
    0.716881914088379,
    1.4020020134719466,
    0.7599528008502965,
    1.202484356761655,
    1.8352219403312646,
    1.3727862426526583,
    0.9891751025351239,
    1.0765043005473631,
    0.869069884200361,
    0.8401839810178763,
    0.7523633202691556,
    0.1,
    0.294329155321703
  ]
}