{
  "gen": 39,
  "score": 2632.0551773481275,
  "score_SLM": 2693,
  "score_AOD": 2724,
  "survive_SLM": 0.7378,
  "survive_AOD": 0.7133,
  "nzbar_SLM": 36.19937652480347,
  "nzbar_AOD": 26.51451002383289,
  "num_pulses": 260,
  "unique_pairs": [
    [
      0,
      -3
    ],
    [
      0,
      -2
    ],
    [
      0,
      -1
    ],
    [
      1,
      -3
    ],
    [
      1,
      -2
    ],
    [
      1,
      -1
    ],
    [
      2,
      -10
    ],
    [
      2,
      -9
    ],
    [
      2,
      -8
    ],
    [
      2,
      -7
    ],
    [
      2,
      -6
    ],
    [
      2,
      -5
    ],
    [
      2,
      -4
    ],
    [
      2,
      -3
    ],
    [
      2,
      -2
    ],
    [
      2,
      -1
    ]
  ],
  "omega_vector": [
    20000.0,
    17760.42578125,
    5926.83544921875,
    20000.0,
    10060.341796875,
    4332.263671875,
    4936.884479134119,
    6247.6289487133645,
    9079.274768452438,
    6625.263670176704,
    7476.101573670877,
    9135.571396726076,
    9766.915833543811,
    2503.252755906331,
    4605.881371511527,
    45.59443067834736
  ],
  "time_vector": [
    6.814449443481863e-05,
    7.641866250196472e-05,
    0.0001462052168790251,
    5.634267290588468e-05,
    0.00013017933815717697,
    0.0001981102832360193,
    2.603423996959039e-05,
    5.736178730591062e-05,
    4.900399705982338e-05,
    2.475560628399443e-05,
    0.000117705971856878,
    0.000162633837260232,
    9.127094173250904e-05,
    0.00020255933354298321,
    0.0001889826126176071,
    3.844248201838411e-05
  ],
  "detuning_vector": [
    0.0,
    0.0,
    0.0,
    0.0,
    0.0,
    0.0,
    27560.844795314657,
    9188.954775802282,
    4323.115988897994,
    -9581.326007347292,
    -1120.316962946596,
    7017.658182952768,
    3266.1167213679846,
    16937.104727794267,
    270.1245432277375,
    20393.81745193856
  ],
  "omega_scales": [
    1.0,
    1.0,
    1.0,
    1.0,
    1.0,
    1.0,
    0.49368844791341193,
    0.6247628948713364,
    0.9079274768452439,
    0.6625263670176704,
    0.7476101573670877,
    0.9135571396726077,
    1.0627193363162966,
    0.7932815349016493,
    1.084139858161376,
    0.6923693169472561
  ],
  "time_scales": [
    1.0,
    1.0,
    1.0,
    1.0,
    1.0,
    1.0,
    1.4156387866460856,
    1.3325903923109894,
    1.2212957086554104,
    1.3518114123320815,
    1.331000682590684,
    1.2449384166127349,
    0.6804051863498699,
    0.8042524511941149,
    0.8588199757714579,
    0.8599883469663736
  ],
  "detuning_offsets": [
    0.0,
    0.0,
    0.0,
    0.0,
    0.0,
    0.0,
    16939.946357814657,
    -1628.2893648227182,
    -6422.264870477006,
    -5162.484698753542,
    1784.958427678404,
    3637.7526653746427,
    76.09426043048472,
    16141.70329957161,
    -134.3351430515594,
    7903.695381626062
  ],
  "omega_lin_max_xyz": [
    20000.0,
    20000.0,
    10000.0
  ]
}