{
  "gen": 15,
  "score": 2868.0,
  "score_SLM": 2868,
  "score_AOD": 2868,
  "survive_SLM": 0.7367,
  "survive_AOD": 0.7309,
  "nzbar_SLM": 38.92860051581376,
  "nzbar_AOD": 26.036393487481188,
  "num_pulses": 260,
  "unique_pairs": [
    [
      0,
      -3
    ],
    [
      0,
      -2
    ],
    [
      0,
      -1
    ],
    [
      1,
      -3
    ],
    [
      1,
      -2
    ],
    [
      1,
      -1
    ],
    [
      2,
      -10
    ],
    [
      2,
      -9
    ],
    [
      2,
      -8
    ],
    [
      2,
      -7
    ],
    [
      2,
      -6
    ],
    [
      2,
      -5
    ],
    [
      2,
      -4
    ],
    [
      2,
      -3
    ],
    [
      2,
      -2
    ],
    [
      2,
      -1
    ]
  ],
  "omega_vector": [
    20000.0,
    17760.42578125,
    5926.83544921875,
    20000.0,
    10060.341796875,
    4332.263671875,
    8537.956615850753,
    6448.18860303163,
    8241.700680206844,
    6800.508829270951,
    8077.1634452444,
    8340.41252082611,
    7896.059124473519,
    3372.140994355013,
    4337.209196813416,
    76.6286209336083
  ],
  "time_vector": [
    6.814449443481863e-05,
    7.641866250196472e-05,
    0.0001462052168790251,
    5.634267290588468e-05,
    0.00013017933815717697,
    0.0001981102832360193,
    1.6836871803155508e-05,
    4.378277354370924e-05,
    5.079666933193261e-05,
    1.476576012393823e-05,
    0.00010280036817919962,
    0.0001581089373775151,
    0.00013545081430279895,
    0.0002557283027289862,
    0.00027440972996940256,
    3.234228753634561e-05
  ],
  "detuning_vector": [
    0.0,
    0.0,
    0.0,
    0.0,
    0.0,
    0.0,
    10087.936511964452,
    7976.8650178737225,
    12048.19120423069,
    -10129.001220328859,
    2755.855643400306,
    7697.302687692001,
    4303.213322420738,
    542.7751029099941,
    -187.66482515298094,
    4427.133710948945
  ],
  "omega_scales": [
    1.0,
    1.0,
    1.0,
    1.0,
    1.0,
    1.0,
    0.8537956615850752,
    0.644818860303163,
    0.8241700680206845,
    0.680050882927095,
    0.80771634452444,
    0.834041252082611,
    0.8591550142630902,
    1.0686324733269628,
    1.0208993641332964,
    1.1636356709594442
  ],
  "time_scales": [
    1.0,
    1.0,
    1.0,
    1.0,
    1.0,
    1.0,
    0.9155223581781312,
    1.0171318941288083,
    1.265973348936055,
    0.8063031387036967,
    1.162450452246047,
    1.2103009648362821,
    1.009756608155072,
    1.0153573805368712,
    1.2470383088661876,
    0.7235222320502535
  ],
  "detuning_offsets": [
    0.0,
    0.0,
    0.0,
    0.0,
    0.0,
    0.0,
    -532.9619255355481,
    -2840.3791227512775,
    1302.8103448556913,
    -5710.159911735109,
    5661.131034025306,
    4317.397170113876,
    1113.1908614832385,
    -252.62632531266217,
    -592.1245114322778,
    -8062.988359363555
  ],
  "omega_lin_max_xyz": [
    20000.0,
    20000.0,
    10000.0
  ]
}