{
  "gen": 21,
  "score": 16249.0,
  "n_bar": 29.912032299991704,
  "num_pulses": 260,
  "good": 0.72322,
  "unique_pairs": [
    [
      0,
      -3
    ],
    [
      0,
      -2
    ],
    [
      0,
      -1
    ],
    [
      1,
      -3
    ],
    [
      1,
      -2
    ],
    [
      1,
      -1
    ],
    [
      2,
      -10
    ],
    [
      2,
      -9
    ],
    [
      2,
      -8
    ],
    [
      2,
      -7
    ],
    [
      2,
      -6
    ],
    [
      2,
      -5
    ],
    [
      2,
      -4
    ],
    [
      2,
      -3
    ],
    [
      2,
      -2
    ],
    [
      2,
      -1
    ]
  ],
  "omega_vector": [
    18771.329889342036,
    20973.717581308243,
    8077.5003243676865,
    14661.60009722488,
    12180.825307341916,
    6491.020889022193,
    7893.166084235785,
    17286.622656604082,
    10153.340113923157,
    8505.0880806282,
    9184.751249884415,
    9229.610308801457,
    5166.859117575811,
    6221.388642188148,
    4556.6152115991445,
    526.1865737442048
  ],
  "time_vector": [
    7.850434345439807e-05,
    8.840493218096808e-05,
    0.00011990758865071032,
    7.864569737579202e-05,
    9.419817132628615e-05,
    0.0001440318541511798,
    3.961075044046791e-05,
    3.523733704847209e-05,
    3.8182891496424664e-05,
    2.8583300774688803e-05,
    6.653943958298978e-05,
    9.800384726915335e-05,
    9.000503466967057e-05,
    0.00010320831707146252,
    0.00021385560466099878,
    6.996059372382037e-05
  ],
  "omega_scales": [
    1.1732081180838771,
    1.6133628908698647,
    0.897500036040854,
    0.916350006076555,
    0.9369865621032243,
    0.7212245432246881,
    0.6577638403529821,
    1.4405518880503403,
    1.1281489015470174,
    0.9450097867364666,
    1.5307918749807359,
    1.5382683848002427,
    1.2917147793939527,
    1.555347160547037,
    1.518871737199715,
    0.1753955245814016
  ],
  "time_scales": [
    0.9813042931799758,
    0.9822770242329786,
    0.9992299054225857,
    0.9830712171974001,
    1.046646348069846,
    1.2002654512598314,
    1.320358348015597,
    1.1745779016157363,
    1.2727630498808222,
    0.9527766924896268,
    1.3307887916597956,
    1.9600769453830669,
    1.2857862095667225,
    1.4744045295923218,
    2.3761733851222084,
    0.7773399302646706
  ]
}