{
  "gen": 28,
  "score": 3625.578574517452,
  "score_SLM": 3889,
  "score_AOD": 3380,
  "survive_SLM": 0.7058,
  "survive_AOD": 0.7263,
  "nzbar_SLM": 14.696372910172853,
  "nzbar_AOD": 15.885309100922484,
  "num_pulses": 260,
  "unique_pairs": [
    [
      0,
      -3
    ],
    [
      0,
      -2
    ],
    [
      0,
      -1
    ],
    [
      1,
      -3
    ],
    [
      1,
      -2
    ],
    [
      1,
      -1
    ],
    [
      2,
      -10
    ],
    [
      2,
      -9
    ],
    [
      2,
      -8
    ],
    [
      2,
      -7
    ],
    [
      2,
      -6
    ],
    [
      2,
      -5
    ],
    [
      2,
      -4
    ],
    [
      2,
      -3
    ],
    [
      2,
      -2
    ],
    [
      2,
      -1
    ]
  ],
  "omega_vector": [
    20508.373046875,
    17760.42578125,
    5926.83544921875,
    25809.142578125,
    10060.341796875,
    4332.263671875,
    13649.601093303134,
    24259.724988892907,
    18982.127823113817,
    22123.939971586304,
    11474.45767287784,
    41682.9256509566,
    8391.658100486824,
    1898.8429177301978,
    3550.1509958071283,
    113.71703509467473
  ],
  "time_vector": [
    6.814449443481863e-05,
    7.641866250196472e-05,
    0.0001462052168790251,
    5.634267290588468e-05,
    0.00013017933815717697,
    0.0001981102832360193,
    1.7445310604648135e-05,
    4.852077190159211e-05,
    4.962107414180955e-05,
    1.8795883525787026e-05,
    9.41626941099514e-05,
    0.00012033463513261466,
    0.00013017073483762433,
    0.00018448936654737557,
    0.00026540005497973073,
    6.441725241736757e-05
  ],
  "detuning_vector": [
    0.0,
    0.0,
    0.0,
    0.0,
    0.0,
    0.0,
    1922.9138660400313,
    -3313.2393409863316,
    8006.972873956491,
    -7045.62726918581,
    -7192.462154028177,
    -1331.6973783207122,
    -21.787333166083215,
    9163.904727938489,
    928.986476839232,
    -3185.4866271072424
  ],
  "omega_scales": [
    1.0,
    1.0,
    1.0,
    1.0,
    1.0,
    1.0,
    0.9910890087091833,
    1.4045676279144932,
    0.7776299502213326,
    1.4683095115384335,
    1.1250076867311878,
    1.6969805105152755,
    1.3059621481585317,
    0.9302932687956046,
    0.6435711687894181,
    0.6092766284225174
  ],
  "time_scales": [
    1.0,
    1.0,
    1.0,
    1.0,
    1.0,
    1.0,
    1.0948049355276581,
    1.1822039666501845,
    1.014543659683783,
    1.1022202544172826,
    1.5797675133182525,
    1.228913777692192,
    0.9978108804884556,
    1.0911067857076129,
    1.5850394065505717,
    1.272908264403926
  ],
  "detuning_offsets": [
    0.0,
    0.0,
    0.0,
    0.0,
    0.0,
    0.0,
    2141.1165180175703,
    -4010.420798505863,
    6918.080906183053,
    -6180.581126607685,
    -6918.52883493638,
    -2478.0397855472747,
    -339.7780558223332,
    8150.900699618176,
    485.35219949548195,
    -2826.98992300568
  ]
}