{
  "gen": 38,
  "score": 2888.0,
  "score_SLM": 3105,
  "score_AOD": 2888,
  "survive_SLM": 0.7194,
  "survive_AOD": 0.7326,
  "nzbar_SLM": 34.18126216291354,
  "nzbar_AOD": 34.88315588315589,
  "num_pulses": 260,
  "unique_pairs": [
    [
      0,
      -3
    ],
    [
      0,
      -2
    ],
    [
      0,
      -1
    ],
    [
      1,
      -3
    ],
    [
      1,
      -2
    ],
    [
      1,
      -1
    ],
    [
      2,
      -10
    ],
    [
      2,
      -9
    ],
    [
      2,
      -8
    ],
    [
      2,
      -7
    ],
    [
      2,
      -6
    ],
    [
      2,
      -5
    ],
    [
      2,
      -4
    ],
    [
      2,
      -3
    ],
    [
      2,
      -2
    ],
    [
      2,
      -1
    ]
  ],
  "omega_vector": [
    20000.0,
    17760.42578125,
    5926.83544921875,
    20000.0,
    10060.341796875,
    4332.263671875,
    9044.718299112872,
    9732.1559378475,
    6959.357487249912,
    9178.564991071105,
    5282.953484180058,
    9840.024888789894,
    8954.500661419672,
    3845.729254636353,
    4728.648162399036,
    64.12811017693504
  ],
  "time_vector": [
    6.814449443481863e-05,
    7.641866250196472e-05,
    0.0001462052168790251,
    5.634267290588468e-05,
    0.00013017933815717697,
    0.0001981102832360193,
    1.634945434380388e-05,
    3.96295258872636e-05,
    6.579798297629207e-05,
    8.13942796022431e-06,
    0.00011354944057571294,
    0.00010274516300686353,
    0.00012821143814353264,
    0.0002535983722861674,
    0.0002446694729011077,
    2.516505885998055e-05
  ],
  "detuning_vector": [
    0.0,
    0.0,
    0.0,
    0.0,
    0.0,
    0.0,
    13412.65165466684,
    16043.388660817716,
    9949.04816801142,
    -19511.739512063446,
    -708.7859414783234,
    13958.342077155174,
    2145.031224083509,
    4894.43362513985,
    -109.96358595185063,
    17728.84460073144
  ],
  "omega_scales": [
    1.0,
    1.0,
    1.0,
    1.0,
    1.0,
    1.0,
    0.9044718299112873,
    0.9732155937847499,
    0.6959357487249912,
    0.9178564991071105,
    0.5282953484180057,
    0.9840024888789893,
    0.9743220031921722,
    1.218712732358321,
    1.1130369053330518,
    0.9738105110589409
  ],
  "time_scales": [
    1.0,
    1.0,
    1.0,
    1.0,
    1.0,
    1.0,
    0.8890185285463605,
    0.9206464430330874,
    1.6398416265723466,
    0.4444638309504847,
    1.2839992782849858,
    0.7864993085277188,
    0.9557886201930508,
    1.0069005903729833,
    1.1118855215221402,
    0.5629620210255053
  ],
  "detuning_offsets": [
    0.0,
    0.0,
    0.0,
    0.0,
    0.0,
    0.0,
    2791.7532171668404,
    5226.144520192716,
    -796.3326913635801,
    -15092.898203469698,
    2196.4894491466766,
    10578.436559577049,
    -1044.9912368539908,
    4099.032196917194,
    -514.4232722311475,
    5238.72253041894
  ],
  "omega_lin_max_xyz": [
    20000.0,
    20000.0,
    10000.0
  ]
}