{
  "gen": 41,
  "fitness": 2441.228073243823,
  "score_list": [
    2277,
    2844,
    3196,
    2632,
    2185
  ],
  "num_pulses": 200,
  "unique_pairs": [
    [
      0,
      -3
    ],
    [
      0,
      -2
    ],
    [
      0,
      -1
    ],
    [
      1,
      -3
    ],
    [
      1,
      -2
    ],
    [
      1,
      -1
    ],
    [
      2,
      -5
    ],
    [
      2,
      -4
    ],
    [
      2,
      -3
    ],
    [
      2,
      -2
    ]
  ],
  "omega_vector": [
    16168.758965260158,
    12397.405909671827,
    2115.3184807168286,
    12394.362466012386,
    8266.06531922718,
    1028.7486120311955,
    6633.811648501484,
    6876.005174968068,
    2904.0112995800037,
    3232.1411597987662
  ],
  "time_vector": [
    5.13846764634935e-05,
    0.00010989430753687937,
    1.783374440232155e-05,
    0.00011781302028712837,
    9.134232315276478e-05,
    1.8917667508870845e-05,
    6.870761936373682e-05,
    6.711121385151319e-05,
    0.00019386422165734363,
    0.00013705361951638225
  ],
  "omega_scales": [
    0.6597867854882635,
    0.5058919247364738,
    0.15486797612105477,
    0.7368456413930866,
    0.49141811195575646,
    0.10357469773469055,
    1.4471655008314386,
    1.5,
    1.230299779335438,
    1.3693137338193262
  ],
  "time_scales": [
    0.7340668066213357,
    1.5699186790982766,
    0.356674888046431,
    1.6830431469589768,
    1.3048903307537825,
    0.3783533501774169,
    1.3741523872747363,
    1.342224277030264,
    0.9693211082867181,
    0.6852680975819112
  ]
}