{
  "gen": 2,
  "score": 2695.047427202634,
  "score_SLM": 2825,
  "score_AOD": 2781,
  "survive_SLM": 0.7635,
  "survive_AOD": 0.7325,
  "nzbar_SLM": 37.07491814014407,
  "nzbar_AOD": 27.860204778156998,
  "num_pulses": 260,
  "unique_pairs": [
    [
      0,
      -3
    ],
    [
      0,
      -2
    ],
    [
      0,
      -1
    ],
    [
      1,
      -3
    ],
    [
      1,
      -2
    ],
    [
      1,
      -1
    ],
    [
      2,
      -10
    ],
    [
      2,
      -9
    ],
    [
      2,
      -8
    ],
    [
      2,
      -7
    ],
    [
      2,
      -6
    ],
    [
      2,
      -5
    ],
    [
      2,
      -4
    ],
    [
      2,
      -3
    ],
    [
      2,
      -2
    ],
    [
      2,
      -1
    ]
  ],
  "omega_vector": [
    20000.0,
    17760.42578125,
    5926.83544921875,
    20000.0,
    10060.341796875,
    4332.263671875,
    8153.578947456686,
    9174.352075880257,
    9416.844009886741,
    6714.897287507697,
    7972.92254758319,
    9393.499377238824,
    8234.94573325049,
    2725.3477191835937,
    4415.271585544205,
    67.04698117413041
  ],
  "time_vector": [
    6.814449443481863e-05,
    7.641866250196472e-05,
    0.0001462052168790251,
    5.634267290588468e-05,
    0.00013017933815717697,
    0.0001981102832360193,
    1.869514424587018e-05,
    4.507144382927124e-05,
    3.7173413182181453e-05,
    1.9443820601761052e-05,
    9.901779337300398e-05,
    0.0001278730592402901,
    0.0001086877027126852,
    0.0002464731791554313,
    0.0001992197813422886,
    4.5699192210078824e-05
  ],
  "detuning_vector": [
    0.0,
    0.0,
    0.0,
    0.0,
    0.0,
    0.0,
    8973.222035232982,
    13494.9568717113,
    8146.325722201849,
    -9693.273154303235,
    -6498.308614551159,
    -4996.851143221413,
    632.9904590333795,
    4045.3301431933105,
    -30.16067702657142,
    11023.656692532599
  ],
  "omega_scales": [
    1.0,
    1.0,
    1.0,
    1.0,
    1.0,
    1.0,
    0.8153578947456687,
    0.9174352075880257,
    0.9416844009886741,
    0.6714897287507697,
    0.797292254758319,
    0.9393499377238824,
    0.8960286147019372,
    0.8636634941132444,
    1.0392738163217081,
    1.0181347122501416
  ],
  "time_scales": [
    1.0,
    1.0,
    1.0,
    1.0,
    1.0,
    1.0,
    1.01656784862207,
    1.0470694138967747,
    0.926449529005753,
    1.0617545895368443,
    1.1196776891519327,
    0.9788497066776158,
    0.8102433832105799,
    0.9786103410895062,
    0.9053421656931786,
    1.0223266215654259
  ],
  "detuning_offsets": [
    0.0,
    0.0,
    0.0,
    0.0,
    0.0,
    0.0,
    -1647.6764022670175,
    2677.7127310862998,
    -2599.0551371731503,
    -5274.431845709486,
    -3593.0332239261593,
    -8376.756660799538,
    -2557.0320019041205,
    3249.9287149706543,
    -434.6203633058683,
    -1466.465377779902
  ],
  "omega_lin_max_xyz": [
    20000.0,
    20000.0,
    10000.0
  ]
}