{
  "gen": 34,
  "score": -42.94448433658268,
  "n_bar": 11.736484336582684,
  "num_pulses": 480,
  "good": 0.69142,
  "survive": 0.993,
  "unique_pairs": [
    [
      0,
      -3
    ],
    [
      0,
      -2
    ],
    [
      0,
      -1
    ],
    [
      1,
      -3
    ],
    [
      1,
      -2
    ],
    [
      1,
      -1
    ],
    [
      2,
      -10
    ],
    [
      2,
      -9
    ],
    [
      2,
      -8
    ],
    [
      2,
      -7
    ],
    [
      2,
      -6
    ],
    [
      2,
      -5
    ],
    [
      2,
      -4
    ],
    [
      2,
      -3
    ],
    [
      2,
      -2
    ],
    [
      2,
      -1
    ]
  ],
  "omega_vector": [
    26739.701345736128,
    12774.82306739484,
    3262.659895867328,
    18870.68806142534,
    8250.231407163208,
    4348.680901718428,
    12376.976449015454,
    12640.089885942363,
    22067.846613840375,
    11824.65347159063,
    14073.290850491152,
    5251.007900969737,
    2489.881217092845,
    400.0,
    371.5455892186458,
    336.59928216125144
  ],
  "time_vector": [
    6.67829324927494e-05,
    0.00010587051594686237,
    0.00011761247875491406,
    8.071965843053247e-05,
    0.00017733398849935543,
    0.00011859672687032962,
    2.8831986058398188e-05,
    3.979521090786092e-05,
    4.0329636043559035e-05,
    3.611219657899824e-05,
    4.5727797565818095e-05,
    7.570081118738324e-05,
    7.495869571672926e-05,
    6.999999999999998e-06,
    4.0097948547645234e-05,
    0.0001378717377795431
  ],
  "omega_scales": [
    1.671231334108508,
    0.9826786974919108,
    0.3625177662074809,
    1.1794180038390836,
    0.6346331851664007,
    0.4831867668576031,
    1.031414704084621,
    1.0533408238285302,
    2.451982957093375,
    1.313850385732292,
    2.3455484750818587,
    0.8751679834949563,
    0.6224703042732113,
    0.1,
    0.12384852973954859,
    0.11219976072041714
  ],
  "time_scales": [
    0.8347866561593674,
    1.1763390660762485,
    0.9801039896242838,
    1.0089957303816557,
    1.970377649992838,
    0.9883060572527468,
    0.9610662019466062,
    1.3265070302620305,
    1.3443212014519677,
    1.2037398859666077,
    0.9145559513163619,
    1.5140162237476646,
    1.0708385102389897,
    0.1,
    0.4455327616405026,
    1.531908197550479
  ]
}