{
  "gen": 8,
  "score": 2588.0563034921347,
  "score_SLM": 2602,
  "score_AOD": 2609,
  "survive_SLM": 0.7533,
  "survive_AOD": 0.7329,
  "nzbar_SLM": 36.816009557945044,
  "nzbar_AOD": 33.658070678127984,
  "num_pulses": 260,
  "unique_pairs": [
    [
      0,
      -3
    ],
    [
      0,
      -2
    ],
    [
      0,
      -1
    ],
    [
      1,
      -3
    ],
    [
      1,
      -2
    ],
    [
      1,
      -1
    ],
    [
      2,
      -10
    ],
    [
      2,
      -9
    ],
    [
      2,
      -8
    ],
    [
      2,
      -7
    ],
    [
      2,
      -6
    ],
    [
      2,
      -5
    ],
    [
      2,
      -4
    ],
    [
      2,
      -3
    ],
    [
      2,
      -2
    ],
    [
      2,
      -1
    ]
  ],
  "omega_vector": [
    20000.0,
    17760.42578125,
    5926.83544921875,
    20000.0,
    10060.341796875,
    4332.263671875,
    8655.850676513253,
    9999.999999999998,
    7231.149260705384,
    6529.445089828942,
    8139.361838889515,
    5417.230938837263,
    4848.5582877292745,
    4012.675537854748,
    4590.891686024868,
    71.16862768266154
  ],
  "time_vector": [
    6.814449443481863e-05,
    7.641866250196472e-05,
    0.0001462052168790251,
    5.634267290588468e-05,
    0.00013017933815717697,
    0.0001981102832360193,
    1.3330162758500058e-05,
    4.948545446877933e-05,
    4.292140345082169e-05,
    1.7743336917655998e-05,
    0.00013609586141955743,
    0.0001694594173956582,
    0.00012171724867115818,
    0.00019474922922382514,
    0.00030769884272357096,
    4.824545885655874e-05
  ],
  "detuning_vector": [
    0.0,
    0.0,
    0.0,
    0.0,
    0.0,
    0.0,
    6630.923771753085,
    13817.10100708945,
    8107.823328046643,
    2347.52785309881,
    -14899.747860495292,
    5822.158986535838,
    16074.170923919843,
    48.06882146346777,
    1718.663230451866,
    10924.022803340315
  ],
  "omega_scales": [
    1.0,
    1.0,
    1.0,
    1.0,
    1.0,
    1.0,
    0.8655850676513254,
    0.9999999999999998,
    0.7231149260705384,
    0.6529445089828942,
    0.8139361838889515,
    0.5417230938837263,
    0.5275623066116821,
    1.2716180586323609,
    1.0806115615799865,
    1.0807235314403976
  ],
  "time_scales": [
    1.0,
    1.0,
    1.0,
    1.0,
    1.0,
    1.0,
    0.7248414186578906,
    1.14961273491287,
    1.0697030648329116,
    0.9688975120616727,
    1.5389506716571335,
    1.297187241761366,
    0.9073758382685222,
    0.7732427937623989,
    1.3983186547826492,
    1.0792885951236026
  ],
  "detuning_offsets": [
    0.0,
    0.0,
    0.0,
    0.0,
    0.0,
    0.0,
    -3989.974665746915,
    2999.8568664644504,
    -2637.5575313283566,
    6766.36916169256,
    -11994.472469870292,
    2442.2534689577137,
    12884.148462982343,
    -747.3326067591885,
    1314.203544172569,
    -1566.099266972185
  ],
  "omega_lin_max_xyz": [
    20000.0,
    20000.0,
    10000.0
  ]
}