{
  "gen": 27,
  "score": 2654.0,
  "score_SLM": 2654,
  "score_AOD": 2715,
  "survive_SLM": 0.7693,
  "survive_AOD": 0.7293,
  "nzbar_SLM": 39.57558819706227,
  "nzbar_AOD": 31.347730700671878,
  "num_pulses": 260,
  "unique_pairs": [
    [
      0,
      -3
    ],
    [
      0,
      -2
    ],
    [
      0,
      -1
    ],
    [
      1,
      -3
    ],
    [
      1,
      -2
    ],
    [
      1,
      -1
    ],
    [
      2,
      -10
    ],
    [
      2,
      -9
    ],
    [
      2,
      -8
    ],
    [
      2,
      -7
    ],
    [
      2,
      -6
    ],
    [
      2,
      -5
    ],
    [
      2,
      -4
    ],
    [
      2,
      -3
    ],
    [
      2,
      -2
    ],
    [
      2,
      -1
    ]
  ],
  "omega_vector": [
    20000.0,
    17760.42578125,
    5926.83544921875,
    20000.0,
    10060.341796875,
    4332.263671875,
    6479.091947756912,
    7535.93095049209,
    6613.9487328546475,
    9769.642159092535,
    9276.09615601884,
    6386.919714928717,
    9999.999999999998,
    3546.6482293719005,
    3148.4152010091375,
    44.350515638094635
  ],
  "time_vector": [
    6.814449443481863e-05,
    7.641866250196472e-05,
    0.0001462052168790251,
    5.634267290588468e-05,
    0.00013017933815717697,
    0.0001981102832360193,
    9.019129404224135e-06,
    3.6338157916211124e-05,
    4.668233921064708e-05,
    1.3938588490996949e-05,
    0.00011128689628799894,
    0.00015052945090791598,
    3.8843124660031186e-05,
    0.00031830324869494054,
    0.0002275053815891918,
    4.804921864695887e-06
  ],
  "detuning_vector": [
    0.0,
    0.0,
    0.0,
    0.0,
    0.0,
    0.0,
    5779.47686408596,
    -14.72408011152038,
    22299.77368270371,
    -4234.3758811039825,
    -4500.341749092834,
    3867.090982697564,
    4697.176429422027,
    3249.104893957592,
    297.47211027487083,
    13279.534914969963
  ],
  "omega_scales": [
    1.0,
    1.0,
    1.0,
    1.0,
    1.0,
    1.0,
    0.6479091947756912,
    0.753593095049209,
    0.6613948732854648,
    0.9769642159092535,
    0.9276096156018842,
    0.6386919714928717,
    1.0880807763966376,
    1.123933867450673,
    0.7410790973834842,
    0.6734799790621973
  ],
  "time_scales": [
    1.0,
    1.0,
    1.0,
    1.0,
    1.0,
    1.0,
    0.4904245110021842,
    0.8441836000537735,
    1.1634344945037625,
    0.7611343781191362,
    1.2584147820709732,
    1.1522810961351473,
    0.289567117102575,
    1.263808304995402,
    1.0338843536873734,
    0.10748985483679996
  ],
  "detuning_offsets": [
    0.0,
    0.0,
    0.0,
    0.0,
    0.0,
    0.0,
    -4841.42157341404,
    -10831.96822073652,
    11554.392823328712,
    184.46542748976754,
    -1595.066358467834,
    487.18546511943896,
    1507.1539684845266,
    2453.703465734936,
    -106.98757600442605,
    789.4128446574632
  ],
  "omega_lin_max_xyz": [
    20000.0,
    20000.0,
    10000.0
  ]
}