{
  "gen": 27,
  "score": 26155.0,
  "n_bar": 7.464166765790413,
  "num_pulses": 260,
  "good": 0.67256,
  "unique_pairs": [
    [
      0,
      -3
    ],
    [
      0,
      -2
    ],
    [
      0,
      -1
    ],
    [
      1,
      -3
    ],
    [
      1,
      -2
    ],
    [
      1,
      -1
    ],
    [
      2,
      -10
    ],
    [
      2,
      -9
    ],
    [
      2,
      -8
    ],
    [
      2,
      -7
    ],
    [
      2,
      -6
    ],
    [
      2,
      -5
    ],
    [
      2,
      -4
    ],
    [
      2,
      -3
    ],
    [
      2,
      -2
    ],
    [
      2,
      -1
    ]
  ],
  "omega_vector": [
    16580.966252961367,
    23615.498607581878,
    6816.987915240443,
    14672.981937107043,
    9208.19853513408,
    5800.253299423702,
    1703.25442688429,
    27315.230816436804,
    14334.347255295217,
    7450.040719145116,
    19458.4410940712,
    14722.966618821396,
    1007.2207576114204,
    561.3044245995345,
    827.3346273832507,
    978.869628467156
  ],
  "time_vector": [
    6.756789086140401e-05,
    4.80593992727817e-05,
    0.00011444651492068282,
    0.0001202799844950561,
    0.000131143279999989,
    0.0001364621763985266,
    5.024888549329487e-05,
    5.82003257048996e-05,
    5.1327375490623564e-05,
    2.471428605228716e-05,
    0.0001037967687771725,
    0.00011218733500074321,
    0.00011961176402507237,
    4.465824535183135e-05,
    2.894562304614719e-05,
    5.902680036575893e-05
  ],
  "omega_scales": [
    0.9243980655317782,
    1.2777353607465227,
    0.7495009866813243,
    1.0420842401682524,
    0.7154939417302798,
    0.7255192011888271,
    0.1810737503400882,
    1.663964809352819,
    1.0896885994275247,
    0.6445647240552189,
    2.2681333122104284,
    1.1400845078579256,
    0.19780927214382094,
    0.09100329166066987,
    0.19388735907896762,
    1.2173174688239157
  ],
  "time_scales": [
    0.8573626893885344,
    0.42561476306902246,
    0.963504178929171,
    1.5268518549701793,
    1.151668628979805,
    1.007125440003682,
    1.2477184478000158,
    1.715145806191944,
    1.280221190828988,
    0.938433111896189,
    1.5473457834595576,
    1.0608409632916525,
    1.3408582264018576,
    0.3656481349987663,
    0.2052692807002863,
    1.3915542322129857
  ]
}