{
  "gen": 20,
  "score": 3665.424320872169,
  "score_SLM": 3734,
  "score_AOD": 3711,
  "survive_SLM": 0.661,
  "survive_AOD": 0.6865,
  "nzbar_SLM": 13.11679273827534,
  "nzbar_AOD": 11.38761835396941,
  "num_pulses": 260,
  "unique_pairs": [
    [
      0,
      -3
    ],
    [
      0,
      -2
    ],
    [
      0,
      -1
    ],
    [
      1,
      -3
    ],
    [
      1,
      -2
    ],
    [
      1,
      -1
    ],
    [
      2,
      -10
    ],
    [
      2,
      -9
    ],
    [
      2,
      -8
    ],
    [
      2,
      -7
    ],
    [
      2,
      -6
    ],
    [
      2,
      -5
    ],
    [
      2,
      -4
    ],
    [
      2,
      -3
    ],
    [
      2,
      -2
    ],
    [
      2,
      -1
    ]
  ],
  "omega_vector": [
    20508.373046875,
    17760.42578125,
    5926.83544921875,
    25809.142578125,
    10060.341796875,
    4332.263671875,
    10117.62349886697,
    24365.873797598517,
    38896.87343761006,
    24108.47341336556,
    6332.539095400321,
    72947.42066241933,
    11734.822564298094,
    3503.9968421882963,
    3270.6698791634344,
    95.47896795383721
  ],
  "time_vector": [
    6.814449443481863e-05,
    7.641866250196472e-05,
    0.0001462052168790251,
    5.634267290588468e-05,
    0.00013017933815717697,
    0.0001981102832360193,
    1.895487467122309e-05,
    6.614998063313045e-05,
    6.259126964545834e-05,
    1.1753110869162267e-05,
    8.682292552834338e-05,
    6.123006728179996e-05,
    0.00017451423628993398,
    0.00039906232137245365,
    0.00027825134160872615,
    5.1294232678212066e-05
  ],
  "detuning_vector": [
    0.0,
    0.0,
    0.0,
    0.0,
    0.0,
    0.0,
    24354.524745186332,
    13772.690151083754,
    23355.55122346208,
    -19909.69124883649,
    -5865.364834081169,
    7045.983058202542,
    1716.3741192205898,
    -6818.538856771243,
    686.9836094622879,
    23004.699213449923
  ],
  "omega_scales": [
    1.0,
    1.0,
    1.0,
    1.0,
    1.0,
    1.0,
    0.9678415310779839,
    0.8582251574497727,
    0.9881098161839581,
    1.0115002129886734,
    0.5279781153922287,
    1.358237540223867,
    1.2768434846638255,
    1.1104176303024813,
    0.7698556026260124,
    1.4498855856187076
  ],
  "time_scales": [
    1.0,
    1.0,
    1.0,
    1.0,
    1.0,
    1.0,
    1.0306909597492295,
    1.5367517782031264,
    1.5599227329144616,
    0.6417935889378744,
    0.981780034773932,
    0.46870727700363257,
    1.3009659943200147,
    1.5844584622653508,
    1.2644962790429628,
    1.1474920466568344
  ],
  "detuning_offsets": [
    0.0,
    0.0,
    0.0,
    0.0,
    0.0,
    0.0,
    13733.626307686332,
    2955.4460104587542,
    12610.17036408708,
    -15490.849940242742,
    -2960.0894434561687,
    3666.0775406244175,
    -1473.6483417169102,
    -7613.9402849939,
    282.523923182991,
    10514.577143137423
  ]
}