{
  "gen": 24,
  "score": -44.487038720307574,
  "n_bar": 16.946038720307566,
  "num_pulses": 480,
  "good": 0.7283,
  "survive": 0.99258,
  "unique_pairs": [
    [
      0,
      -3
    ],
    [
      0,
      -2
    ],
    [
      0,
      -1
    ],
    [
      1,
      -3
    ],
    [
      1,
      -2
    ],
    [
      1,
      -1
    ],
    [
      2,
      -10
    ],
    [
      2,
      -9
    ],
    [
      2,
      -8
    ],
    [
      2,
      -7
    ],
    [
      2,
      -6
    ],
    [
      2,
      -5
    ],
    [
      2,
      -4
    ],
    [
      2,
      -3
    ],
    [
      2,
      -2
    ],
    [
      2,
      -1
    ]
  ],
  "omega_vector": [
    18851.851081017998,
    20639.62538243564,
    10124.776070244443,
    21028.24784607432,
    16754.651936116734,
    6186.842048105312,
    20913.007836580087,
    21941.45323899025,
    19378.799311812007,
    8964.563911132112,
    6509.540695601402,
    6878.398114569974,
    1204.9803378090398,
    814.1435147890783,
    976.4570032945743,
    1469.9942128207674
  ],
  "time_vector": [
    6.456153532879184e-05,
    9.175763779743823e-05,
    7.985226748676843e-05,
    6.678201792788323e-05,
    7.712532780678877e-05,
    0.0001219103368283321,
    3.9062692171427325e-05,
    4.187046019250278e-05,
    4.277625146858847e-05,
    3.126392948182391e-05,
    3.1709592694329804e-05,
    3.981070565998827e-05,
    7.976109461816505e-05,
    5.655832446500503e-05,
    5.5909822934841456e-05,
    2.8679404648136346e-05
  ],
  "omega_scales": [
    1.1782406925636248,
    1.5876634909565877,
    1.1249751189160493,
    1.314265490379645,
    1.2888193797012872,
    0.6874268942339236,
    1.7427506530483408,
    1.8284544365825208,
    2.1531999235346673,
    0.9960626567924569,
    1.0849234492669004,
    1.1463996857616623,
    0.30124508445225995,
    0.20353587869726958,
    0.3254856677648581,
    0.48999807094025577
  ],
  "time_scales": [
    0.8070191916098979,
    1.0195293088604247,
    0.6654355623897369,
    0.8347752240985403,
    0.8569480867420974,
    1.0159194735694341,
    1.3020897390475774,
    1.3956820064167594,
    1.4258750489529488,
    1.0421309827274634,
    0.634191853886596,
    0.7962141131997653,
    1.1394442088309296,
    0.8079760637857863,
    0.6212202548315717,
    0.3186600516459594
  ]
}