{
  "gen": 33,
  "score": 3684.713915869261,
  "score_SLM": 3774,
  "score_AOD": 3744,
  "survive_SLM": 0.6579,
  "survive_AOD": 0.6824,
  "nzbar_SLM": 12.850129198966409,
  "nzbar_AOD": 9.124413833528722,
  "num_pulses": 260,
  "unique_pairs": [
    [
      0,
      -3
    ],
    [
      0,
      -2
    ],
    [
      0,
      -1
    ],
    [
      1,
      -3
    ],
    [
      1,
      -2
    ],
    [
      1,
      -1
    ],
    [
      2,
      -10
    ],
    [
      2,
      -9
    ],
    [
      2,
      -8
    ],
    [
      2,
      -7
    ],
    [
      2,
      -6
    ],
    [
      2,
      -5
    ],
    [
      2,
      -4
    ],
    [
      2,
      -3
    ],
    [
      2,
      -2
    ],
    [
      2,
      -1
    ]
  ],
  "omega_vector": [
    20508.373046875,
    17760.42578125,
    5926.83544921875,
    25809.142578125,
    10060.341796875,
    4332.263671875,
    11827.752686153832,
    45127.261347199885,
    56224.860297625884,
    24273.694275018865,
    9137.551611324474,
    94524.99092847327,
    12499.784826894222,
    3235.016523717218,
    2937.0477899898206,
    62.607276637669756
  ],
  "time_vector": [
    6.814449443481863e-05,
    7.641866250196472e-05,
    0.0001462052168790251,
    5.634267290588468e-05,
    0.00013017933815717697,
    0.0001981102832360193,
    2.1783883036581198e-05,
    6.313784255231947e-05,
    5.687611945242666e-05,
    8.369864917116205e-06,
    8.401540821676882e-05,
    0.00012115118754892746,
    8.269943658802886e-05,
    0.0003184091325599171,
    0.00024026934292844604,
    2.8423984077178353e-05
  ],
  "detuning_vector": [
    0.0,
    0.0,
    0.0,
    0.0,
    0.0,
    0.0,
    24403.60974364805,
    19202.0234451446,
    10841.043572872655,
    -2720.8331571686545,
    -14344.102942469275,
    9241.503762570119,
    -8968.934573331455,
    -6499.457729588285,
    -112.67290123634007,
    12504.29244190993
  ],
  "omega_scales": [
    1.0,
    1.0,
    1.0,
    1.0,
    1.0,
    1.0,
    1.1314307426305008,
    1.5894915690975464,
    1.4282982528857306,
    1.0184322544285034,
    0.7618472158427844,
    1.7599990514060055,
    1.3600775579237976,
    1.0251776882344596,
    0.6913270919541263,
    0.9507160571288114
  ],
  "time_scales": [
    1.0,
    1.0,
    1.0,
    1.0,
    1.0,
    1.0,
    1.1845212222967476,
    1.4667758158887656,
    1.4174876495772841,
    0.45704713448892165,
    0.9500330690156051,
    0.927394754614173,
    0.6165064641013229,
    1.2642287119767037,
    1.0918893987880403,
    0.6358667234087875
  ],
  "detuning_offsets": [
    0.0,
    0.0,
    0.0,
    0.0,
    0.0,
    0.0,
    13782.711306148047,
    8384.779304519603,
    95.66271349765566,
    1698.0081514250955,
    -11438.827551844275,
    5861.598244991994,
    -12158.957034268955,
    -7294.859157810941,
    -517.1325875156369,
    14.170371597430858
  ]
}