{
  "gen": 0,
  "score": 3569.0409259898206,
  "score_SLM": 3583,
  "score_AOD": 3590,
  "survive_SLM": 0.6826,
  "survive_AOD": 0.6822,
  "nzbar_SLM": 13.861412247289774,
  "nzbar_AOD": 11.570946936382292,
  "num_pulses": 260,
  "unique_pairs": [
    [
      0,
      -3
    ],
    [
      0,
      -2
    ],
    [
      0,
      -1
    ],
    [
      1,
      -3
    ],
    [
      1,
      -2
    ],
    [
      1,
      -1
    ],
    [
      2,
      -10
    ],
    [
      2,
      -9
    ],
    [
      2,
      -8
    ],
    [
      2,
      -7
    ],
    [
      2,
      -6
    ],
    [
      2,
      -5
    ],
    [
      2,
      -4
    ],
    [
      2,
      -3
    ],
    [
      2,
      -2
    ],
    [
      2,
      -1
    ]
  ],
  "omega_vector": [
    20508.373046875,
    17760.42578125,
    5926.83544921875,
    25809.142578125,
    10060.341796875,
    4332.263671875,
    9925.087256205397,
    31583.702166830557,
    29193.958756806303,
    25515.302711802673,
    16582.71633178426,
    58714.84913811255,
    8498.979113534173,
    2835.5257481593558,
    3899.7606183747957,
    62.50793164165717
  ],
  "time_vector": [
    6.814449443481863e-05,
    7.641866250196472e-05,
    0.0001462052168790251,
    5.634267290588468e-05,
    0.00013017933815717697,
    0.0001981102832360193,
    1.7000847256684895e-05,
    5.093391044639099e-05,
    2.6215733072156908e-05,
    2.1470060684634797e-05,
    8.171873913437621e-05,
    0.00014048464397377016,
    0.00010390675082114697,
    0.0003187862938402247,
    0.00027486934294207455,
    5.328012930203986e-05
  ],
  "detuning_vector": [
    0.0,
    0.0,
    0.0,
    0.0,
    0.0,
    0.0,
    3047.124558532303,
    14962.849495955265,
    12769.656297553545,
    -12445.197544256589,
    -3026.7623094790774,
    5202.577962744437,
    5970.398830053255,
    1681.7082629669349,
    1860.6167705161954,
    19858.17903157798
  ],
  "omega_scales": [
    1.0,
    1.0,
    1.0,
    1.0,
    1.0,
    1.0,
    0.9494237107364337,
    1.1124545743828986,
    0.741623546353662,
    1.0705254407834346,
    1.3825909615463505,
    1.0932355324394623,
    0.9247575792433071,
    0.8985789439143516,
    0.9179320053309781,
    0.9492074643904438
  ],
  "time_scales": [
    1.0,
    1.0,
    1.0,
    1.0,
    1.0,
    1.0,
    0.9244386934483456,
    1.1832622882149133,
    0.6533581793582033,
    1.1724000100824268,
    0.9240626949714877,
    1.0753895571390744,
    0.7746024179598272,
    1.2657262133698872,
    1.2491269920343746,
    1.1919181051500147
  ],
  "detuning_offsets": [
    0.0,
    0.0,
    0.0,
    0.0,
    0.0,
    0.0,
    -7573.773878967697,
    4145.6053553302645,
    2024.2754381785444,
    -8026.356235662838,
    -121.48691885407744,
    1822.6724451663126,
    2780.376369115754,
    886.3068347442786,
    1456.1570842368985,
    7368.056961265478
  ]
}