{
  "gen": 15,
  "fitness": 68.0362119145066,
  "z_mean": 55.9162119145066,
  "good_frac": 0.8796,
  "survive_frac": 0.9984,
  "num_pulses": 200,
  "z_dns": [
    -5,
    -4,
    -3,
    -2
  ],
  "omega_scales_z": [
    0.5648606191734376,
    0.1,
    0.1,
    0.42621631394739046
  ],
  "time_scales_z": [
    1.1251032765560982,
    0.8737703286756663,
    0.9972437516976087,
    0.292089263756011
  ]
}