{
  "gen": 2,
  "score": 3480.907282691614,
  "score_SLM": 3647,
  "score_AOD": 3733,
  "survive_SLM": 0.6927,
  "survive_AOD": 0.7054,
  "nzbar_SLM": 12.261007651219865,
  "nzbar_AOD": 12.254323787921747,
  "num_pulses": 260,
  "unique_pairs": [
    [
      0,
      -3
    ],
    [
      0,
      -2
    ],
    [
      0,
      -1
    ],
    [
      1,
      -3
    ],
    [
      1,
      -2
    ],
    [
      1,
      -1
    ],
    [
      2,
      -10
    ],
    [
      2,
      -9
    ],
    [
      2,
      -8
    ],
    [
      2,
      -7
    ],
    [
      2,
      -6
    ],
    [
      2,
      -5
    ],
    [
      2,
      -4
    ],
    [
      2,
      -3
    ],
    [
      2,
      -2
    ],
    [
      2,
      -1
    ]
  ],
  "omega_vector": [
    20508.373046875,
    17760.42578125,
    5926.83544921875,
    25809.142578125,
    10060.341796875,
    4332.263671875,
    10636.949360041684,
    29145.519744658475,
    46196.65165380225,
    16217.973975212559,
    10181.18350248221,
    54667.04462311811,
    9771.496725385523,
    4110.170144151479,
    5814.746615441831,
    63.77178480933681
  ],
  "time_vector": [
    6.814449443481863e-05,
    7.641866250196472e-05,
    0.0001462052168790251,
    5.634267290588468e-05,
    0.00013017933815717697,
    0.0001981102832360193,
    1.842321455642974e-05,
    4.2695275799808485e-05,
    4.4565018401329706e-05,
    2.2536649035845826e-05,
    0.00013136874522882904,
    0.00011739111274389183,
    0.0001076678772134534,
    0.000310935648341531,
    0.00016994440853641525,
    6.620745740247729e-05
  ],
  "detuning_vector": [
    0.0,
    0.0,
    0.0,
    0.0,
    0.0,
    0.0,
    5094.2110168114505,
    18760.515527366915,
    13124.249299503797,
    -11088.954254827746,
    3257.8746626108477,
    -16620.094482421875,
    4003.0601747714986,
    986.986747082241,
    1025.9637165694319,
    7013.174811343966
  ],
  "omega_scales": [
    1.0,
    1.0,
    1.0,
    1.0,
    1.0,
    1.0,
    1.0175197125861233,
    1.0265758773765086,
    1.1735484356389339,
    0.6804447485703404,
    0.848860464518489,
    1.0178678224117728,
    1.0632177743514684,
    1.3025141280545236,
    1.3686845279822404,
    0.9683995705623832
  ],
  "time_scales": [
    1.0,
    1.0,
    1.0,
    1.0,
    1.0,
    1.0,
    1.0017813898638286,
    0.9918678792986307,
    1.110665843507614,
    1.2306424255129764,
    1.4854971826175518,
    0.8986119277868365,
    0.8026408040580302,
    1.2345555890627102,
    0.7723020165726129,
    1.4811125312141422
  ],
  "detuning_offsets": [
    0.0,
    0.0,
    0.0,
    0.0,
    0.0,
    0.0,
    -5526.6874206885495,
    7943.271386741915,
    2378.8684401287974,
    -6670.112946233996,
    6163.150053235848,
    -20000.0,
    813.0377138339986,
    191.58531885958473,
    621.504030290135,
    -5476.947258968534
  ]
}