{
  "gen": 11,
  "score": 24329.0,
  "n_bar": 8.014927127409496,
  "num_pulses": 260,
  "good": 0.68064,
  "unique_pairs": [
    [
      0,
      -3
    ],
    [
      0,
      -2
    ],
    [
      0,
      -1
    ],
    [
      1,
      -3
    ],
    [
      1,
      -2
    ],
    [
      1,
      -1
    ],
    [
      2,
      -10
    ],
    [
      2,
      -9
    ],
    [
      2,
      -8
    ],
    [
      2,
      -7
    ],
    [
      2,
      -6
    ],
    [
      2,
      -5
    ],
    [
      2,
      -4
    ],
    [
      2,
      -3
    ],
    [
      2,
      -2
    ],
    [
      2,
      -1
    ]
  ],
  "omega_vector": [
    12389.514429030894,
    17998.195545863913,
    7634.741375743457,
    14243.870234167585,
    10644.063092717119,
    9416.031599456139,
    8341.115659215322,
    13120.603149296916,
    21279.20474763134,
    6339.632490127106,
    11113.486483424793,
    13335.552696218685,
    5201.637906200312,
    410.897531264299,
    171.20176693131165,
    860.6884639590022
  ],
  "time_vector": [
    0.00010380580325339364,
    9.345661700242919e-05,
    9.54748618465176e-05,
    0.00011495248946410069,
    0.0001634266908598788,
    6.808060957187418e-05,
    2.491404029103515e-05,
    2.84933410256367e-05,
    5.669092162789184e-05,
    2.34059857181792e-05,
    7.243141503066616e-05,
    0.00014629085035295335,
    0.0001275291392873713,
    7.553630913876715e-05,
    7.328159509900975e-05,
    5.72242091004657e-05
  ],
  "omega_scales": [
    0.6907223014840121,
    0.9738067046866248,
    0.8394097606339416,
    1.0116084619779921,
    0.8270632555516539,
    1.1777954119839789,
    0.886747787409192,
    0.7992691720099399,
    1.6176325580372841,
    0.5484941117314024,
    1.295420778365251,
    1.0326490187953028,
    1.0215558013530814,
    0.06661808858352125,
    0.040121442233057136,
    1.0703479522939057
  ],
  "time_scales": [
    1.317182192855817,
    0.8276532063364468,
    0.8037853178452743,
    1.459223847662837,
    1.4351737504302076,
    0.5024521496018949,
    0.6186347692130496,
    0.839690049370351,
    1.4140001997357299,
    0.8887552716691137,
    1.0797681465240268,
    1.383323051645303,
    1.4296126882935725,
    0.6184683330857252,
    0.5196799630314257,
    1.3490582221188308
  ]
}