{
  "gen": 34,
  "score": 2699.109823923235,
  "score_SLM": 2729,
  "score_AOD": 2719,
  "survive_SLM": 0.7522,
  "survive_AOD": 0.7355,
  "nzbar_SLM": 41.74355224674289,
  "nzbar_AOD": 32.640380693405845,
  "num_pulses": 260,
  "unique_pairs": [
    [
      0,
      -3
    ],
    [
      0,
      -2
    ],
    [
      0,
      -1
    ],
    [
      1,
      -3
    ],
    [
      1,
      -2
    ],
    [
      1,
      -1
    ],
    [
      2,
      -10
    ],
    [
      2,
      -9
    ],
    [
      2,
      -8
    ],
    [
      2,
      -7
    ],
    [
      2,
      -6
    ],
    [
      2,
      -5
    ],
    [
      2,
      -4
    ],
    [
      2,
      -3
    ],
    [
      2,
      -2
    ],
    [
      2,
      -1
    ]
  ],
  "omega_vector": [
    20000.0,
    17760.42578125,
    5926.83544921875,
    20000.0,
    10060.341796875,
    4332.263671875,
    10.0,
    6579.355170244589,
    2504.2170597297586,
    8257.09717296657,
    8725.897594325908,
    6642.879143548126,
    9998.869395519368,
    3249.2675999109506,
    3353.043399882818,
    74.24366094161975
  ],
  "time_vector": [
    6.814449443481863e-05,
    7.641866250196472e-05,
    0.0001462052168790251,
    5.634267290588468e-05,
    0.00013017933815717697,
    0.0001981102832360193,
    1.3457479324867512e-05,
    4.006678198033626e-05,
    4.899197753047672e-05,
    2.426732786024669e-05,
    8.068655969774e-05,
    0.00015222636977920277,
    0.00013545447577438877,
    0.00024259051281689566,
    0.000276949672374498,
    4.866504829767447e-05
  ],
  "detuning_vector": [
    0.0,
    0.0,
    0.0,
    0.0,
    0.0,
    0.0,
    16615.083543937708,
    8039.521322824454,
    22753.878700044515,
    -5801.359787832147,
    -350.0109677358332,
    9288.953804156132,
    3724.9786138579925,
    11096.671353569145,
    412.00824598304825,
    31700.344992982104
  ],
  "omega_scales": [
    1.0,
    1.0,
    1.0,
    1.0,
    1.0,
    1.0,
    0.001,
    0.657935517024459,
    0.25042170597297586,
    0.825709717296657,
    0.8725897594325909,
    0.6642879143548126,
    1.0879577574965293,
    1.0296938584734778,
    0.7892448160828188,
    1.1274191178402968
  ],
  "time_scales": [
    1.0,
    1.0,
    1.0,
    1.0,
    1.0,
    1.0,
    0.7317643889363736,
    0.9308044819641375,
    1.2209961535070168,
    1.325148347083525,
    0.9123909716676832,
    1.1652707637733752,
    1.00978390363611,
    0.9631943942391797,
    1.2585809224674651,
    1.0886751386276639
  ],
  "detuning_offsets": [
    0.0,
    0.0,
    0.0,
    0.0,
    0.0,
    0.0,
    5994.185106437707,
    -2777.722817800546,
    12008.497840669514,
    -1382.518479238397,
    2555.264422889167,
    5909.048286578006,
    534.9561529204925,
    10301.269925346489,
    7.54855970375138,
    19210.222922669604
  ],
  "omega_lin_max_xyz": [
    20000.0,
    20000.0,
    10000.0
  ]
}