{
  "gen": 16,
  "score": 18258.0,
  "n_bar": 21.6633395893761,
  "num_pulses": 260,
  "good": 0.70332,
  "unique_pairs": [
    [
      0,
      -3
    ],
    [
      0,
      -2
    ],
    [
      0,
      -1
    ],
    [
      1,
      -3
    ],
    [
      1,
      -2
    ],
    [
      1,
      -1
    ],
    [
      2,
      -10
    ],
    [
      2,
      -9
    ],
    [
      2,
      -8
    ],
    [
      2,
      -7
    ],
    [
      2,
      -6
    ],
    [
      2,
      -5
    ],
    [
      2,
      -4
    ],
    [
      2,
      -3
    ],
    [
      2,
      -2
    ],
    [
      2,
      -1
    ]
  ],
  "omega_vector": [
    18410.49117225355,
    13822.190130350358,
    7268.0756283399305,
    14491.007680705441,
    13501.970298661394,
    7414.151648356215,
    11305.232277461744,
    21005.056685060692,
    13928.969109352867,
    13279.767730831845,
    6769.614775630575,
    16736.640530971497,
    4811.841504739708,
    4966.387499461092,
    4782.680394814724,
    809.8001614202819
  ],
  "time_vector": [
    6.05829419031229e-05,
    9.599856693355319e-05,
    0.0001223543900168303,
    7.805422012352478e-05,
    0.00010788030256363924,
    0.00014445724377899836,
    3.432628864873925e-05,
    4.082480179291216e-05,
    5.604922513526867e-05,
    2.3277434848011312e-05,
    6.355405181770354e-05,
    0.00014124999153960439,
    0.00010219280396561759,
    0.0001514679565348186,
    0.00021872744745847245,
    4.420914357661779e-05
  ],
  "omega_scales": [
    1.0263950945610019,
    0.7478606056973133,
    0.7990963050611667,
    1.0291603160793883,
    1.0491278954568866,
    0.9273921506053333,
    1.201864368960118,
    1.2795672633075528,
    1.0588719925585048,
    1.1489426897955588,
    0.7890862741372415,
    1.296014932109867,
    0.945003226483542,
    0.8051916042454397,
    1.1208297590568783,
    1.0070635088525601
  ],
  "time_scales": [
    0.7687313210304857,
    0.8501647531730587,
    1.0300791262473008,
    0.9908317770755373,
    0.9473787764603979,
    1.066131063143543,
    0.8523481301342564,
    1.203094428350183,
    1.397994833396925,
    0.8838740303954072,
    0.9474292433226617,
    1.3356568019805355,
    1.1455901766288479,
    1.240173575623016,
    1.5511162339684534,
    1.0422286226824016
  ]
}