{
  "gen": 4,
  "score": 2775.0,
  "score_SLM": 2775,
  "score_AOD": 2809,
  "survive_SLM": 0.7487,
  "survive_AOD": 0.7298,
  "nzbar_SLM": 37.90022706023775,
  "nzbar_AOD": 30.498492737736367,
  "num_pulses": 260,
  "unique_pairs": [
    [
      0,
      -3
    ],
    [
      0,
      -2
    ],
    [
      0,
      -1
    ],
    [
      1,
      -3
    ],
    [
      1,
      -2
    ],
    [
      1,
      -1
    ],
    [
      2,
      -10
    ],
    [
      2,
      -9
    ],
    [
      2,
      -8
    ],
    [
      2,
      -7
    ],
    [
      2,
      -6
    ],
    [
      2,
      -5
    ],
    [
      2,
      -4
    ],
    [
      2,
      -3
    ],
    [
      2,
      -2
    ],
    [
      2,
      -1
    ]
  ],
  "omega_vector": [
    20000.0,
    17760.42578125,
    5926.83544921875,
    20000.0,
    10060.341796875,
    4332.263671875,
    8740.469907162767,
    7660.983091330422,
    9381.973532606926,
    9885.488049314828,
    8588.404681222419,
    7318.329217552972,
    9329.859970520514,
    3131.0221993871583,
    4795.12373646968,
    61.01074241708049
  ],
  "time_vector": [
    6.814449443481863e-05,
    7.641866250196472e-05,
    0.0001462052168790251,
    5.634267290588468e-05,
    0.00013017933815717697,
    0.0001981102832360193,
    2.127972299298416e-05,
    3.1592698404616656e-05,
    4.574484475487348e-05,
    1.309046046582796e-05,
    0.00010995445519955532,
    0.0001454451564446028,
    9.13952228396907e-05,
    0.0002617071481457779,
    0.00019520063508646692,
    5.4072362513800526e-05
  ],
  "detuning_vector": [
    0.0,
    0.0,
    0.0,
    0.0,
    0.0,
    0.0,
    12345.627961772756,
    18661.44973332246,
    17695.693490842157,
    -10238.17622085351,
    -4032.7612703540576,
    17357.26984108352,
    5145.442519891316,
    -3561.2673493398433,
    13.09003812316405,
    15796.951613250418
  ],
  "omega_scales": [
    1.0,
    1.0,
    1.0,
    1.0,
    1.0,
    1.0,
    0.8740469907162767,
    0.7660983091330422,
    0.9381973532606926,
    0.9885488049314828,
    0.8588404681222419,
    0.7318329217552972,
    1.0151641280395873,
    0.9922218562550633,
    1.1286840342169842,
    0.9264720586547334
  ],
  "time_scales": [
    1.0,
    1.0,
    1.0,
    1.0,
    1.0,
    1.0,
    1.1571069972904942,
    0.7339402821716616,
    1.1400699115223623,
    0.7148212670448428,
    1.2433477470662688,
    1.1133615600448694,
    0.6813316752003907,
    1.0390961093214672,
    0.8870774002619215,
    1.2096409808443598
  ],
  "detuning_offsets": [
    0.0,
    0.0,
    0.0,
    0.0,
    0.0,
    0.0,
    1724.7295242727555,
    7844.205592697461,
    6950.312631467156,
    -5819.334912259759,
    -1127.4858797290576,
    13977.364323505393,
    1955.420058953816,
    -4356.6687775625,
    -391.3696481561328,
    3306.8295429379177
  ],
  "omega_lin_max_xyz": [
    20000.0,
    20000.0,
    10000.0
  ]
}