{
  "gen": 36,
  "fitness_penalized": 16260.0,
  "raw_survivors": 16260,
  "num_pulses": 280,
  "length_penalty": 0.0,
  "unique_pairs": [
    [
      0,
      -3
    ],
    [
      0,
      -2
    ],
    [
      0,
      -1
    ],
    [
      1,
      -3
    ],
    [
      1,
      -2
    ],
    [
      1,
      -1
    ],
    [
      2,
      -5
    ],
    [
      2,
      -4
    ],
    [
      2,
      -3
    ],
    [
      2,
      -2
    ],
    [
      2,
      -1
    ]
  ],
  "omega_vector": [
    14046.72005097925,
    17258.304307231883,
    7856.757682443251,
    10366.536579120633,
    20831.968937769423,
    7770.21985943633,
    11676.855860200021,
    17236.962569712996,
    32099.16896401798,
    6979.1947841252595,
    1877.9975778009543
  ],
  "time_vector": [
    0.00010140400686430662,
    6.873410690851361e-05,
    9.206968139690007e-05,
    0.0001376747824988506,
    8.553187182550684e-05,
    7.617291845472669e-05,
    9.467048956512065e-05,
    0.0001005774247609443,
    5.403873490298048e-05,
    0.00030856856652795514,
    0.0003787680471387745
  ],
  "omega_scales": [
    1.0502624530424483,
    1.0036367735590233,
    1.3859320551829892,
    0.7750979657619426,
    1.2114591166887447,
    1.3706667832045685,
    1.2611004329016016,
    1.329708541092145,
    1.2381108028978358,
    1.076790052407897,
    0.2897481977178614
  ],
  "time_scales": [
    1.1267111873811846,
    0.981915812978766,
    1.315281162812858,
    1.5297198055427845,
    1.2218838832215264,
    1.0881845493532383,
    1.3524355652160094,
    2.011548495218886,
    1.0807746980596098,
    1.5428428326397756,
    1.8938402356938724
  ]
}