{
  "gen": 13,
  "score": 18701.0,
  "n_bar": 18.63694470152707,
  "num_pulses": 260,
  "good": 0.69152,
  "unique_pairs": [
    [
      0,
      -3
    ],
    [
      0,
      -2
    ],
    [
      0,
      -1
    ],
    [
      1,
      -3
    ],
    [
      1,
      -2
    ],
    [
      1,
      -1
    ],
    [
      2,
      -10
    ],
    [
      2,
      -9
    ],
    [
      2,
      -8
    ],
    [
      2,
      -7
    ],
    [
      2,
      -6
    ],
    [
      2,
      -5
    ],
    [
      2,
      -4
    ],
    [
      2,
      -3
    ],
    [
      2,
      -2
    ],
    [
      2,
      -1
    ]
  ],
  "omega_vector": [
    21097.041716753243,
    14694.39707646071,
    6396.4655341981015,
    14473.748291077076,
    12620.356231684123,
    6672.060137884873,
    11641.500010269012,
    19696.751005854676,
    14424.314485946894,
    12550.568859726842,
    7178.694094890494,
    16072.102123753244,
    5977.425834991297,
    5509.976448175768,
    5380.33525688914,
    714.3989888822739
  ],
  "time_vector": [
    7.170435831219354e-05,
    0.000108195537830054,
    0.0001300752706946417,
    9.160750388865151e-05,
    0.00010620433760904458,
    0.00013059770384665648,
    3.5182446920960136e-05,
    4.224872602037695e-05,
    5.4585728995114254e-05,
    2.845847379271023e-05,
    5.2855858598116475e-05,
    0.00012439234105308947,
    0.00010154312461219694,
    0.00017790466097566471,
    0.00022315583637983862,
    4.035317600676856e-05
  ],
  "omega_scales": [
    1.1761717775601195,
    0.795052057186554,
    0.7032662062428587,
    1.027934543567452,
    0.9806248629191281,
    0.834568335490281,
    1.2376131440912377,
    1.1998690676486947,
    1.096527855085084,
    1.085853656211175,
    0.836769766708108,
    1.244555877521128,
    1.1739137073756163,
    0.8933227171948737,
    1.2608912517261974,
    0.8884230786058287
  ],
  "time_scales": [
    0.9098499405512439,
    0.9581813109500091,
    1.0950798019187307,
    1.1628791592280645,
    0.9326608567814301,
    0.9638441465708192,
    0.8736071980717757,
    1.2450570400278997,
    1.3614919194370172,
    1.0806047184453336,
    0.7879463965637145,
    1.1762512311036624,
    1.1383072148511508,
    1.4566292737399724,
    1.5825203674051647,
    0.9513243561822581
  ]
}