{
  "gen": 42,
  "fitness": 2491.5988495633783,
  "score_list": [
    2580,
    2763,
    2875,
    2596,
    2209
  ],
  "num_pulses": 200,
  "unique_pairs": [
    [
      0,
      -3
    ],
    [
      0,
      -2
    ],
    [
      0,
      -1
    ],
    [
      1,
      -3
    ],
    [
      1,
      -2
    ],
    [
      1,
      -1
    ],
    [
      2,
      -5
    ],
    [
      2,
      -4
    ],
    [
      2,
      -3
    ],
    [
      2,
      -2
    ]
  ],
  "omega_vector": [
    17074.704712331342,
    12973.86923638172,
    1365.885016191701,
    17472.92099378699,
    8325.726533713689,
    993.243170901028,
    6876.005174968068,
    6876.005174968068,
    3488.0394690616668,
    3123.583503941182
  ],
  "time_vector": [
    4.774269257240476e-05,
    0.00010774222502127832,
    5e-06,
    0.00011367702860723585,
    0.00013873900796063896,
    9.766918964610569e-06,
    9.142479476322665e-05,
    7.01757492558433e-05,
    8.980181978454655e-05,
    8.707604166428956e-05
  ],
  "omega_scales": [
    0.6967550545787442,
    0.5294152443739913,
    0.1,
    1.038766270712422,
    0.49496497497312836,
    0.1,
    1.5,
    1.5,
    1.4777264088884594,
    1.3233227075219856
  ],
  "time_scales": [
    0.6820384653200681,
    1.5391746431611186,
    0.1,
    1.6239575515319409,
    1.9819858280091278,
    0.19533837929221137,
    1.828495895264533,
    1.4035149851168662,
    0.4490090989227327,
    0.4353802083214478
  ]
}