{
  "gen": 11,
  "score": 2824.0,
  "score_SLM": 3023,
  "score_AOD": 2824,
  "survive_SLM": 0.7395,
  "survive_AOD": 0.7531,
  "nzbar_SLM": 36.16943881000676,
  "nzbar_AOD": 30.650909573761783,
  "num_pulses": 260,
  "unique_pairs": [
    [
      0,
      -3
    ],
    [
      0,
      -2
    ],
    [
      0,
      -1
    ],
    [
      1,
      -3
    ],
    [
      1,
      -2
    ],
    [
      1,
      -1
    ],
    [
      2,
      -10
    ],
    [
      2,
      -9
    ],
    [
      2,
      -8
    ],
    [
      2,
      -7
    ],
    [
      2,
      -6
    ],
    [
      2,
      -5
    ],
    [
      2,
      -4
    ],
    [
      2,
      -3
    ],
    [
      2,
      -2
    ],
    [
      2,
      -1
    ]
  ],
  "omega_vector": [
    20000.0,
    17760.42578125,
    5926.83544921875,
    20000.0,
    10060.341796875,
    4332.263671875,
    9456.2268808939,
    8643.907257894203,
    9396.596377685475,
    9999.999999999998,
    7961.291459404125,
    8722.324286942283,
    5372.826053872726,
    3489.2166155846085,
    4492.863021793079,
    100.79431470093037
  ],
  "time_vector": [
    6.814449443481863e-05,
    7.641866250196472e-05,
    0.0001462052168790251,
    5.634267290588468e-05,
    0.00013017933815717697,
    0.0001981102832360193,
    2.0357277880149363e-05,
    1.6957746536973828e-05,
    3.783193882205999e-05,
    1.6607261991732425e-05,
    0.00010703253512535007,
    0.00011930509170785458,
    0.00010831445601316301,
    0.0003388504527526326,
    0.00021348290252461532,
    4.8064451334319215e-05
  ],
  "detuning_vector": [
    0.0,
    0.0,
    0.0,
    0.0,
    0.0,
    0.0,
    8105.569199313314,
    11738.831777971107,
    25379.239688308327,
    -19197.01362757583,
    -2723.930095814056,
    6863.3868342808255,
    2309.7465478705753,
    -797.5484481245282,
    486.6127478366147,
    10513.504494490793
  ],
  "omega_scales": [
    1.0,
    1.0,
    1.0,
    1.0,
    1.0,
    1.0,
    0.9456226880893901,
    0.8643907257894203,
    0.9396596377685474,
    0.9999999999999998,
    0.7961291459404125,
    0.8722324286942283,
    0.5846068744141919,
    1.1057337721428515,
    1.0575374149479546,
    1.5306012112306404
  ],
  "time_scales": [
    1.0,
    1.0,
    1.0,
    1.0,
    1.0,
    1.0,
    1.106948088030751,
    0.3939509414151009,
    0.9428615481527092,
    0.9068606937139538,
    1.2103071327975938,
    0.9132631589264741,
    0.8074609095631933,
    1.34539002695085,
    0.9701600514159097,
    1.0752393154812316
  ],
  "detuning_offsets": [
    0.0,
    0.0,
    0.0,
    0.0,
    0.0,
    0.0,
    -2515.329238186686,
    921.5876373461076,
    14633.858828933327,
    -14778.17231898208,
    181.3452948109439,
    3483.4813167027005,
    -880.2759130669247,
    -1592.9498763471845,
    82.15306155731781,
    -1976.6175758217064
  ],
  "omega_lin_max_xyz": [
    20000.0,
    20000.0,
    10000.0
  ]
}