{
  "gen": 28,
  "fitness": 3660.061659620728,
  "score_list": [
    4087,
    4069,
    4542,
    3836,
    3019
  ],
  "num_pulses": 200,
  "unique_pairs": [
    [
      0,
      -3
    ],
    [
      0,
      -2
    ],
    [
      0,
      -1
    ],
    [
      1,
      -3
    ],
    [
      1,
      -2
    ],
    [
      1,
      -1
    ],
    [
      2,
      -5
    ],
    [
      2,
      -4
    ],
    [
      2,
      -3
    ],
    [
      2,
      -2
    ]
  ],
  "omega_vector": [
    24729.81971270584,
    11758.332605311718,
    1365.885016191701,
    15402.67264847845,
    14029.968974156756,
    1155.8901226476912,
    13109.707064261584,
    16310.295088013378,
    3049.9229090373474,
    3084.7462452364784
  ],
  "time_vector": [
    6.95149581631909e-05,
    0.00011192172783410444,
    4.511302388820372e-05,
    6.274287593254873e-05,
    9.988750042319686e-05,
    2.3495383305115612e-05,
    6.217504076176482e-05,
    7.811223343516986e-05,
    0.0003100506635187115,
    0.00014847832050124296
  ],
  "omega_scales": [
    1.0091317638544528,
    0.4798137252852314,
    0.1,
    0.9156898741631907,
    0.83408255292163,
    0.1163753405522151,
    2.85988158763765,
    3.558089618821976,
    1.292116006064243,
    1.3068690970207797
  ],
  "time_scales": [
    0.9930708309027273,
    1.5988818262014919,
    0.9022604777640744,
    0.8963267990364105,
    1.426964291759955,
    0.4699076661023122,
    1.2435008152352964,
    1.5622446687033975,
    1.5502533175935576,
    0.7423916025062148
  ]
}