{
  "gen": 18,
  "score": -46.31945320299501,
  "n_bar": 23.012453202995008,
  "num_pulses": 480,
  "good": 0.76928,
  "survive": 0.9953,
  "unique_pairs": [
    [
      0,
      -3
    ],
    [
      0,
      -2
    ],
    [
      0,
      -1
    ],
    [
      1,
      -3
    ],
    [
      1,
      -2
    ],
    [
      1,
      -1
    ],
    [
      2,
      -10
    ],
    [
      2,
      -9
    ],
    [
      2,
      -8
    ],
    [
      2,
      -7
    ],
    [
      2,
      -6
    ],
    [
      2,
      -5
    ],
    [
      2,
      -4
    ],
    [
      2,
      -3
    ],
    [
      2,
      -2
    ],
    [
      2,
      -1
    ]
  ],
  "omega_vector": [
    26078.382646707283,
    17117.335832106477,
    7646.730812595263,
    26180.47994632503,
    13155.731358818153,
    6964.233947540385,
    15423.994524838798,
    15523.557655317534,
    13225.367083470961,
    7117.051780010135,
    7328.8347308811335,
    4987.998606281505,
    400.0,
    400.0,
    780.0125444568565,
    362.3039378240455
  ],
  "time_vector": [
    6.64287912274533e-05,
    7.697000814742668e-05,
    9.340795109991341e-05,
    6.552118350025102e-05,
    0.00010610836098630452,
    0.00016954501421785642,
    2.054694250263189e-05,
    4.2859487500320505e-05,
    3.126533958497321e-05,
    3.1388490752154915e-05,
    3.106969351729233e-05,
    4.762873185521266e-05,
    8.354247642447816e-05,
    4.421151697604466e-05,
    2.7341534255552e-05,
    4.0787222820529634e-05
  ],
  "omega_scales": [
    1.6298989154192052,
    1.3167181409312674,
    0.8496367569550293,
    1.6362799966453145,
    1.011979335293704,
    0.7738037719489317,
    1.2853328770698997,
    1.2936298046097945,
    1.4694852314967735,
    0.7907835311122372,
    1.2214724551468557,
    0.8313331010469175,
    0.1,
    0.1,
    0.2600041814856188,
    0.12076797927468183
  ],
  "time_scales": [
    0.8303598903431662,
    0.8552223127491853,
    0.7783995924992784,
    0.8190147937531376,
    1.1789817887367169,
    1.4128751184821366,
    0.6848980834210631,
    1.4286495833440167,
    1.0421779861657736,
    1.0462830250718305,
    0.6213938703458466,
    0.9525746371042532,
    1.193463948921117,
    0.6315930996577811,
    0.30379482506168887,
    0.45319136467255144
  ]
}