{
  "gen": 23,
  "fitness": 67.62155878691863,
  "z_mean": 55.92655878691864,
  "good_frac": 0.8837,
  "survive_frac": 0.9987,
  "num_pulses": 200,
  "z_dns": [
    -5,
    -4,
    -3,
    -2
  ],
  "omega_scales_z": [
    0.4097804524621642,
    0.3295566343238944,
    0.4540641823063148,
    0.1828867884672653
  ],
  "time_scales_z": [
    0.894864162002681,
    0.708679234335721,
    0.15284997738986025,
    0.2998228969174129
  ]
}