{
  "gen": 26,
  "score": 3376.022108758591,
  "score_SLM": 3391,
  "score_AOD": 3386,
  "survive_SLM": 0.6601,
  "survive_AOD": 0.6857,
  "nzbar_SLM": 13.214512952582941,
  "nzbar_AOD": 10.969374361965874,
  "num_pulses": 260,
  "unique_pairs": [
    [
      0,
      -3
    ],
    [
      0,
      -2
    ],
    [
      0,
      -1
    ],
    [
      1,
      -3
    ],
    [
      1,
      -2
    ],
    [
      1,
      -1
    ],
    [
      2,
      -10
    ],
    [
      2,
      -9
    ],
    [
      2,
      -8
    ],
    [
      2,
      -7
    ],
    [
      2,
      -6
    ],
    [
      2,
      -5
    ],
    [
      2,
      -4
    ],
    [
      2,
      -3
    ],
    [
      2,
      -2
    ],
    [
      2,
      -1
    ]
  ],
  "omega_vector": [
    20508.373046875,
    17760.42578125,
    5926.83544921875,
    25809.142578125,
    10060.341796875,
    4332.263671875,
    14809.086508400229,
    42023.676383431906,
    52915.68110648924,
    15039.099386076901,
    11.9939423828125,
    57871.19018892537,
    13754.084518513877,
    3117.753626100474,
    1972.516997931328,
    57.43198746376062
  ],
  "time_vector": [
    6.814449443481863e-05,
    7.641866250196472e-05,
    0.0001462052168790251,
    5.634267290588468e-05,
    0.00013017933815717697,
    0.0001981102832360193,
    6.206316056516205e-06,
    6.304021116324778e-05,
    4.7058887698530205e-05,
    1.6331228236586843e-05,
    2.9586428003187814e-05,
    4.02059797132043e-05,
    9.639214000082415e-05,
    0.00019975011705656472,
    0.00019126189524072926,
    6.10951585394982e-05
  ],
  "detuning_vector": [
    0.0,
    0.0,
    0.0,
    0.0,
    0.0,
    0.0,
    15589.293599733333,
    15471.606697108877,
    15075.665333446152,
    -20235.74331306095,
    -8646.696314172372,
    10177.788969234978,
    2570.4524721816697,
    2353.7491303064453,
    -6862.654153340569,
    19865.1794826208
  ],
  "omega_scales": [
    1.0,
    1.0,
    1.0,
    1.0,
    1.0,
    1.0,
    1.4166220913203054,
    1.480175781110044,
    1.344234107022733,
    0.6309836368046914,
    0.001,
    1.0775271051156956,
    1.4965554961529555,
    0.9880170414763794,
    0.46429426332714685,
    0.8721272607114969
  ],
  "time_scales": [
    1.0,
    1.0,
    1.0,
    1.0,
    1.0,
    1.0,
    0.3374748693279004,
    1.4645077092418952,
    1.1728189749532028,
    0.8917875189302714,
    0.3345586910029154,
    0.30777093848206044,
    0.7185826149590727,
    0.7930985872589457,
    0.8691780368652947,
    1.3667464128592208
  ],
  "detuning_offsets": [
    0.0,
    0.0,
    0.0,
    0.0,
    0.0,
    0.0,
    4968.395162233333,
    4654.362556483876,
    4330.2844740711525,
    -15816.9020044672,
    -5741.420923547372,
    6797.883451656853,
    -619.5699887558303,
    1558.347702083789,
    -7267.113839619866,
    7375.057412308297
  ]
}