{
  "gen": 36,
  "fitness": 67.87109224128139,
  "z_mean": 55.79609224128138,
  "good_frac": 0.8803,
  "survive_frac": 0.9979,
  "num_pulses": 200,
  "z_dns": [
    -5,
    -4,
    -3,
    -2
  ],
  "omega_scales_z": [
    0.4639150708446785,
    0.16676551556814867,
    0.16658470008675647,
    0.2496387426297038
  ],
  "time_scales_z": [
    0.5822195621905106,
    0.7932955030146733,
    0.3772397381034396,
    0.27009703929768747
  ]
}