{
  "gen": 14,
  "score": 14915.0,
  "n_bar": 28.991467944232117,
  "num_pulses": 260,
  "good": 0.74308,
  "unique_pairs": [
    [
      0,
      -3
    ],
    [
      0,
      -2
    ],
    [
      0,
      -1
    ],
    [
      1,
      -3
    ],
    [
      1,
      -2
    ],
    [
      1,
      -1
    ],
    [
      2,
      -10
    ],
    [
      2,
      -9
    ],
    [
      2,
      -8
    ],
    [
      2,
      -7
    ],
    [
      2,
      -6
    ],
    [
      2,
      -5
    ],
    [
      2,
      -4
    ],
    [
      2,
      -3
    ],
    [
      2,
      -2
    ],
    [
      2,
      -1
    ]
  ],
  "omega_vector": [
    20456.34925051406,
    17537.347447522014,
    8312.332966391183,
    14675.963902833273,
    11105.491167340162,
    7736.757638180168,
    8106.985816310284,
    16615.18762922825,
    11251.396373078154,
    9722.686791176347,
    9061.435623390786,
    9013.985933731883,
    5082.930800068913,
    6775.02492142345,
    2930.0681654733608,
    902.9491908783533
  ],
  "time_vector": [
    7.960508484016152e-05,
    6.44871522693514e-05,
    0.00010587678545419822,
    9.649000910050759e-05,
    8.916741557434564e-05,
    0.00012179639753741764,
    4.8135385561653784e-05,
    4.478537878091884e-05,
    3.928920282747675e-05,
    2.9870255865148015e-05,
    7.143510284687656e-05,
    8.25857905629208e-05,
    6.337239184545547e-05,
    9.908593669931337e-05,
    0.00018160326405734732,
    4.316082570969846e-05
  ],
  "omega_scales": [
    1.2785218281571287,
    1.3490267267324625,
    0.9235925518212424,
    0.9172477439270795,
    0.8542685513338586,
    0.8596397375755742,
    0.6755821513591903,
    1.3845989691023541,
    1.2501551525642394,
    1.0802985323529275,
    1.5102392705651309,
    1.5023309889553138,
    1.2707327000172284,
    1.6937562303558624,
    0.9766893884911203,
    0.30098306362611776
  ],
  "time_scales": [
    0.9950635605020188,
    0.7165239141039045,
    0.8823065454516517,
    1.2061251137563447,
    0.9907490619371737,
    1.01496997947848,
    1.6045128520551262,
    1.4928459593639616,
    1.309640094249225,
    0.9956751955049339,
    1.428702056937531,
    1.6517158112584158,
    0.9053198835065068,
    1.4155133814187626,
    2.0178140450816366,
    0.4795647301077606
  ]
}