{
  "gen": 37,
  "score": 3826.686294955467,
  "score_SLM": 3876,
  "score_AOD": 3778,
  "survive_SLM": 0.6931,
  "survive_AOD": 0.7017,
  "nzbar_SLM": 13.414947338046458,
  "nzbar_AOD": 12.878153056861906,
  "num_pulses": 260,
  "unique_pairs": [
    [
      0,
      -3
    ],
    [
      0,
      -2
    ],
    [
      0,
      -1
    ],
    [
      1,
      -3
    ],
    [
      1,
      -2
    ],
    [
      1,
      -1
    ],
    [
      2,
      -10
    ],
    [
      2,
      -9
    ],
    [
      2,
      -8
    ],
    [
      2,
      -7
    ],
    [
      2,
      -6
    ],
    [
      2,
      -5
    ],
    [
      2,
      -4
    ],
    [
      2,
      -3
    ],
    [
      2,
      -2
    ],
    [
      2,
      -1
    ]
  ],
  "omega_vector": [
    20508.373046875,
    17760.42578125,
    5926.83544921875,
    25809.142578125,
    10060.341796875,
    4332.263671875,
    17318.97890285322,
    16435.540529502447,
    30569.92938686601,
    16662.23110801596,
    14042.45958911947,
    54327.8154436534,
    9719.094440072378,
    1878.0073845012967,
    4047.121421044823,
    118.14200754410062
  ],
  "time_vector": [
    6.814449443481863e-05,
    7.641866250196472e-05,
    0.0001462052168790251,
    5.634267290588468e-05,
    0.00013017933815717697,
    0.0001981102832360193,
    1.2334457539580465e-05,
    3.679952622379586e-05,
    6.398217875030209e-05,
    1.8071167922616933e-05,
    4.866116602271352e-05,
    7.379656338526462e-05,
    0.00016175404325597469,
    0.0002747531838717593,
    0.00024889787024266085,
    7.204206727724152e-05
  ],
  "detuning_vector": [
    0.0,
    0.0,
    0.0,
    0.0,
    0.0,
    0.0,
    3037.2858655576047,
    3685.5255455415736,
    1071.45221886702,
    -4130.78815688786,
    3477.469159922864,
    3288.879380930369,
    2912.9952557221472,
    -2645.2114671416693,
    386.6646916803908,
    261.8471288608531
  ],
  "omega_scales": [
    1.0,
    1.0,
    1.0,
    1.0,
    1.0,
    1.0,
    1.2575202392621936,
    0.9515700687285179,
    1.2523407749067992,
    1.1058298138022484,
    1.3767862001628972,
    2.211774786605816,
    1.5125460667154949,
    0.9200853910751117,
    0.7336619389571479,
    0.6329848819186111
  ],
  "time_scales": [
    1.0,
    1.0,
    1.0,
    1.0,
    1.0,
    1.0,
    0.7740661830229073,
    0.8966169367802542,
    1.3081682512225086,
    1.059721788441453,
    0.8163883793841511,
    0.7536451445632627,
    1.2399096042988693,
    1.6249449435898267,
    1.4864839895050448,
    1.4235773706675556
  ],
  "detuning_offsets": [
    0.0,
    0.0,
    0.0,
    0.0,
    0.0,
    0.0,
    3255.4885175351437,
    2988.3440880220423,
    -17.439748906417435,
    -3265.7420143097356,
    3751.402479014661,
    2142.5369737038063,
    2595.0045330658972,
    -3658.215495461982,
    -56.969585663359226,
    620.3438329624156
  ]
}