{
  "gen": 16,
  "score": 3598.489597985615,
  "score_SLM": 3764,
  "score_AOD": 3708,
  "survive_SLM": 0.6865,
  "survive_AOD": 0.6898,
  "nzbar_SLM": 13.87428987618354,
  "nzbar_AOD": 12.204407074514352,
  "num_pulses": 260,
  "unique_pairs": [
    [
      0,
      -3
    ],
    [
      0,
      -2
    ],
    [
      0,
      -1
    ],
    [
      1,
      -3
    ],
    [
      1,
      -2
    ],
    [
      1,
      -1
    ],
    [
      2,
      -10
    ],
    [
      2,
      -9
    ],
    [
      2,
      -8
    ],
    [
      2,
      -7
    ],
    [
      2,
      -6
    ],
    [
      2,
      -5
    ],
    [
      2,
      -4
    ],
    [
      2,
      -3
    ],
    [
      2,
      -2
    ],
    [
      2,
      -1
    ]
  ],
  "omega_vector": [
    20508.373046875,
    17760.42578125,
    5926.83544921875,
    25809.142578125,
    10060.341796875,
    4332.263671875,
    10527.166860708869,
    21945.272977396835,
    33356.27629800554,
    25126.856266147883,
    7680.8012232069095,
    53664.2719877598,
    11815.065075246446,
    2154.518035773326,
    3304.794540321872,
    66.010883413062
  ],
  "time_vector": [
    6.814449443481863e-05,
    7.641866250196472e-05,
    0.0001462052168790251,
    5.634267290588468e-05,
    0.00013017933815717697,
    0.0001981102832360193,
    1.720587635381887e-05,
    3.6051419654861735e-05,
    5.310084275456638e-05,
    1.8649980455771022e-05,
    6.363274553629394e-05,
    7.556636029807356e-05,
    0.0001551992034064984,
    0.00033389434363182823,
    0.00027096185387829366,
    5.887736747937152e-05
  ],
  "detuning_vector": [
    0.0,
    0.0,
    0.0,
    0.0,
    0.0,
    0.0,
    18396.88935735523,
    13986.052721209955,
    17464.480822706253,
    -3226.09302527538,
    2162.77679415647,
    5477.369332960032,
    -2776.435293774518,
    1670.5702781064374,
    1607.5786058183462,
    18783.403846315647
  ],
  "omega_scales": [
    1.0,
    1.0,
    1.0,
    1.0,
    1.0,
    1.0,
    1.0070180308175005,
    0.7729657270965962,
    0.8473602407728305,
    1.0542276994964777,
    0.6403900384091901,
    0.999196792986951,
    1.2855745180250953,
    0.6827673994800966,
    0.7778879209434014,
    1.0024011612780448
  ],
  "time_scales": [
    1.0,
    1.0,
    1.0,
    1.0,
    1.0,
    1.0,
    0.9355873631476689,
    0.8375222899703831,
    1.3233988097535692,
    1.0184059372515433,
    0.7195491138453862,
    0.5784495190145458,
    1.1569765898179365,
    1.325712025255872,
    1.2313696459134709,
    1.3171326947126392
  ],
  "detuning_offsets": [
    0.0,
    0.0,
    0.0,
    0.0,
    0.0,
    0.0,
    7775.99091985523,
    3168.808580584954,
    6719.099963331253,
    1192.7482833183699,
    5068.05218478147,
    2097.463815381907,
    -5966.457754712018,
    875.1688498837813,
    1203.1189195390493,
    6293.2817760031485
  ]
}