{
  "gen": 40,
  "score": 3822.43024789204,
  "score_SLM": 3889,
  "score_AOD": 3757,
  "survive_SLM": 0.7052,
  "survive_AOD": 0.7199,
  "nzbar_SLM": 14.339194554736245,
  "nzbar_AOD": 13.003055979997221,
  "num_pulses": 260,
  "unique_pairs": [
    [
      0,
      -3
    ],
    [
      0,
      -2
    ],
    [
      0,
      -1
    ],
    [
      1,
      -3
    ],
    [
      1,
      -2
    ],
    [
      1,
      -1
    ],
    [
      2,
      -10
    ],
    [
      2,
      -9
    ],
    [
      2,
      -8
    ],
    [
      2,
      -7
    ],
    [
      2,
      -6
    ],
    [
      2,
      -5
    ],
    [
      2,
      -4
    ],
    [
      2,
      -3
    ],
    [
      2,
      -2
    ],
    [
      2,
      -1
    ]
  ],
  "omega_vector": [
    20508.373046875,
    17760.42578125,
    5926.83544921875,
    25809.142578125,
    10060.341796875,
    4332.263671875,
    13311.213641947097,
    16690.88181257924,
    48658.775894779785,
    17982.148113756975,
    13234.736693178296,
    40585.733550438265,
    9896.305395389847,
    3026.7255255068317,
    3264.7679454139784,
    226.8749475139279
  ],
  "time_vector": [
    6.814449443481863e-05,
    7.641866250196472e-05,
    0.0001462052168790251,
    5.634267290588468e-05,
    0.00013017933815717697,
    0.0001981102832360193,
    1.2724195115172012e-05,
    1.8440632584499986e-05,
    7.742539545479624e-05,
    9.204437253050508e-06,
    7.084638329320031e-05,
    9.239966133292464e-05,
    0.00022433939246211163,
    0.0002545830280970903,
    0.00026211693195611174,
    1.7110779911314886e-05
  ],
  "detuning_vector": [
    0.0,
    0.0,
    0.0,
    0.0,
    0.0,
    0.0,
    1237.7011609985325,
    -4302.818542480469,
    -1996.9715254648154,
    -5409.965136156905,
    -5273.933319091797,
    368.7604722381843,
    5317.99072265625,
    -754.3106166116249,
    936.4388253866223,
    -5358.4967041015625
  ],
  "omega_scales": [
    1.0,
    1.0,
    1.0,
    1.0,
    1.0,
    1.0,
    0.9665189072511542,
    0.9663535875212501,
    1.9933761815055346,
    1.1934293415744215,
    1.2975933971051565,
    1.6523120141994898,
    1.5401247403354557,
    1.482872730850571,
    0.5918369457912629,
    1.2155575721767544
  ],
  "time_scales": [
    1.0,
    1.0,
    1.0,
    1.0,
    1.0,
    1.0,
    0.7985247112192768,
    0.4493042491811468,
    1.583025869869018,
    0.5397627175602768,
    1.1885897681729851,
    0.9436287128887255,
    1.719651402445368,
    1.505654633007783,
    1.5654317264791149,
    0.3381152151350863
  ],
  "detuning_offsets": [
    0.0,
    0.0,
    0.0,
    0.0,
    0.0,
    0.0,
    1455.9038129760715,
    -5000.0,
    -3085.863493238253,
    -4544.91899357878,
    -5000.0,
    -777.5819349883782,
    5000.0,
    -1767.3146449319374,
    492.8045480428723,
    -5000.0
  ]
}