{
  "rank": 1,
  "score": 3896.626233038011,
  "score_SLM": 4246,
  "score_AOD": 3576,
  "survive_SLM": 0.6871,
  "survive_AOD": 0.6908,
  "nzbar_SLM": 11.382622616795226,
  "nzbar_AOD": 11.437319050376376,
  "num_pulses": 260,
  "unique_pairs": [
    [
      0,
      -3
    ],
    [
      0,
      -2
    ],
    [
      0,
      -1
    ],
    [
      1,
      -3
    ],
    [
      1,
      -2
    ],
    [
      1,
      -1
    ],
    [
      2,
      -10
    ],
    [
      2,
      -9
    ],
    [
      2,
      -8
    ],
    [
      2,
      -7
    ],
    [
      2,
      -6
    ],
    [
      2,
      -5
    ],
    [
      2,
      -4
    ],
    [
      2,
      -3
    ],
    [
      2,
      -2
    ],
    [
      2,
      -1
    ]
  ],
  "omega_vector": [
    20508.373046875,
    17760.42578125,
    5926.83544921875,
    25809.142578125,
    10060.341796875,
    4332.263671875,
    10453.801651307704,
    28391.003931055606,
    39364.93137570917,
    23834.37276984958,
    11993.94200244797,
    53707.40869811591,
    9190.494368033795,
    3155.56663507255,
    4248.419887821715,
    65.8527596842896
  ],
  "time_vector": [
    6.814449443481863e-05,
    7.641866250196472e-05,
    0.0001462052168790251,
    5.634267290588468e-05,
    0.00013017933815717697,
    0.0001981102832360193,
    1.8390454262001423e-05,
    4.304532622719591e-05,
    4.0124595525716845e-05,
    1.8312914339259708e-05,
    8.843419552628796e-05,
    0.00013063604430432922,
    0.0001341420440238251,
    0.0002518603773276642,
    0.00022004916062860248,
    4.4701165258659694e-05
  ],
  "detuning_vector": [
    0.0,
    0.0,
    0.0,
    0.0,
    0.0,
    0.0,
    10620.898214024635,
    10817.243765697402,
    10745.380965547407,
    -4418.84136631303,
    -2905.2754993777216,
    3379.905611360233,
    3190.022388488562,
    795.4014150899653,
    404.4596816627786,
    12490.122336466802
  ],
  "omega_scales": [
    1.0,
    1.0,
    1.0,
    1.0,
    1.0,
    1.0,
    0.7590440075878987,
    1.6437566816528706,
    1.6126405802032702,
    1.5818265772040747,
    1.1759402781062205,
    2.186517006847615,
    1.4302820281512667,
    1.5459953914213678,
    0.7701533134626621,
    0.3528279413841414
  ],
  "time_scales": [
    1.0,
    1.0,
    1.0,
    1.0,
    1.0,
    1.0,
    1.1541187513892883,
    1.0487952564883336,
    0.820380346295095,
    1.0738981795906586,
    1.4836604929308153,
    1.3341166035187986,
    1.0282525578802124,
    1.4895523351614188,
    1.314191856521466,
    0.8833112334187762
  ],
  "detuning_offsets": [
    0.0,
    0.0,
    0.0,
    0.0,
    0.0,
    0.0,
    10839.100866002174,
    10120.06230817787,
    9656.48899777397,
    -3553.795223734906,
    -2631.3421802859248,
    2233.5632041336703,
    2872.031665832312,
    -217.60261323034717,
    -39.17459568097138,
    12848.619040568365
  ]
}