{
  "rank": 2,
  "score": 3799.278089321707,
  "score_SLM": 3959,
  "score_AOD": 3646,
  "survive_SLM": 0.7034,
  "survive_AOD": 0.7154,
  "nzbar_SLM": 13.239977253340916,
  "nzbar_AOD": 11.230919765166341,
  "num_pulses": 260,
  "unique_pairs": [
    [
      0,
      -3
    ],
    [
      0,
      -2
    ],
    [
      0,
      -1
    ],
    [
      1,
      -3
    ],
    [
      1,
      -2
    ],
    [
      1,
      -1
    ],
    [
      2,
      -10
    ],
    [
      2,
      -9
    ],
    [
      2,
      -8
    ],
    [
      2,
      -7
    ],
    [
      2,
      -6
    ],
    [
      2,
      -5
    ],
    [
      2,
      -4
    ],
    [
      2,
      -3
    ],
    [
      2,
      -2
    ],
    [
      2,
      -1
    ]
  ],
  "omega_vector": [
    20508.373046875,
    17760.42578125,
    5926.83544921875,
    25809.142578125,
    10060.341796875,
    4332.263671875,
    21019.099892884995,
    25171.77716096592,
    39357.89506029148,
    22330.902956422135,
    12815.57195015307,
    55101.410646232805,
    9766.267495523385,
    2664.591332010597,
    3912.1560959281696,
    84.09821799906099
  ],
  "time_vector": [
    6.814449443481863e-05,
    7.641866250196472e-05,
    0.0001462052168790251,
    5.634267290588468e-05,
    0.00013017933815717697,
    0.0001981102832360193,
    1.3594406390165168e-05,
    4.820537777235436e-05,
    3.3518007988430006e-05,
    1.897473281606371e-05,
    8.071780217824284e-05,
    0.00015960890547288292,
    0.00017519852127133507,
    0.0001506138181185017,
    0.00023016866228375304,
    4.086588913569032e-05
  ],
  "detuning_vector": [
    0.0,
    0.0,
    0.0,
    0.0,
    0.0,
    0.0,
    12579.205321079095,
    6028.82648713491,
    -2258.08186942277,
    -17482.3775452704,
    5655.119400493238,
    -2139.5501593459308,
    6635.936567259738,
    229.3632546718536,
    1026.9330863162986,
    14857.573227730265
  ],
  "omega_scales": [
    1.0,
    1.0,
    1.0,
    1.0,
    1.0,
    1.0,
    1.5261837129452331,
    1.457372800126848,
    1.6123523275026777,
    1.4820451173826508,
    1.2564965913689938,
    2.2432691205879904,
    1.5198874316870281,
    1.305453630268529,
    0.7091954325651795,
    0.45058401915026036
  ],
  "time_scales": [
    1.0,
    1.0,
    1.0,
    1.0,
    1.0,
    1.0,
    0.8531360403268526,
    1.1745194188569368,
    0.6853032321047606,
    1.1127082588763793,
    1.3542025622030402,
    1.6300010613057037,
    1.342966919469967,
    0.8907600586737836,
    1.3746282000606276,
    0.8075247866208289
  ],
  "detuning_offsets": [
    0.0,
    0.0,
    0.0,
    0.0,
    0.0,
    0.0,
    12797.407973056634,
    5331.645029615379,
    -3346.9738371962076,
    -16617.331402692274,
    5929.0527195850345,
    -3285.8925665724933,
    6317.945844603488,
    -783.6407736484589,
    583.2988089725485,
    15216.069931831827
  ]
}