{
  "gen": 22,
  "fitness": 2423.615115838586,
  "score_list": [
    2408,
    2826,
    3622,
    2599,
    2006
  ],
  "num_pulses": 200,
  "unique_pairs": [
    [
      0,
      -3
    ],
    [
      0,
      -2
    ],
    [
      0,
      -1
    ],
    [
      1,
      -3
    ],
    [
      1,
      -2
    ],
    [
      1,
      -1
    ],
    [
      2,
      -5
    ],
    [
      2,
      -4
    ],
    [
      2,
      -3
    ],
    [
      2,
      -2
    ]
  ],
  "omega_vector": [
    26214.45018031131,
    17286.29942775967,
    2307.3095194592192,
    17568.97825169727,
    15337.661400943767,
    2039.8673045806886,
    6876.005174968068,
    6825.145053325211,
    3166.4104052511548,
    3273.566499443171
  ],
  "time_vector": [
    7.125298723712162e-05,
    6.010353825084477e-05,
    2.841737766432459e-05,
    7.705244882379155e-05,
    9.156258859559803e-05,
    2.052868191922256e-05,
    6.899784270349938e-05,
    8.675275068103116e-05,
    0.00024935867001629573,
    0.0001660611770493933
  ],
  "omega_scales": [
    1.069713999384339,
    0.7053894462113193,
    0.16892414018072735,
    1.0444768808393607,
    0.9118249513388972,
    0.2053744102494264,
    1.5,
    1.488904868375897,
    1.341466551259405,
    1.3868637985283643
  ],
  "time_scales": [
    1.017899817673166,
    0.858621975012068,
    0.5683475532864918,
    1.1007492689113079,
    1.3080369799371145,
    0.41057363838445116,
    1.3799568540699876,
    1.7350550136206235,
    1.2467933500814787,
    0.8303058852469665
  ]
}