{
  "gen": 23,
  "score": 16559.0,
  "n_bar": 26.58184693056673,
  "num_pulses": 260,
  "good": 0.72098,
  "unique_pairs": [
    [
      0,
      -3
    ],
    [
      0,
      -2
    ],
    [
      0,
      -1
    ],
    [
      1,
      -3
    ],
    [
      1,
      -2
    ],
    [
      1,
      -1
    ],
    [
      2,
      -10
    ],
    [
      2,
      -9
    ],
    [
      2,
      -8
    ],
    [
      2,
      -7
    ],
    [
      2,
      -6
    ],
    [
      2,
      -5
    ],
    [
      2,
      -4
    ],
    [
      2,
      -3
    ],
    [
      2,
      -2
    ],
    [
      2,
      -1
    ]
  ],
  "omega_vector": [
    18630.170270719293,
    20330.081387926555,
    7014.414690991564,
    13095.411383096089,
    12389.347704207597,
    5538.725494337051,
    11302.687784703317,
    18834.82492405467,
    13275.71096409289,
    8378.2677981655,
    11362.666308864573,
    10927.091033652416,
    5343.241745984546,
    6141.223701015755,
    4600.956160261924,
    994.6304048167138
  ],
  "time_vector": [
    8.695634673782881e-05,
    9.012025404136757e-05,
    0.00011632653313241072,
    9.83817676108532e-05,
    9.897116347459077e-05,
    0.00014453307495982298,
    4.2659878466729324e-05,
    4.500338736091827e-05,
    3.5441053122297687e-05,
    3.44522130940983e-05,
    5.407741742899936e-05,
    8.311815817293064e-05,
    6.708166185571757e-05,
    0.00012339126154842136,
    0.0002163095894007059,
    6.866173404849613e-05
  ],
  "omega_scales": [
    1.1643856419199559,
    1.5638524144558887,
    0.7793794101101739,
    0.8184632114435055,
    0.9530267464775075,
    0.6154139438152278,
    0.9418906487252764,
    1.5695687436712222,
    1.4750789960103212,
    0.930918644240611,
    1.8937777181440953,
    1.8211818389420693,
    1.3358104364961363,
    1.5353059252539387,
    1.5336520534206413,
    0.33154346827223796
  ],
  "time_scales": [
    1.08695433422286,
    1.0013361560151952,
    0.9693877761034224,
    1.2297720951356648,
    1.0996795941621196,
    1.204442291331858,
    1.4219959488909777,
    1.500112912030609,
    1.181368437409923,
    1.14840710313661,
    1.081548348579987,
    1.662363163458613,
    0.9583094550816798,
    1.762732307834591,
    2.4034398822300655,
    0.7629081560944013
  ]
}