{
  "gen": 8,
  "score": 3611.5560358382922,
  "score_SLM": 3851,
  "score_AOD": 3387,
  "survive_SLM": 0.695,
  "survive_AOD": 0.7164,
  "nzbar_SLM": 14.74661870503597,
  "nzbar_AOD": 14.057370184254607,
  "num_pulses": 260,
  "unique_pairs": [
    [
      0,
      -3
    ],
    [
      0,
      -2
    ],
    [
      0,
      -1
    ],
    [
      1,
      -3
    ],
    [
      1,
      -2
    ],
    [
      1,
      -1
    ],
    [
      2,
      -10
    ],
    [
      2,
      -9
    ],
    [
      2,
      -8
    ],
    [
      2,
      -7
    ],
    [
      2,
      -6
    ],
    [
      2,
      -5
    ],
    [
      2,
      -4
    ],
    [
      2,
      -3
    ],
    [
      2,
      -2
    ],
    [
      2,
      -1
    ]
  ],
  "omega_vector": [
    20508.373046875,
    17760.42578125,
    5926.83544921875,
    25809.142578125,
    10060.341796875,
    4332.263671875,
    13844.67142729996,
    20079.546720114296,
    31003.836000122054,
    19769.10650628269,
    11034.931088900013,
    36685.45868331751,
    7377.8191640934765,
    2690.2905158559934,
    4637.048219311715,
    202.22786006693462
  ],
  "time_vector": [
    6.814449443481863e-05,
    7.641866250196472e-05,
    0.0001462052168790251,
    5.634267290588468e-05,
    0.00013017933815717697,
    0.0001981102832360193,
    1.8950795888807004e-05,
    4.023102277411566e-05,
    5.559763440154579e-05,
    1.8794005240151866e-05,
    7.504717535342078e-05,
    8.058705715903887e-05,
    0.00012485644667738124,
    0.00015855231455613034,
    0.00020959049318463777,
    3.900052534113787e-05
  ],
  "detuning_vector": [
    0.0,
    0.0,
    0.0,
    0.0,
    0.0,
    0.0,
    -8545.71729106237,
    -7051.5446790366705,
    -3877.1343483741366,
    1071.9180597449877,
    -1693.7544148502247,
    -920.4102359578465,
    3142.3031042890398,
    2593.1752203830583,
    -104.28437682784443,
    3847.819365349824
  ],
  "omega_scales": [
    1.0,
    1.0,
    1.0,
    1.0,
    1.0,
    1.0,
    1.0052529438035456,
    1.1625474451660809,
    1.2701163784224463,
    1.3120252159005443,
    1.0819145140868254,
    1.49352540477145,
    1.1481822124885828,
    1.318044338810914,
    0.8406038350931762,
    1.0835026489399961
  ],
  "time_scales": [
    1.0,
    1.0,
    1.0,
    1.0,
    1.0,
    1.0,
    1.189283776106297,
    0.9802250220259339,
    1.136739348170996,
    1.1021101087852447,
    1.259066456310142,
    0.822992854362089,
    0.9570747307313223,
    0.9377099045836726,
    1.2517299250800515,
    0.7706645216902263
  ],
  "detuning_offsets": [
    0.0,
    0.0,
    0.0,
    0.0,
    0.0,
    0.0,
    -8327.514639084831,
    -7748.726136556202,
    -4966.026316147574,
    1936.9642023231127,
    -1419.8210957584279,
    -2066.752643184409,
    2824.3123816327898,
    1580.1711920627458,
    -547.9186541715944,
    4206.316069451386
  ]
}