{
  "gen": 5,
  "score": 3448.5040518004066,
  "score_SLM": 3622,
  "score_AOD": 3712,
  "survive_SLM": 0.6556,
  "survive_AOD": 0.7091,
  "nzbar_SLM": 15.088621110433191,
  "nzbar_AOD": 11.381187420674094,
  "num_pulses": 260,
  "unique_pairs": [
    [
      0,
      -3
    ],
    [
      0,
      -2
    ],
    [
      0,
      -1
    ],
    [
      1,
      -3
    ],
    [
      1,
      -2
    ],
    [
      1,
      -1
    ],
    [
      2,
      -10
    ],
    [
      2,
      -9
    ],
    [
      2,
      -8
    ],
    [
      2,
      -7
    ],
    [
      2,
      -6
    ],
    [
      2,
      -5
    ],
    [
      2,
      -4
    ],
    [
      2,
      -3
    ],
    [
      2,
      -2
    ],
    [
      2,
      -1
    ]
  ],
  "omega_vector": [
    20508.373046875,
    17760.42578125,
    5926.83544921875,
    25809.142578125,
    10060.341796875,
    4332.263671875,
    14940.200816150056,
    38101.512655459475,
    49274.50638987918,
    38139.1855012897,
    6855.480554436744,
    66286.1701213186,
    8068.780622776329,
    1246.4112135302614,
    3695.6032012919245,
    83.42601102025095
  ],
  "time_vector": [
    6.814449443481863e-05,
    7.641866250196472e-05,
    0.0001462052168790251,
    5.634267290588468e-05,
    0.00013017933815717697,
    0.0001981102832360193,
    2.070834407026892e-05,
    5.909409008838291e-05,
    6.611480621729075e-05,
    3.0687235225119106e-05,
    0.00011014029769599473,
    0.00011147516078986805,
    0.0001499668082017262,
    0.00028282314669280696,
    0.00027951301901208163,
    4.138979335422193e-05
  ],
  "detuning_vector": [
    0.0,
    0.0,
    0.0,
    0.0,
    0.0,
    0.0,
    11639.59810930649,
    21704.667981109356,
    3914.2241968492017,
    -16827.14269833445,
    5448.550546490775,
    7121.808296189087,
    2801.147518659738,
    -1493.6895362169662,
    -270.7470776401956,
    14863.084074384908
  ],
  "omega_scales": [
    1.0,
    1.0,
    1.0,
    1.0,
    1.0,
    1.0,
    1.4291643520965671,
    1.3420276641599067,
    1.2517361717916615,
    1.600175738891116,
    0.5715785798888571,
    1.234209021222089,
    0.8779485084604615,
    0.3949880803107009,
    0.8698771000162585,
    1.2668567061010856
  ],
  "time_scales": [
    1.0,
    1.0,
    1.0,
    1.0,
    1.0,
    1.0,
    1.1260376760499835,
    1.37283408332754,
    1.6477376123663547,
    1.6757155657729068,
    1.2454492248903164,
    0.8533261743269671,
    1.1179702120291215,
    1.1229362034500145,
    1.270229895178187,
    0.9259220034480308
  ],
  "detuning_offsets": [
    0.0,
    0.0,
    0.0,
    0.0,
    0.0,
    0.0,
    1018.6996718064895,
    10887.423840484356,
    -6831.156662525798,
    -12408.3013897407,
    8353.825937115775,
    3741.9027786109623,
    -388.8749422777619,
    -2289.0909644396224,
    -675.2067639194925,
    2372.9620040724067
  ]
}