{
  "gen": 2,
  "score": 20608.0,
  "n_bar": 10.187964226163407,
  "num_pulses": 260,
  "good": 0.6597,
  "unique_pairs": [
    [
      0,
      -3
    ],
    [
      0,
      -2
    ],
    [
      0,
      -1
    ],
    [
      1,
      -3
    ],
    [
      1,
      -2
    ],
    [
      1,
      -1
    ],
    [
      2,
      -10
    ],
    [
      2,
      -9
    ],
    [
      2,
      -8
    ],
    [
      2,
      -7
    ],
    [
      2,
      -6
    ],
    [
      2,
      -5
    ],
    [
      2,
      -4
    ],
    [
      2,
      -3
    ],
    [
      2,
      -2
    ],
    [
      2,
      -1
    ]
  ],
  "omega_vector": [
    16171.142924296488,
    22518.00543856437,
    7252.3319727043145,
    9662.10449143625,
    10618.236738912341,
    10650.539895085456,
    11515.526312932201,
    18816.15198744243,
    16410.360300045362,
    10478.148214120563,
    14715.658983544134,
    8643.77846599536,
    4542.069204399807,
    3998.2893316647555,
    2485.492488226996,
    1005.6647424939825
  ],
  "time_vector": [
    7.873472855385349e-05,
    0.00010501723874336144,
    8.617434815203809e-05,
    0.00013405183663880155,
    0.0001287703728261626,
    0.00010693350572439956,
    1.510804794572255e-05,
    3.813614248298221e-05,
    5.7798674197792325e-05,
    2.0361053061168087e-05,
    6.0253551576417455e-05,
    0.00014474693864912206,
    0.00012501844727492986,
    8.515678743237546e-05,
    8.135889454773583e-05,
    6.012159678026322e-05
  ],
  "omega_scales": [
    0.9015501876428798,
    1.2183546187374927,
    0.7973653520978374,
    0.6862086289305265,
    0.8250565004177594,
    1.3322127152067456,
    1.2242208232136633,
    1.1462255239555956,
    1.2475058831054668,
    0.9065513823150355,
    1.7153006343285524,
    0.6693377886111201,
    0.892022326346665,
    0.6482355638882207,
    0.5824796383503824,
    1.2506397412036019
  ],
  "time_scales": [
    0.9990576553539823,
    0.9300342464170728,
    0.7254860020729288,
    1.7016737763424514,
    1.1308303309627263,
    0.7891963681519075,
    0.3751444424501823,
    1.1238604604324216,
    1.441630061980312,
    0.7731352767079877,
    0.8982271805626459,
    1.368723856654899,
    1.4014676135487685,
    0.6972378843329897,
    0.5769605213112556,
    1.4173640097136275
  ]
}