{
  "gen": 36,
  "score": 2826.0,
  "score_SLM": 2826,
  "score_AOD": 2864,
  "survive_SLM": 0.7555,
  "survive_AOD": 0.722,
  "nzbar_SLM": 33.350363997352744,
  "nzbar_AOD": 29.833518005540167,
  "num_pulses": 260,
  "unique_pairs": [
    [
      0,
      -3
    ],
    [
      0,
      -2
    ],
    [
      0,
      -1
    ],
    [
      1,
      -3
    ],
    [
      1,
      -2
    ],
    [
      1,
      -1
    ],
    [
      2,
      -10
    ],
    [
      2,
      -9
    ],
    [
      2,
      -8
    ],
    [
      2,
      -7
    ],
    [
      2,
      -6
    ],
    [
      2,
      -5
    ],
    [
      2,
      -4
    ],
    [
      2,
      -3
    ],
    [
      2,
      -2
    ],
    [
      2,
      -1
    ]
  ],
  "omega_vector": [
    20000.0,
    17760.42578125,
    5926.83544921875,
    20000.0,
    10060.341796875,
    4332.263671875,
    8990.884495368467,
    9056.044214553218,
    6466.663937377961,
    9052.371052230255,
    7648.281118737043,
    8858.952416998549,
    7326.349529396752,
    3380.1744424431563,
    4231.54985152329,
    43.8168708088313
  ],
  "time_vector": [
    6.814449443481863e-05,
    7.641866250196472e-05,
    0.0001462052168790251,
    5.634267290588468e-05,
    0.00013017933815717697,
    0.0001981102832360193,
    1.723204150895785e-05,
    3.9940890942922025e-05,
    4.4984806019680085e-05,
    5.396513321103024e-06,
    0.00014097641207197372,
    0.00016973695884512553,
    0.00013069899880056198,
    0.0002340332819382094,
    0.00024563690700451466,
    3.0332738101249408e-05
  ],
  "detuning_vector": [
    0.0,
    0.0,
    0.0,
    0.0,
    0.0,
    0.0,
    11502.20941497333,
    15445.585003597465,
    12684.92468777575,
    -4897.165337538595,
    -600.4501334143656,
    10146.017439316503,
    -9454.930725120263,
    3326.6176274855284,
    1229.2512766695781,
    18565.70701142275
  ],
  "omega_scales": [
    1.0,
    1.0,
    1.0,
    1.0,
    1.0,
    1.0,
    0.8990884495368467,
    0.9056044214553218,
    0.6466663937377961,
    0.9052371052230255,
    0.7648281118737043,
    0.8858952416998549,
    0.7971660084099159,
    1.0711782753898502,
    0.996029095366763,
    0.665376372976269
  ],
  "time_scales": [
    1.0,
    1.0,
    1.0,
    1.0,
    1.0,
    1.0,
    0.9370101205823633,
    0.9278798662083279,
    1.1211279455319063,
    0.29468348343323536,
    1.5941391735428594,
    1.2993117812696566,
    0.9743328484027591,
    0.9292183054100911,
    1.1162819668974067,
    0.6785670416957615
  ],
  "detuning_offsets": [
    0.0,
    0.0,
    0.0,
    0.0,
    0.0,
    0.0,
    881.31097747333,
    4628.340862972465,
    1939.5438284007514,
    -478.32402894484534,
    2304.8252572106344,
    6766.1119217383775,
    -12644.953186057763,
    2531.216199262872,
    824.7915903902814,
    6075.58494111025
  ],
  "omega_lin_max_xyz": [
    20000.0,
    20000.0,
    10000.0
  ]
}