{
  "gen": 30,
  "fitness": 67.86800727934487,
  "z_mean": 55.68300727934486,
  "good_frac": 0.8792,
  "survive_frac": 0.9979,
  "num_pulses": 200,
  "z_dns": [
    -5,
    -4,
    -3,
    -2
  ],
  "omega_scales_z": [
    0.1,
    0.42558122165095225,
    0.31040418341939296,
    0.31954138321444836
  ],
  "time_scales_z": [
    0.6876135090440458,
    0.5090961584943939,
    0.7441142074269241,
    0.14989210263110586
  ]
}