{
  "gen": 24,
  "score": 2909.0,
  "score_SLM": 3029,
  "score_AOD": 2909,
  "survive_SLM": 0.7359,
  "survive_AOD": 0.7504,
  "nzbar_SLM": 32.24976219595054,
  "nzbar_AOD": 29.586353944562898,
  "num_pulses": 260,
  "unique_pairs": [
    [
      0,
      -3
    ],
    [
      0,
      -2
    ],
    [
      0,
      -1
    ],
    [
      1,
      -3
    ],
    [
      1,
      -2
    ],
    [
      1,
      -1
    ],
    [
      2,
      -10
    ],
    [
      2,
      -9
    ],
    [
      2,
      -8
    ],
    [
      2,
      -7
    ],
    [
      2,
      -6
    ],
    [
      2,
      -5
    ],
    [
      2,
      -4
    ],
    [
      2,
      -3
    ],
    [
      2,
      -2
    ],
    [
      2,
      -1
    ]
  ],
  "omega_vector": [
    20000.0,
    17760.42578125,
    5926.83544921875,
    20000.0,
    10060.341796875,
    4332.263671875,
    8175.6504357817985,
    9999.999999999998,
    8846.632520872301,
    4165.54126837004,
    8969.977857314929,
    9742.4877085079,
    9303.41879020995,
    3824.6463693217465,
    2807.2499318376103,
    63.22394638403014
  ],
  "time_vector": [
    6.814449443481863e-05,
    7.641866250196472e-05,
    0.0001462052168790251,
    5.634267290588468e-05,
    0.00013017933815717697,
    0.0001981102832360193,
    1.3521103109729584e-05,
    4.063208503892318e-05,
    4.4189245064324e-05,
    1.463889648294939e-05,
    8.175545405917405e-05,
    0.00013578928076399713,
    0.00016344588768064223,
    0.00028410039418086007,
    0.00024531932045989183,
    1.9409556154233442e-05
  ],
  "detuning_vector": [
    0.0,
    0.0,
    0.0,
    0.0,
    0.0,
    0.0,
    17110.84684931661,
    8481.145306936985,
    8928.721613349382,
    -9667.525999298767,
    -5280.221308506529,
    14259.230565196132,
    2923.691529661502,
    -6444.8117779491,
    189.66128747025095,
    15097.419232868056
  ],
  "omega_scales": [
    1.0,
    1.0,
    1.0,
    1.0,
    1.0,
    1.0,
    0.8175650435781798,
    0.9999999999999998,
    0.8846632520872302,
    0.416554126837004,
    0.8969977857314928,
    0.9742487708507901,
    1.012287114039471,
    1.2120315597987121,
    0.6607750607191996,
    0.9600804291522642
  ],
  "time_scales": [
    1.0,
    1.0,
    1.0,
    1.0,
    1.0,
    1.0,
    0.7352239981936126,
    0.9439372217199529,
    1.1013006816545525,
    0.7993755880013901,
    0.9244778615870491,
    1.039447233338135,
    1.218453842531752,
    1.1280074554386583,
    1.1148387141834113,
    0.4342069303550096
  ],
  "detuning_offsets": [
    0.0,
    0.0,
    0.0,
    0.0,
    0.0,
    0.0,
    6489.948411816611,
    -2336.0988336880137,
    -1816.6592460256174,
    -5248.684690705017,
    -2374.945917881528,
    10879.325047618007,
    -266.33093127599784,
    -7240.213206171757,
    -214.79839880904592,
    2607.297162555556
  ],
  "omega_lin_max_xyz": [
    20000.0,
    20000.0,
    10000.0
  ]
}