{
  "gen": 10,
  "score": 12757.0,
  "n_bar": 34.97692748247743,
  "num_pulses": 260,
  "good": 0.73334,
  "unique_pairs": [
    [
      0,
      -3
    ],
    [
      0,
      -2
    ],
    [
      0,
      -1
    ],
    [
      1,
      -3
    ],
    [
      1,
      -2
    ],
    [
      1,
      -1
    ],
    [
      2,
      -10
    ],
    [
      2,
      -9
    ],
    [
      2,
      -8
    ],
    [
      2,
      -7
    ],
    [
      2,
      -6
    ],
    [
      2,
      -5
    ],
    [
      2,
      -4
    ],
    [
      2,
      -3
    ],
    [
      2,
      -2
    ],
    [
      2,
      -1
    ]
  ],
  "omega_vector": [
    17685.751215236694,
    15297.09580261978,
    7707.500837693746,
    15092.905775085266,
    14822.133061714152,
    7353.88120241328,
    11277.063803920342,
    12182.071276340936,
    9968.848082185525,
    11905.648650637057,
    7123.183554913517,
    7350.932624138528,
    5079.092099816292,
    6273.8682694087465,
    3566.917699213561,
    1562.6592962571242
  ],
  "time_vector": [
    4.341452680807867e-05,
    7.87693960536431e-05,
    0.00013612841295736644,
    9.634093060227703e-05,
    9.310944194662878e-05,
    0.00011854033148010907,
    3.8968489074979304e-05,
    2.9936252373112073e-05,
    3.40254444758502e-05,
    2.2485438783850612e-05,
    8.049071700059502e-05,
    7.706408804734462e-05,
    8.636727877561839e-05,
    0.00012427927588207988,
    0.000165671540329485,
    7.721258669896241e-05
  ],
  "omega_scales": [
    1.1053594509522935,
    1.1766996771245986,
    0.8563889819659718,
    0.9433066109428292,
    1.1401640816703194,
    0.8170979113792534,
    0.9397553169933619,
    1.0151726063617446,
    1.1076497869095028,
    1.3228498500707842,
    1.1871972591522528,
    1.2251554373564213,
    1.269773024954073,
    1.5684670673521866,
    1.1889725664045203,
    0.5208864320857081
  ],
  "time_scales": [
    0.5426815851009833,
    0.8752155117071455,
    1.1344034413113868,
    1.2042616325284627,
    1.034549354962542,
    0.9878360956675754,
    1.2989496358326436,
    0.9978750791037359,
    1.1341814825283403,
    0.7495146261283538,
    1.6098143400119003,
    1.5412817609468923,
    1.23381826822312,
    1.7754182268868557,
    1.8407948925498332,
    0.8579176299884712
  ]
}