{
  "gen": 13,
  "score": 14217.0,
  "n_bar": 28.85464802418484,
  "num_pulses": 260,
  "good": 0.74096,
  "unique_pairs": [
    [
      0,
      -3
    ],
    [
      0,
      -2
    ],
    [
      0,
      -1
    ],
    [
      1,
      -3
    ],
    [
      1,
      -2
    ],
    [
      1,
      -1
    ],
    [
      2,
      -10
    ],
    [
      2,
      -9
    ],
    [
      2,
      -8
    ],
    [
      2,
      -7
    ],
    [
      2,
      -6
    ],
    [
      2,
      -5
    ],
    [
      2,
      -4
    ],
    [
      2,
      -3
    ],
    [
      2,
      -2
    ],
    [
      2,
      -1
    ]
  ],
  "omega_vector": [
    17590.667408871737,
    17822.950355257275,
    9789.574320586853,
    18028.41122744006,
    14925.407419216575,
    7048.9225269283115,
    11042.993020031961,
    15262.979766858301,
    12194.842063006,
    8578.685847538383,
    9014.720415640406,
    9357.258309652552,
    3708.006538506889,
    5018.7847887392,
    3140.7289279915035,
    1605.1908536929946
  ],
  "time_vector": [
    5.986035856510896e-05,
    9.964848434946182e-05,
    9.2258764847738e-05,
    8.6657061602606e-05,
    0.00010202703293705371,
    0.00012232227036064315,
    3.084028230609175e-05,
    4.020435157333327e-05,
    3.85838205417745e-05,
    2.518380960965466e-05,
    8.485561901263553e-05,
    8.94779131240725e-05,
    9.633446316647166e-05,
    0.0001064235831428293,
    0.00019019336822018548,
    7.377915879861323e-05
  ],
  "omega_scales": [
    1.0994167130544836,
    1.3709961811736364,
    1.087730480065206,
    1.1267757017150037,
    1.1481082630166597,
    0.7832136141031457,
    0.9202494183359968,
    1.271914980571525,
    1.3549824514451112,
    0.9531873163931538,
    1.5024534026067342,
    1.5595430516087587,
    0.9270016346267221,
    1.2546961971848,
    1.0469096426638345,
    0.5350636178976649
  ],
  "time_scales": [
    0.7482544820638619,
    1.1072053816606868,
    0.7688230403978165,
    1.083213270032575,
    1.1336336993005967,
    1.0193522530053594,
    1.0280094102030584,
    1.3401450524444425,
    1.2861273513924834,
    0.839460320321822,
    1.6971123802527106,
    1.78955826248145,
    1.376206616663881,
    1.5203369020404187,
    2.1132596468909495,
    0.8197684310957025
  ]
}