{
  "gen": 8,
  "score": 3573.8710105430496,
  "score_SLM": 3831,
  "score_AOD": 3334,
  "survive_SLM": 0.7014,
  "survive_AOD": 0.705,
  "nzbar_SLM": 16.51254633589963,
  "nzbar_AOD": 16.89631205673759,
  "num_pulses": 260,
  "unique_pairs": [
    [
      0,
      -3
    ],
    [
      0,
      -2
    ],
    [
      0,
      -1
    ],
    [
      1,
      -3
    ],
    [
      1,
      -2
    ],
    [
      1,
      -1
    ],
    [
      2,
      -10
    ],
    [
      2,
      -9
    ],
    [
      2,
      -8
    ],
    [
      2,
      -7
    ],
    [
      2,
      -6
    ],
    [
      2,
      -5
    ],
    [
      2,
      -4
    ],
    [
      2,
      -3
    ],
    [
      2,
      -2
    ],
    [
      2,
      -1
    ]
  ],
  "omega_vector": [
    20508.373046875,
    17760.42578125,
    5926.83544921875,
    25809.142578125,
    10060.341796875,
    4332.263671875,
    17611.353740604965,
    14971.541328182566,
    29962.94486513459,
    15768.547951429566,
    10611.702369759645,
    39595.7246551257,
    5553.527034815868,
    1467.3815928611,
    5777.913059136269,
    224.49573196961126
  ],
  "time_vector": [
    6.814449443481863e-05,
    7.641866250196472e-05,
    0.0001462052168790251,
    5.634267290588468e-05,
    0.00013017933815717697,
    0.0001981102832360193,
    1.574029971041647e-05,
    4.0211088099009125e-05,
    6.101549160595278e-05,
    1.6997282598706246e-05,
    5.999237693287528e-05,
    0.00010534956153457586,
    0.00013856514685831506,
    0.0001915964772154611,
    0.00022609863063690057,
    3.677144842674312e-05
  ],
  "detuning_vector": [
    0.0,
    0.0,
    0.0,
    0.0,
    0.0,
    0.0,
    -1512.6838601381069,
    -1499.147974442054,
    6088.8919677734375,
    -5865.046142578125,
    -2814.7157464635766,
    3452.5057125856383,
    2644.1076032557785,
    3133.038773803965,
    -57.74086529868043,
    3380.266595613087
  ],
  "omega_scales": [
    1.0,
    1.0,
    1.0,
    1.0,
    1.0,
    1.0,
    1.2787493935897185,
    0.8668087663473891,
    1.2274747879206418,
    1.0465183403123208,
    1.040419257766019,
    1.6120071225839077,
    0.8642744984836623,
    0.7189089765387412,
    1.047419747786409,
    1.2028101379517517
  ],
  "time_scales": [
    1.0,
    1.0,
    1.0,
    1.0,
    1.0,
    1.0,
    0.9878045854372506,
    0.9797393155736,
    1.2475118933217642,
    0.9967474593383863,
    1.0064921041302668,
    1.0758791722848065,
    1.0621574147536004,
    1.1331396509173906,
    1.3503208933169957,
    0.7266171536351416
  ],
  "detuning_offsets": [
    0.0,
    0.0,
    0.0,
    0.0,
    0.0,
    0.0,
    -1294.4812081605678,
    -2196.329431961585,
    5000.0,
    -5000.0,
    -2540.7824273717797,
    2306.163305359076,
    2326.1168805995285,
    2120.0347454836524,
    -501.37514264243043,
    3738.7632997146493
  ]
}