{
  "gen": 25,
  "score": 3287.905794635334,
  "score_SLM": 3383,
  "score_AOD": 3351,
  "survive_SLM": 0.6653,
  "survive_AOD": 0.7146,
  "nzbar_SLM": 12.953705095445663,
  "nzbar_AOD": 11.96165687097677,
  "num_pulses": 260,
  "unique_pairs": [
    [
      0,
      -3
    ],
    [
      0,
      -2
    ],
    [
      0,
      -1
    ],
    [
      1,
      -3
    ],
    [
      1,
      -2
    ],
    [
      1,
      -1
    ],
    [
      2,
      -10
    ],
    [
      2,
      -9
    ],
    [
      2,
      -8
    ],
    [
      2,
      -7
    ],
    [
      2,
      -6
    ],
    [
      2,
      -5
    ],
    [
      2,
      -4
    ],
    [
      2,
      -3
    ],
    [
      2,
      -2
    ],
    [
      2,
      -1
    ]
  ],
  "omega_vector": [
    20508.373046875,
    17760.42578125,
    5926.83544921875,
    25809.142578125,
    10060.341796875,
    4332.263671875,
    5287.075746560341,
    36575.1301651768,
    36312.60959321379,
    25031.006528298352,
    6896.952081031103,
    79760.67909216977,
    6380.443865265607,
    2730.8483857844376,
    3545.0122111575092,
    83.47652357567372
  ],
  "time_vector": [
    6.814449443481863e-05,
    7.641866250196472e-05,
    0.0001462052168790251,
    5.634267290588468e-05,
    0.00013017933815717697,
    0.0001981102832360193,
    1.49703132804946e-05,
    6.881684465793405e-05,
    7.273128579734504e-05,
    1.7259102716370096e-05,
    5.2111239117847514e-05,
    6.189832221600545e-05,
    0.00011916216260581914,
    0.00039631678524375367,
    0.00012608271996076022,
    6.8158373890370814e-06
  ],
  "detuning_vector": [
    0.0,
    0.0,
    0.0,
    0.0,
    0.0,
    0.0,
    14363.630118811143,
    9018.29853964682,
    25514.520584565864,
    -1386.5643606805402,
    -903.3470699792338,
    8618.965359246387,
    874.4164037547607,
    -967.6394801536567,
    -14188.209129984325,
    21908.976994136785
  ],
  "omega_scales": [
    1.0,
    1.0,
    1.0,
    1.0,
    1.0,
    1.0,
    0.5057562663850135,
    1.288264771684426,
    0.9224609285849823,
    1.0502062076090668,
    0.5750362858933306,
    1.4850963556076053,
    0.6942438314673366,
    0.8654066569775631,
    0.8344307475125838,
    1.2676237590717006
  ],
  "time_scales": [
    1.0,
    1.0,
    1.0,
    1.0,
    1.0,
    1.0,
    0.8140263035473814,
    1.5987065662940283,
    1.8126359594881554,
    0.9424552867317678,
    0.5892657249441708,
    0.47382267152237734,
    0.8883282227029676,
    1.5735574382408004,
    0.5729752436061474,
    0.15247560567464075
  ],
  "detuning_offsets": [
    0.0,
    0.0,
    0.0,
    0.0,
    0.0,
    0.0,
    3742.731681311143,
    -1798.9456009781811,
    14769.139725190862,
    3032.27694791321,
    2001.9283206457662,
    5239.0598416682615,
    -2315.6060571827393,
    -1763.040908376313,
    -14592.668816263622,
    9418.854923824287
  ]
}