{
  "gen": 24,
  "score": 3483.964933928496,
  "score_SLM": 3551,
  "score_AOD": 3585,
  "survive_SLM": 0.668,
  "survive_AOD": 0.6764,
  "nzbar_SLM": 14.68817365269461,
  "nzbar_AOD": 11.526907155529273,
  "num_pulses": 260,
  "unique_pairs": [
    [
      0,
      -3
    ],
    [
      0,
      -2
    ],
    [
      0,
      -1
    ],
    [
      1,
      -3
    ],
    [
      1,
      -2
    ],
    [
      1,
      -1
    ],
    [
      2,
      -10
    ],
    [
      2,
      -9
    ],
    [
      2,
      -8
    ],
    [
      2,
      -7
    ],
    [
      2,
      -6
    ],
    [
      2,
      -5
    ],
    [
      2,
      -4
    ],
    [
      2,
      -3
    ],
    [
      2,
      -2
    ],
    [
      2,
      -1
    ]
  ],
  "omega_vector": [
    20508.373046875,
    17760.42578125,
    5926.83544921875,
    25809.142578125,
    10060.341796875,
    4332.263671875,
    14826.136514478148,
    35691.97915706816,
    40928.01454738981,
    17304.235608150622,
    6222.371621286382,
    94055.11848949273,
    8633.88711305605,
    2891.5521922661683,
    4180.7475976581445,
    85.61157301685715
  ],
  "time_vector": [
    6.814449443481863e-05,
    7.641866250196472e-05,
    0.0001462052168790251,
    5.634267290588468e-05,
    0.00013017933815717697,
    0.0001981102832360193,
    1.862600042605294e-05,
    6.010165956072651e-05,
    5.3824314666704096e-05,
    9.191644624063788e-06,
    6.0713999969636364e-05,
    0.00012061078274297704,
    0.00011537330150347603,
    0.0003031245237143137,
    0.0002201019357973316,
    2.2909575226484247e-05
  ],
  "detuning_vector": [
    0.0,
    0.0,
    0.0,
    0.0,
    0.0,
    0.0,
    8576.295709161865,
    9948.64411376257,
    16717.061035273917,
    -117.88420935448812,
    -10272.518182840235,
    5773.1976498347385,
    3439.5234947124873,
    2781.7742078064825,
    1227.5447790961298,
    4698.532800695929
  ],
  "omega_scales": [
    1.0,
    1.0,
    1.0,
    1.0,
    1.0,
    1.0,
    1.4182530774890625,
    1.2571580517169005,
    1.0397075486301746,
    0.7260201715446186,
    0.518792855817211,
    1.7512503063517655,
    0.9394366593294952,
    0.9163337405369731,
    0.9840711781176779,
    1.3000453224347628
  ],
  "time_scales": [
    1.0,
    1.0,
    1.0,
    1.0,
    1.0,
    1.0,
    1.0128080817418197,
    1.396241258408582,
    1.3414294438781256,
    0.5019214620869048,
    0.6865443964105438,
    0.9232580342687426,
    0.8600830803229442,
    1.2035418805451061,
    1.0002398450867007,
    0.5125050905741211
  ],
  "detuning_offsets": [
    0.0,
    0.0,
    0.0,
    0.0,
    0.0,
    0.0,
    -2044.6027283381356,
    -868.6000268624293,
    5971.680175898919,
    4300.957099239262,
    -7367.242792215235,
    2393.2921322566135,
    249.50103377498726,
    1986.3727795838263,
    823.0850928168328,
    -7791.589269616571
  ]
}