{
  "gen": 18,
  "score": 16709.893327008405,
  "score_SLM": 17939,
  "score_AOD": 15565,
  "survive_SLM": 0.70884,
  "survive_AOD": 0.73358,
  "nzbar_SLM": 17.47768184639693,
  "nzbar_AOD": 20.553968210692766,
  "num_pulses": 260,
  "unique_pairs": [
    [
      0,
      -3
    ],
    [
      0,
      -2
    ],
    [
      0,
      -1
    ],
    [
      1,
      -3
    ],
    [
      1,
      -2
    ],
    [
      1,
      -1
    ],
    [
      2,
      -10
    ],
    [
      2,
      -9
    ],
    [
      2,
      -8
    ],
    [
      2,
      -7
    ],
    [
      2,
      -6
    ],
    [
      2,
      -5
    ],
    [
      2,
      -4
    ],
    [
      2,
      -3
    ],
    [
      2,
      -2
    ],
    [
      2,
      -1
    ]
  ],
  "omega_vector": [
    19257.006019918466,
    15401.369018091254,
    7456.635614182888,
    26969.083927751613,
    12654.401918853913,
    4816.35045280428,
    15047.3835624998,
    22678.34982971725,
    26127.69252623444,
    12562.690457622539,
    9176.253315597143,
    20456.363603514175,
    5196.953874449298,
    2725.3837488696,
    4151.112015224652,
    466.3372469071737
  ],
  "time_vector": [
    8.835263847433282e-05,
    8.577054168155122e-05,
    0.00013326785141613032,
    5.169385025006526e-05,
    0.00010835271310314817,
    0.0001965311434734424,
    2.285785289088881e-05,
    4.833238120710293e-05,
    6.091995535387821e-05,
    1.9773269201201815e-05,
    6.292592098404421e-05,
    9.651814812866323e-05,
    0.0001122413122195428,
    0.00016879886727352083,
    0.00024203579253195067,
    3.960753408398717e-05
  ],
  "detuning_vector": [
    969.5300607832967,
    -291.27536413874196,
    -201.7477998342158,
    -430.8072810259656,
    702.15245161878,
    -624.7609484273365,
    1286.194604466666,
    -184.97814813754138,
    2215.4321986183327,
    826.4773662337093,
    -1296.4253943186877,
    1757.3218596344193,
    1109.7849490023373,
    -767.0927327292202,
    640.6292170261759,
    -252.22863002471894
  ],
  "omega_scales": [
    1.0455103598244018,
    1.0594717197462984,
    0.950753144106196,
    1.452116350425502,
    1.0719213714001221,
    0.8512164023741163,
    1.0695722235490392,
    1.2157295371105097,
    1.2814081728565754,
    1.0742305470473659,
    0.8735785653227913,
    1.3905812011731447,
    1.0313141651593145,
    1.2044370454249294,
    1.0379164795928773,
    0.7902105149355794
  ],
  "time_scales": [
    1.1565568942752789,
    0.9132558411684302,
    0.9910096785846464,
    0.7382652756344605,
    1.0358696878042477,
    1.237468663185744,
    0.8585691844207817,
    1.1299467342801592,
    1.4850800139811047,
    0.9057321911672636,
    1.2792736643607077,
    0.6597503244402738,
    0.9692584714607325,
    0.9052929916702906,
    1.0976183398000168,
    0.8361275097751796
  ],
  "detuning_offsets": [
    969.5300607832967,
    -291.27536413874196,
    -201.7477998342158,
    -430.8072810259656,
    702.15245161878,
    -624.7609484273365,
    1286.194604466666,
    -184.97814813754138,
    2215.4321986183327,
    826.4773662337093,
    -1296.4253943186877,
    1757.3218596344193,
    1109.7849490023373,
    -767.0927327292202,
    640.6292170261759,
    -252.22863002471894
  ]
}