{
  "gen": 21,
  "score": -45.748342541436465,
  "n_bar": 17.798342541436465,
  "num_pulses": 480,
  "good": 0.724,
  "survive": 0.993,
  "unique_pairs": [
    [
      0,
      -3
    ],
    [
      0,
      -2
    ],
    [
      0,
      -1
    ],
    [
      1,
      -3
    ],
    [
      1,
      -2
    ],
    [
      1,
      -1
    ],
    [
      2,
      -10
    ],
    [
      2,
      -9
    ],
    [
      2,
      -8
    ],
    [
      2,
      -7
    ],
    [
      2,
      -6
    ],
    [
      2,
      -5
    ],
    [
      2,
      -4
    ],
    [
      2,
      -3
    ],
    [
      2,
      -2
    ],
    [
      2,
      -1
    ]
  ],
  "omega_vector": [
    14094.24899897025,
    21311.41530327959,
    8840.37814746442,
    18458.665669988994,
    11004.387283316044,
    8947.955676449546,
    21054.691719103535,
    21571.550700363983,
    19832.64026024789,
    9170.587440317922,
    7671.062534579095,
    6173.548535506746,
    1024.5295189129977,
    1849.2249471532325,
    468.82240006871075,
    1258.622514706522
  ],
  "time_vector": [
    8.437155644722036e-05,
    8.52414263666966e-05,
    9.545692111143539e-05,
    8.954973316835665e-05,
    0.00012258607331068036,
    0.00012024296773838754,
    2.5085926415218523e-05,
    4.162255186252664e-05,
    3.000767887723815e-05,
    1.4375985580434634e-05,
    4.278943238482828e-05,
    6.291733536870379e-05,
    5.916893534328328e-05,
    3.143304930599245e-05,
    2.4757550278186126e-05,
    9e-06
  ],
  "omega_scales": [
    0.8808905624356406,
    1.6393396387138148,
    0.9822642386071577,
    1.153666604374312,
    0.8464913294858496,
    0.994217297383283,
    1.7545576432586278,
    1.797629225030332,
    2.2036266955830985,
    1.0189541600353247,
    1.2785104224298491,
    1.028924755917791,
    0.2561323797282494,
    0.4623062367883081,
    0.1562741333562369,
    0.41954083823550736
  ],
  "time_scales": [
    1.0546444555902543,
    0.9471269596299621,
    0.7954743425952949,
    1.119371664604458,
    1.3620674812297817,
    1.0020247311532295,
    0.8361975471739508,
    1.3874183954175545,
    1.0002559625746048,
    0.47919951934782107,
    0.8557886476965656,
    1.2583467073740757,
    0.8452705049040471,
    0.44904356151417796,
    0.27508389197984584,
    0.1
  ]
}