{
  "gen": 2,
  "fitness": 1877.789631063618,
  "score_list": [
    1792,
    2074,
    2496,
    2049,
    1682
  ],
  "num_pulses": 200,
  "unique_pairs": [
    [
      0,
      -3
    ],
    [
      0,
      -2
    ],
    [
      0,
      -1
    ],
    [
      1,
      -3
    ],
    [
      1,
      -2
    ],
    [
      1,
      -1
    ],
    [
      2,
      -5
    ],
    [
      2,
      -4
    ],
    [
      2,
      -3
    ],
    [
      2,
      -2
    ]
  ],
  "omega_vector": [
    29040.205124571956,
    28415.976083348978,
    13219.27053623623,
    15885.548498460408,
    15968.064170411677,
    10703.511428235664,
    8010.710960445773,
    8109.4935553943305,
    3102.836794056393,
    3208.5246683402725
  ],
  "time_vector": [
    6.941330898199939e-05,
    7.631462400086311e-05,
    5.205752007282202e-05,
    5.701770468783626e-05,
    4.443536318931843e-05,
    5.017557099238597e-05,
    7.071955393220562e-05,
    4.503663100948734e-05,
    0.00018259778628869385,
    0.00032896062824530424
  ],
  "omega_scales": [
    1.185022525861671,
    1.1595500654581339,
    0.9678172305523641,
    0.9443968743311195,
    0.9493024363066259,
    1.0776325216035358,
    1.7475359798175927,
    1.7690853953070196,
    1.3145332539145276,
    1.3593084820373293
  ],
  "time_scales": [
    0.9916186997428486,
    1.0902089142980442,
    1.0411504014564403,
    0.8145386383976609,
    0.6347909027045489,
    1.0035114198477193,
    1.4143910786441123,
    0.900732620189747,
    0.9129889314434692,
    1.6448031412265212
  ]
}