{
  "gen": 18,
  "fitness_penalized": 15999.0,
  "raw_survivors": 15999,
  "num_pulses": 280,
  "length_penalty": 0.0,
  "unique_pairs": [
    [
      0,
      -3
    ],
    [
      0,
      -2
    ],
    [
      0,
      -1
    ],
    [
      1,
      -3
    ],
    [
      1,
      -2
    ],
    [
      1,
      -1
    ],
    [
      2,
      -5
    ],
    [
      2,
      -4
    ],
    [
      2,
      -3
    ],
    [
      2,
      -2
    ],
    [
      2,
      -1
    ]
  ],
  "omega_vector": [
    13965.742613453422,
    23222.503968405694,
    6219.657501901567,
    12130.837252320764,
    20299.572960213864,
    7212.384730388184,
    12663.5297219327,
    18366.642131529145,
    36795.51358952197,
    8031.925018189553,
    1403.0252350062246
  ],
  "time_vector": [
    5.364005721790472e-05,
    5.266980200057246e-05,
    9.102906847780971e-05,
    0.00012058655191797249,
    7.607058682114991e-05,
    0.00010762887382534037,
    7.755543449952029e-05,
    8.093639080991973e-05,
    6.242160482884741e-05,
    0.00023592728791819778,
    0.0002841583773881123
  ],
  "omega_scales": [
    1.0442078323289787,
    1.3504779230857462,
    1.0971475833354363,
    0.9070133699427523,
    1.180498242917052,
    1.2722646664404755,
    1.3676612099687309,
    1.4168552501465337,
    1.4192555241672753,
    1.2392112885206736,
    0.21646675054381745
  ],
  "time_scales": [
    0.5960006357544968,
    0.7524257428653209,
    1.30041526396871,
    1.3398505768663609,
    1.0867226688735703,
    1.537555340362005,
    1.1079347785645757,
    1.6187278161983945,
    1.2484320965769484,
    1.1796364395909889,
    1.4207918869405616
  ]
}