{
  "gen": 9,
  "fitness": 2200.217406324797,
  "score_list": [
    2252,
    2322,
    3539,
    2183,
    2058
  ],
  "num_pulses": 200,
  "unique_pairs": [
    [
      0,
      -3
    ],
    [
      0,
      -2
    ],
    [
      0,
      -1
    ],
    [
      1,
      -3
    ],
    [
      1,
      -2
    ],
    [
      1,
      -1
    ],
    [
      2,
      -5
    ],
    [
      2,
      -4
    ],
    [
      2,
      -3
    ],
    [
      2,
      -2
    ]
  ],
  "omega_vector": [
    12498.826333492481,
    18039.803318070124,
    5234.58514863603,
    14583.356486403987,
    11050.806285885476,
    993.243170901028,
    6317.780669810147,
    6480.371153982691,
    3316.7049883186137,
    2052.348252825404
  ],
  "time_vector": [
    8.525094738443883e-05,
    4.547212119611395e-05,
    2.332393928174869e-05,
    0.00011455629955907476,
    9.284693271941315e-05,
    4.5896171797375014e-05,
    6.313458868631792e-05,
    7.493839861344265e-05,
    0.00027277351124780106,
    0.00013350341090295032
  ],
  "omega_scales": [
    0.5100305141952727,
    0.7361371313434314,
    0.3832376141903119,
    0.8669814759214125,
    0.6569711405457859,
    0.1,
    1.3782233671398059,
    1.4136924687551853,
    1.4051396479894174,
    0.8694882154679454
  ],
  "time_scales": [
    1.2178706769205547,
    0.6496017313730563,
    0.4664787856349738,
    1.6365185651296397,
    1.3263847531344735,
    0.9179234359475003,
    1.2626917737263583,
    1.4987679722688532,
    1.3638675562390052,
    0.6675170545147516
  ]
}