{
  "gen": 8,
  "fitness_penalized": 14908.0,
  "raw_survivors": 14908,
  "num_pulses": 280,
  "length_penalty": 0.0,
  "unique_pairs": [
    [
      0,
      -3
    ],
    [
      0,
      -2
    ],
    [
      0,
      -1
    ],
    [
      1,
      -3
    ],
    [
      1,
      -2
    ],
    [
      1,
      -1
    ],
    [
      2,
      -5
    ],
    [
      2,
      -4
    ],
    [
      2,
      -3
    ],
    [
      2,
      -2
    ],
    [
      2,
      -1
    ]
  ],
  "omega_vector": [
    9678.247722811719,
    21664.23949653326,
    5637.607355395571,
    14125.795506658978,
    17281.388262385004,
    6532.252215976205,
    10992.998444636938,
    18670.955940423275,
    26500.55292396085,
    8669.701755435353,
    2024.6537236295735
  ],
  "time_vector": [
    7.226844225930984e-05,
    6.294350527018767e-05,
    6.91630074339736e-05,
    9.876595794687586e-05,
    7.923730571543655e-05,
    6.0947256562449865e-05,
    7.852904573598808e-05,
    7.088291160659384e-05,
    5.269578047073693e-05,
    0.0002654324564626548,
    0.0002298251673421388
  ],
  "omega_scales": [
    0.7236351374286915,
    1.2598588507214725,
    0.9944739374917786,
    1.056174864036348,
    1.00497919433562,
    1.1522892908982023,
    1.1872438320207885,
    1.440330886832652,
    1.022164184209918,
    1.3376111279814542,
    0.3123751459314198
  ],
  "time_scales": [
    0.8029826917701093,
    0.8991929324312525,
    0.98804296334248,
    1.097399532743065,
    1.1319615102205223,
    0.8706750937492836,
    1.1218435105141156,
    1.417658232131877,
    1.0539156094147388,
    1.3271622823132738,
    1.149125836710694
  ]
}