{
  "gen": 28,
  "score": 2603.931953510152,
  "score_SLM": 2728,
  "score_AOD": 2686,
  "survive_SLM": 0.7438,
  "survive_AOD": 0.7275,
  "nzbar_SLM": 39.78435063189029,
  "nzbar_AOD": 29.19106529209622,
  "num_pulses": 260,
  "unique_pairs": [
    [
      0,
      -3
    ],
    [
      0,
      -2
    ],
    [
      0,
      -1
    ],
    [
      1,
      -3
    ],
    [
      1,
      -2
    ],
    [
      1,
      -1
    ],
    [
      2,
      -10
    ],
    [
      2,
      -9
    ],
    [
      2,
      -8
    ],
    [
      2,
      -7
    ],
    [
      2,
      -6
    ],
    [
      2,
      -5
    ],
    [
      2,
      -4
    ],
    [
      2,
      -3
    ],
    [
      2,
      -2
    ],
    [
      2,
      -1
    ]
  ],
  "omega_vector": [
    20000.0,
    17760.42578125,
    5926.83544921875,
    20000.0,
    10060.341796875,
    4332.263671875,
    6972.762214064292,
    6656.065060012049,
    8525.089386500524,
    5186.660158792642,
    6984.981986685383,
    6943.467659277303,
    9532.333093093606,
    4405.324206204388,
    4835.045797695432,
    59.271482308128135
  ],
  "time_vector": [
    6.814449443481863e-05,
    7.641866250196472e-05,
    0.0001462052168790251,
    5.634267290588468e-05,
    0.00013017933815717697,
    0.0001981102832360193,
    1.6703006526180498e-05,
    5.151290473511654e-05,
    4.138111758922563e-05,
    2.6673505395069833e-05,
    0.00010035437817414049,
    0.00014199417982313774,
    0.00013780522557704084,
    0.00021243267832579002,
    0.00026250366688832704,
    6.036313554343875e-05
  ],
  "detuning_vector": [
    0.0,
    0.0,
    0.0,
    0.0,
    0.0,
    0.0,
    24410.956196848023,
    6654.676964992789,
    17279.48594754901,
    -9422.387768535149,
    -12091.26122020995,
    10322.061482161891,
    4885.490748111857,
    11978.120672256391,
    -9900.841431969815,
    19418.360974303883
  ],
  "omega_scales": [
    1.0,
    1.0,
    1.0,
    1.0,
    1.0,
    1.0,
    0.6972762214064292,
    0.6656065060012049,
    0.8525089386500524,
    0.5186660158792642,
    0.6984981986685384,
    0.6943467659277303,
    1.0371948392804655,
    1.3960485371649676,
    1.1380809540036076,
    0.9000607115732393
  ],
  "time_scales": [
    1.0,
    1.0,
    1.0,
    1.0,
    1.0,
    1.0,
    0.9082432949716654,
    1.1967130934041565,
    1.0313154918646616,
    1.4565407361188123,
    1.1347915806103557,
    1.0869448349446689,
    1.0273082364322261,
    0.8434541093165335,
    1.1929319301618535,
    1.3503704867152875
  ],
  "detuning_offsets": [
    0.0,
    0.0,
    0.0,
    0.0,
    0.0,
    0.0,
    13790.057759348023,
    -4162.567175632211,
    6534.1050881740075,
    -5003.546459941399,
    -9185.98582958495,
    6942.155964583766,
    1695.4682871743569,
    11182.719244033735,
    -10305.301118249112,
    6928.238903991384
  ],
  "omega_lin_max_xyz": [
    20000.0,
    20000.0,
    10000.0
  ]
}