{
  "gen": 25,
  "score": 2483.490180016662,
  "score_SLM": 2696,
  "score_AOD": 2809,
  "survive_SLM": 0.7679,
  "survive_AOD": 0.7333,
  "nzbar_SLM": 41.1998958197682,
  "nzbar_AOD": 28.237147143051956,
  "num_pulses": 260,
  "unique_pairs": [
    [
      0,
      -3
    ],
    [
      0,
      -2
    ],
    [
      0,
      -1
    ],
    [
      1,
      -3
    ],
    [
      1,
      -2
    ],
    [
      1,
      -1
    ],
    [
      2,
      -10
    ],
    [
      2,
      -9
    ],
    [
      2,
      -8
    ],
    [
      2,
      -7
    ],
    [
      2,
      -6
    ],
    [
      2,
      -5
    ],
    [
      2,
      -4
    ],
    [
      2,
      -3
    ],
    [
      2,
      -2
    ],
    [
      2,
      -1
    ]
  ],
  "omega_vector": [
    20000.0,
    17760.42578125,
    5926.83544921875,
    20000.0,
    10060.341796875,
    4332.263671875,
    3212.8298761538576,
    6758.447449886298,
    8715.150419153317,
    8047.356273725428,
    9999.999999999998,
    6008.325789963992,
    9899.01034914254,
    2391.278541515376,
    4472.32615621263,
    28.54389493024392
  ],
  "time_vector": [
    6.814449443481863e-05,
    7.641866250196472e-05,
    0.0001462052168790251,
    5.634267290588468e-05,
    0.00013017933815717697,
    0.0001981102832360193,
    4.252384637185941e-06,
    4.054125889615642e-05,
    5.525702905267962e-05,
    1.3540266580872812e-05,
    0.00012792359817688045,
    0.0001426744094856895,
    0.00013448862948837326,
    0.0002993040452439859,
    0.00022303360184197288,
    6.744197452188167e-05
  ],
  "detuning_vector": [
    0.0,
    0.0,
    0.0,
    0.0,
    0.0,
    0.0,
    19886.148935914334,
    16495.433105072058,
    20372.336197115026,
    -8555.269797664347,
    -8395.445994106207,
    8138.424832938021,
    4333.266788774468,
    5798.095665967749,
    -410.9082924726308,
    12790.922805518945
  ],
  "omega_scales": [
    1.0,
    1.0,
    1.0,
    1.0,
    1.0,
    1.0,
    0.32128298761538576,
    0.6758447449886298,
    0.8715150419153317,
    0.8047356273725428,
    0.9999999999999998,
    0.6008325789963992,
    1.0770922866253367,
    0.7577968734139594,
    1.0527034140821963,
    0.43345024253702485
  ],
  "time_scales": [
    1.0,
    1.0,
    1.0,
    1.0,
    1.0,
    1.0,
    0.23122782286596066,
    0.9418272099698626,
    1.377136080811939,
    0.7393835028745313,
    1.446539999685963,
    1.0921518942706758,
    1.0025837278764724,
    1.1883728477449291,
    1.0135626229155974,
    1.5087296433535338
  ],
  "detuning_offsets": [
    0.0,
    0.0,
    0.0,
    0.0,
    0.0,
    0.0,
    9265.250498414334,
    5678.188964447056,
    9626.955337740026,
    -4136.428489070598,
    -5490.170603481207,
    4758.519315359896,
    1143.244327836968,
    5002.694237745092,
    -815.3679787519277,
    300.8007352064451
  ],
  "omega_lin_max_xyz": [
    20000.0,
    20000.0,
    10000.0
  ]
}