{
  "gen": 22,
  "score": -45.10629463370172,
  "n_bar": 14.932294633701721,
  "num_pulses": 480,
  "good": 0.70216,
  "survive": 0.9922,
  "unique_pairs": [
    [
      0,
      -3
    ],
    [
      0,
      -2
    ],
    [
      0,
      -1
    ],
    [
      1,
      -3
    ],
    [
      1,
      -2
    ],
    [
      1,
      -1
    ],
    [
      2,
      -10
    ],
    [
      2,
      -9
    ],
    [
      2,
      -8
    ],
    [
      2,
      -7
    ],
    [
      2,
      -6
    ],
    [
      2,
      -5
    ],
    [
      2,
      -4
    ],
    [
      2,
      -3
    ],
    [
      2,
      -2
    ],
    [
      2,
      -1
    ]
  ],
  "omega_vector": [
    18945.274457953834,
    19059.07875439166,
    8411.75451843388,
    20610.832620991772,
    11328.548651599982,
    5966.760268147706,
    17783.416084342643,
    24005.223818334023,
    20071.431690102727,
    11292.323304577245,
    7080.877931473807,
    9937.653192321008,
    1153.5056173995874,
    1028.7118240044317,
    595.7898204358281,
    560.9355137760724
  ],
  "time_vector": [
    7.794983163759589e-05,
    6.106893599376739e-05,
    5.504454728971827e-05,
    7.146315148975016e-05,
    0.00012707054671854035,
    0.0001493367584139423,
    2.257725924232921e-05,
    3.808521477363876e-05,
    3.037469201687879e-05,
    3.74599138115629e-05,
    2.0962374137589572e-05,
    5.743751572096776e-05,
    7.160558550288548e-05,
    4.769039304819167e-05,
    4.825910905895368e-05,
    2.6472654275889682e-05
  ],
  "omega_scales": [
    1.1840796536221145,
    1.4660829811070508,
    0.9346393909370977,
    1.2881770388119858,
    0.8714268193538447,
    0.6629733631275229,
    1.481951340361887,
    2.000435318194502,
    2.2301590766780808,
    1.2547025893974717,
    1.1801463219123012,
    1.6562755320535014,
    0.28837640434989686,
    0.25717795600110793,
    0.1985966068119427,
    0.18697850459202414
  ],
  "time_scales": [
    0.9743728954699484,
    0.678543733264082,
    0.4587045607476522,
    0.893289393621877,
    1.4118949635393372,
    1.2444729867828523,
    0.7525753080776403,
    1.2695071591212919,
    1.0124897338959595,
    1.2486637937187632,
    0.4192474827517914,
    1.1487503144193552,
    1.0229369357555071,
    0.6812913292598812,
    0.5362123228772631,
    0.2941406030654409
  ]
}