{
  "gen": 20,
  "score": 3775.0291389603867,
  "score_SLM": 3899,
  "score_AOD": 3655,
  "survive_SLM": 0.7012,
  "survive_AOD": 0.7135,
  "nzbar_SLM": 13.316172276098117,
  "nzbar_AOD": 12.571688857743517,
  "num_pulses": 260,
  "unique_pairs": [
    [
      0,
      -3
    ],
    [
      0,
      -2
    ],
    [
      0,
      -1
    ],
    [
      1,
      -3
    ],
    [
      1,
      -2
    ],
    [
      1,
      -1
    ],
    [
      2,
      -10
    ],
    [
      2,
      -9
    ],
    [
      2,
      -8
    ],
    [
      2,
      -7
    ],
    [
      2,
      -6
    ],
    [
      2,
      -5
    ],
    [
      2,
      -4
    ],
    [
      2,
      -3
    ],
    [
      2,
      -2
    ],
    [
      2,
      -1
    ]
  ],
  "omega_vector": [
    20508.373046875,
    17760.42578125,
    5926.83544921875,
    25809.142578125,
    10060.341796875,
    4332.263671875,
    14437.753983590932,
    15753.864138784955,
    35911.14909493522,
    19156.04668049424,
    12187.886975185253,
    42308.37290163016,
    9197.765390947292,
    2256.5706645845753,
    3686.5560481064736,
    225.24309055054852
  ],
  "time_vector": [
    6.814449443481863e-05,
    7.641866250196472e-05,
    0.0001462052168790251,
    5.634267290588468e-05,
    0.00013017933815717697,
    0.0001981102832360193,
    1.621917566983696e-05,
    4.442404944864286e-05,
    6.640334337301184e-05,
    1.4590980253392529e-05,
    5.984375626314734e-05,
    0.00011174315355168323,
    0.00013155470020436387,
    0.00025249027673190206,
    0.00024184326767032842,
    6.234937366252976e-05
  ],
  "detuning_vector": [
    0.0,
    0.0,
    0.0,
    0.0,
    0.0,
    0.0,
    -5218.202651977539,
    5697.181457519531,
    3792.0774485362595,
    -546.2882303653855,
    -4357.923752157417,
    -1620.3347509653581,
    2807.182563519668,
    1993.8338197317473,
    1135.4035781468008,
    1812.639091982317
  ],
  "omega_scales": [
    1.0,
    1.0,
    1.0,
    1.0,
    1.0,
    1.0,
    1.0483162977271645,
    0.912102985257714,
    1.4711514611697751,
    1.2713379976879047,
    1.1949555197283188,
    1.7224434975338954,
    1.4314135900654577,
    1.105553534851657,
    0.6682986688424442,
    1.2068143587445026
  ],
  "time_scales": [
    1.0,
    1.0,
    1.0,
    1.0,
    1.0,
    1.0,
    1.0178571179349754,
    1.0823877159119608,
    1.357670952635237,
    0.8556380946406428,
    1.0039986951633393,
    1.1411735350433512,
    1.00841952998924,
    1.4932776854465835,
    1.4443520348769496,
    1.2320462304294892
  ],
  "detuning_offsets": [
    0.0,
    0.0,
    0.0,
    0.0,
    0.0,
    0.0,
    -5000.0,
    5000.0,
    2703.185480762822,
    318.7579122127395,
    -4083.99043306562,
    -2766.6771581919206,
    2489.191840863418,
    980.8297914114348,
    691.7693008030508,
    2171.1357960838795
  ]
}