{
  "gen": 14,
  "fitness": 68.40197356426619,
  "z_mean": 56.05697356426618,
  "good_frac": 0.8776,
  "survive_frac": 0.9979,
  "num_pulses": 200,
  "z_dns": [
    -5,
    -4,
    -3,
    -2
  ],
  "omega_scales_z": [
    0.1,
    0.5311482821244533,
    0.21596196880964164,
    0.10654832011249896
  ],
  "time_scales_z": [
    1.5215287808708204,
    0.1,
    0.14914488526013714,
    0.4565999654625398
  ]
}