{
  "gen": 4,
  "score": 2704.3334248909055,
  "score_SLM": 2856,
  "score_AOD": 2935,
  "survive_SLM": 0.75,
  "survive_AOD": 0.7392,
  "nzbar_SLM": 37.912533333333336,
  "nzbar_AOD": 26.982683982683984,
  "num_pulses": 260,
  "unique_pairs": [
    [
      0,
      -3
    ],
    [
      0,
      -2
    ],
    [
      0,
      -1
    ],
    [
      1,
      -3
    ],
    [
      1,
      -2
    ],
    [
      1,
      -1
    ],
    [
      2,
      -10
    ],
    [
      2,
      -9
    ],
    [
      2,
      -8
    ],
    [
      2,
      -7
    ],
    [
      2,
      -6
    ],
    [
      2,
      -5
    ],
    [
      2,
      -4
    ],
    [
      2,
      -3
    ],
    [
      2,
      -2
    ],
    [
      2,
      -1
    ]
  ],
  "omega_vector": [
    20000.0,
    17760.42578125,
    5926.83544921875,
    20000.0,
    10060.341796875,
    4332.263671875,
    8959.406019684642,
    9780.3643619769,
    8599.946023594006,
    8098.540356858165,
    8778.725913810402,
    9417.804028670715,
    7162.872541907225,
    2514.2077281279608,
    4703.485246800423,
    50.83052157417944
  ],
  "time_vector": [
    6.814449443481863e-05,
    7.641866250196472e-05,
    0.0001462052168790251,
    5.634267290588468e-05,
    0.00013017933815717697,
    0.0001981102832360193,
    1.753911503971731e-05,
    4.368179926945594e-05,
    5.077469580916614e-05,
    1.738875840368069e-05,
    6.93747390134395e-05,
    0.00010751153985922626,
    0.0001474458456856485,
    0.0002403254014465606,
    0.00022352854633593598,
    5.3637249923814854e-05
  ],
  "detuning_vector": [
    0.0,
    0.0,
    0.0,
    0.0,
    0.0,
    0.0,
    11047.28445236142,
    16050.569752597792,
    7219.420063204909,
    -6219.918318375075,
    -1489.3985486418617,
    6428.4789468789295,
    5616.783646725631,
    -316.38355933525236,
    -644.6728137541886,
    11492.431439370428
  ],
  "omega_scales": [
    1.0,
    1.0,
    1.0,
    1.0,
    1.0,
    1.0,
    0.8959406019684641,
    0.9780364361976901,
    0.8599946023594005,
    0.8098540356858165,
    0.8778725913810401,
    0.9417804028670715,
    0.7793783916628572,
    0.7967531688220653,
    1.1071140172802372,
    0.7718814113650214
  ],
  "time_scales": [
    1.0,
    1.0,
    1.0,
    1.0,
    1.0,
    1.0,
    0.9537075621440609,
    1.0147861278258352,
    1.2654257166883023,
    0.9495353006797009,
    0.7844786761857307,
    0.8229852314544787,
    1.0991769801639357,
    0.9542008744642292,
    1.0158118680309336,
    1.1999071723762413
  ],
  "detuning_offsets": [
    0.0,
    0.0,
    0.0,
    0.0,
    0.0,
    0.0,
    426.38601486142113,
    5233.325611972793,
    -3525.9607961700913,
    -1801.0770097813247,
    1415.8768419831383,
    3048.573429300804,
    2426.7611857881307,
    -1111.7849875579086,
    -1049.1325000334855,
    -997.690630942072
  ],
  "omega_lin_max_xyz": [
    20000.0,
    20000.0,
    10000.0
  ]
}