{
  "gen": 16,
  "fitness_penalized": 15347.0,
  "raw_survivors": 15347,
  "num_pulses": 280,
  "length_penalty": 0.0,
  "unique_pairs": [
    [
      0,
      -3
    ],
    [
      0,
      -2
    ],
    [
      0,
      -1
    ],
    [
      1,
      -3
    ],
    [
      1,
      -2
    ],
    [
      1,
      -1
    ],
    [
      2,
      -5
    ],
    [
      2,
      -4
    ],
    [
      2,
      -3
    ],
    [
      2,
      -2
    ],
    [
      2,
      -1
    ]
  ],
  "omega_vector": [
    12681.071902924026,
    19945.873090418016,
    7430.32961353925,
    16143.30553603498,
    24881.318365175535,
    5377.855493584864,
    13888.888888888898,
    18469.480198738805,
    31170.72708533835,
    6520.146531653674,
    1881.7286383237265
  ],
  "time_vector": [
    7.447976427207423e-05,
    7.815901488667221e-05,
    6.628351568362941e-05,
    0.00012000638576005158,
    8.412982243967463e-05,
    9.040178281624121e-05,
    8.956670532446611e-05,
    8.54690441162289e-05,
    5.837900455415521e-05,
    0.00021450050704694323,
    0.0002382933620543054
  ],
  "omega_scales": [
    0.9481539915109347,
    1.159929235104309,
    1.3107101438283235,
    1.2070225370019998,
    1.4469443603132848,
    0.94865370906837,
    1.5,
    1.424788472474136,
    1.2022994732916215,
    1.0059654648837095,
    0.29032384705566056
  ],
  "time_scales": [
    0.8275529363563803,
    1.1165573555238888,
    0.9469073669089915,
    1.3334042862227953,
    1.2018546062810662,
    1.2914540402320172,
    1.2795243617780874,
    1.709380882324578,
    1.1675800910831045,
    1.0725025352347162,
    1.191466810271527
  ]
}