{
  "gen": 31,
  "fitness": 68.17794520547946,
  "z_mean": 55.67294520547945,
  "good_frac": 0.876,
  "survive_frac": 0.9979,
  "num_pulses": 200,
  "z_dns": [
    -5,
    -4,
    -3,
    -2
  ],
  "omega_scales_z": [
    0.6414769641820453,
    0.10024331982106344,
    0.1,
    1.026829552022175
  ],
  "time_scales_z": [
    1.0715907861730827,
    0.1,
    0.1,
    0.1415544131220243
  ]
}