{
  "gen": 33,
  "score": 3839.8765605159756,
  "score_SLM": 4022,
  "score_AOD": 3666,
  "survive_SLM": 0.7028,
  "survive_AOD": 0.7259,
  "nzbar_SLM": 13.690808195788275,
  "nzbar_AOD": 13.154980024796805,
  "num_pulses": 260,
  "unique_pairs": [
    [
      0,
      -3
    ],
    [
      0,
      -2
    ],
    [
      0,
      -1
    ],
    [
      1,
      -3
    ],
    [
      1,
      -2
    ],
    [
      1,
      -1
    ],
    [
      2,
      -10
    ],
    [
      2,
      -9
    ],
    [
      2,
      -8
    ],
    [
      2,
      -7
    ],
    [
      2,
      -6
    ],
    [
      2,
      -5
    ],
    [
      2,
      -4
    ],
    [
      2,
      -3
    ],
    [
      2,
      -2
    ],
    [
      2,
      -1
    ]
  ],
  "omega_vector": [
    20508.373046875,
    17760.42578125,
    5926.83544921875,
    25809.142578125,
    10060.341796875,
    4332.263671875,
    16211.27786615609,
    17488.256085338577,
    36580.75759035474,
    12872.062433143652,
    11643.748322584383,
    56792.75734680387,
    8911.959068119353,
    1498.4726839422783,
    3223.525518520392,
    211.4260378009929
  ],
  "time_vector": [
    6.814449443481863e-05,
    7.641866250196472e-05,
    0.0001462052168790251,
    5.634267290588468e-05,
    0.00013017933815717697,
    0.0001981102832360193,
    1.4548471596950487e-05,
    3.514325925938506e-05,
    7.606984579250463e-05,
    1.681798979139555e-05,
    7.306519634808564e-05,
    8.563854053825863e-05,
    0.00012553152584584358,
    0.0002066069798419515,
    0.0002294071304318218,
    5.2283472677363756e-05
  ],
  "detuning_vector": [
    0.0,
    0.0,
    0.0,
    0.0,
    0.0,
    0.0,
    -2161.0755346928518,
    1856.7947236430339,
    1556.856829605872,
    -4171.423982482314,
    -2083.135161107928,
    1945.8927134652108,
    -2530.0665221075906,
    186.88463189974937,
    307.6392062566026,
    2335.44140625774
  ],
  "omega_scales": [
    1.0,
    1.0,
    1.0,
    1.0,
    1.0,
    1.0,
    1.1770907589497674,
    1.0125192423818221,
    1.4985829285907675,
    0.854285978355338,
    1.1416057071031442,
    2.312126628610044,
    1.386934628357519,
    0.7341413227650977,
    0.5843605210107492,
    1.1327849285278548
  ],
  "time_scales": [
    1.0,
    1.0,
    1.0,
    1.0,
    1.0,
    1.0,
    0.9130097405363222,
    0.8562621506047717,
    1.5553105424794063,
    0.9862334463409095,
    1.225814794658966,
    0.8745809737398968,
    0.9622494832617055,
    1.221914747169021,
    1.370080130186465,
    1.0331403772323895
  ],
  "detuning_offsets": [
    0.0,
    0.0,
    0.0,
    0.0,
    0.0,
    0.0,
    -1942.8728827153127,
    1159.6132661235026,
    467.96486183243456,
    -3306.377839904189,
    -1809.201842016131,
    799.5503062386484,
    -2848.0572447638406,
    -826.1193964205631,
    -135.99507108714738,
    2693.9381103593023
  ]
}