{
  "gen": 33,
  "fitness": 2451.1681594711363,
  "score_list": [
    2507,
    3036,
    3225,
    2640,
    1955
  ],
  "num_pulses": 200,
  "unique_pairs": [
    [
      0,
      -3
    ],
    [
      0,
      -2
    ],
    [
      0,
      -1
    ],
    [
      1,
      -3
    ],
    [
      1,
      -2
    ],
    [
      1,
      -1
    ],
    [
      2,
      -5
    ],
    [
      2,
      -4
    ],
    [
      2,
      -3
    ],
    [
      2,
      -2
    ]
  ],
  "omega_vector": [
    27616.72026347134,
    14768.666280849327,
    1365.885016191701,
    13014.849784302629,
    13583.64386215737,
    993.243170901028,
    6787.255489011311,
    6876.005174968068,
    3540.614265348371,
    3540.614265348371
  ],
  "time_vector": [
    6.415409601939428e-05,
    0.00011352471432864309,
    2.457131615237602e-05,
    9.619679647187977e-05,
    0.00012576980734449382,
    2.687889951624758e-05,
    7.459976451752411e-05,
    8.911656170530185e-05,
    0.00011873191446873466,
    0.00012651624605422484
  ],
  "omega_scales": [
    1.1269354146174053,
    0.6026542217820552,
    0.1,
    0.7737336521540745,
    0.8075484964646837,
    0.1,
    1.4806392628353784,
    1.5,
    1.5,
    1.5
  ],
  "time_scales": [
    0.916487085991347,
    1.6217816332663297,
    0.4914263230475204,
    1.3742399495982824,
    1.7967115334927688,
    0.5375779903249516,
    1.4919952903504823,
    1.7823312341060373,
    0.5936595723436733,
    0.6325812302711242
  ]
}