{
  "gen": 5,
  "score": 2601.310266975072,
  "score_SLM": 2809,
  "score_AOD": 2919,
  "survive_SLM": 0.7395,
  "survive_AOD": 0.7487,
  "nzbar_SLM": 37.76822177146721,
  "nzbar_AOD": 30.531721650861492,
  "num_pulses": 260,
  "unique_pairs": [
    [
      0,
      -3
    ],
    [
      0,
      -2
    ],
    [
      0,
      -1
    ],
    [
      1,
      -3
    ],
    [
      1,
      -2
    ],
    [
      1,
      -1
    ],
    [
      2,
      -10
    ],
    [
      2,
      -9
    ],
    [
      2,
      -8
    ],
    [
      2,
      -7
    ],
    [
      2,
      -6
    ],
    [
      2,
      -5
    ],
    [
      2,
      -4
    ],
    [
      2,
      -3
    ],
    [
      2,
      -2
    ],
    [
      2,
      -1
    ]
  ],
  "omega_vector": [
    20000.0,
    17760.42578125,
    5926.83544921875,
    20000.0,
    10060.341796875,
    4332.263671875,
    9999.999999999998,
    9999.999999999998,
    9631.71156784682,
    9249.658223477418,
    9999.999999999998,
    7476.950899190171,
    6826.991699738649,
    1310.5869916703475,
    5178.266431373075,
    62.00143811418318
  ],
  "time_vector": [
    6.814449443481863e-05,
    7.641866250196472e-05,
    0.0001462052168790251,
    5.634267290588468e-05,
    0.00013017933815717697,
    0.0001981102832360193,
    1.3877207649481554e-05,
    5.603649659197842e-05,
    4.5005741935786e-05,
    1.613444059066382e-05,
    7.14894820760231e-05,
    0.000149163443015587,
    0.00012442176397068315,
    0.000254996124183629,
    0.00025762902545529916,
    5.8719505775844666e-05
  ],
  "detuning_vector": [
    0.0,
    0.0,
    0.0,
    0.0,
    0.0,
    0.0,
    14074.28961769494,
    19858.0708634675,
    4445.806440179301,
    2218.9806157765497,
    -2045.1455395039961,
    5209.237931966904,
    12354.9111532944,
    -3469.2178937201033,
    956.7181397409165,
    7878.258319394243
  ],
  "omega_scales": [
    1.0,
    1.0,
    1.0,
    1.0,
    1.0,
    1.0,
    0.9999999999999998,
    0.9999999999999998,
    0.963171156784682,
    0.9249658223477417,
    0.9999999999999998,
    0.7476950899190171,
    0.7428318429105031,
    0.4153254032863197,
    1.2188687857126175,
    0.9415161614738814
  ],
  "time_scales": [
    1.0,
    1.0,
    1.0,
    1.0,
    1.0,
    1.0,
    0.7545875516970941,
    1.301802131425976,
    1.1216497181633451,
    0.8810416788763883,
    0.8083918593097372,
    1.1418245040064416,
    0.927537416547756,
    1.0124502995373659,
    1.1707794189894183,
    1.3136012051121384
  ],
  "detuning_offsets": [
    0.0,
    0.0,
    0.0,
    0.0,
    0.0,
    0.0,
    3453.391180194939,
    9040.8267228425,
    -6299.574419195699,
    6637.8219243703,
    860.129851121004,
    1829.3324143887794,
    9164.8886923569,
    -4264.61932194276,
    552.2584534616196,
    -4611.863750918257
  ],
  "omega_lin_max_xyz": [
    20000.0,
    20000.0,
    10000.0
  ]
}