{
  "gen": 0,
  "score": 20185.0,
  "n_bar": 10.47621044482436,
  "num_pulses": 260,
  "good": 0.62002,
  "unique_pairs": [
    [
      0,
      -3
    ],
    [
      0,
      -2
    ],
    [
      0,
      -1
    ],
    [
      1,
      -3
    ],
    [
      1,
      -2
    ],
    [
      1,
      -1
    ],
    [
      2,
      -10
    ],
    [
      2,
      -9
    ],
    [
      2,
      -8
    ],
    [
      2,
      -7
    ],
    [
      2,
      -6
    ],
    [
      2,
      -5
    ],
    [
      2,
      -4
    ],
    [
      2,
      -3
    ],
    [
      2,
      -2
    ],
    [
      2,
      -1
    ]
  ],
  "omega_vector": [
    17898.875995425897,
    13394.54453541058,
    8520.181884382591,
    15109.313093651588,
    14447.445765719245,
    7769.195062958102,
    12288.121596808343,
    19723.559346853213,
    12479.302267312247,
    13292.269974363293,
    11897.079537930755,
    17977.436185093666,
    3841.31317665031,
    5024.994033606721,
    5534.345192507287,
    633.9232060830025
  ],
  "time_vector": [
    5.796336659582499e-05,
    0.00010193762873652016,
    0.00012876458048553376,
    7.716317025442633e-05,
    9.905615879744346e-05,
    0.000117225989665903,
    3.45350802922011e-05,
    2.79642559612351e-05,
    5.8387895397170195e-05,
    2.7902724726729595e-05,
    7.897737854700342e-05,
    9.540890571877584e-05,
    8.588771021379027e-05,
    0.00010470457232770473,
    6.622789840539768e-05,
    3.072744394620321e-05
  ],
  "omega_scales": [
    0.9978722646763614,
    0.7247225001844104,
    0.9367604590837624,
    1.0730727484127536,
    1.1225930760949199,
    0.9718024205111163,
    1.3063557781202106,
    1.2015021541973119,
    0.9486691767200495,
    1.150024362427389,
    1.3867586970376373,
    1.3920969201566054,
    0.7544000238355005,
    0.8146933777685699,
    1.2969837573467702,
    0.7883437898324726
  ],
  "time_scales": [
    0.7354917733416642,
    0.9027611738601906,
    1.0840453418949172,
    0.9795206586777807,
    0.8698872759188816,
    0.8651575076550981,
    0.8575325871174583,
    0.8240980742682115,
    1.4563265754552124,
    1.0595022142371109,
    1.1773518108809478,
    0.9021845063762153,
    0.9628086645627902,
    0.857289203725929,
    0.46965833301615956,
    0.7243981446304267
  ]
}