{
  "gen": 22,
  "score": 16861.81164643942,
  "score_SLM": 17739,
  "score_AOD": 16028,
  "survive_SLM": 0.69572,
  "survive_AOD": 0.69676,
  "nzbar_SLM": 18.345253837750818,
  "nzbar_AOD": 16.54032952523107,
  "num_pulses": 260,
  "unique_pairs": [
    [
      0,
      -3
    ],
    [
      0,
      -2
    ],
    [
      0,
      -1
    ],
    [
      1,
      -3
    ],
    [
      1,
      -2
    ],
    [
      1,
      -1
    ],
    [
      2,
      -10
    ],
    [
      2,
      -9
    ],
    [
      2,
      -8
    ],
    [
      2,
      -7
    ],
    [
      2,
      -6
    ],
    [
      2,
      -5
    ],
    [
      2,
      -4
    ],
    [
      2,
      -3
    ],
    [
      2,
      -2
    ],
    [
      2,
      -1
    ]
  ],
  "omega_vector": [
    24921.331437665373,
    14758.580778536489,
    8622.773637493647,
    17446.783767083176,
    8554.672560936218,
    5200.76755800876,
    19294.7793441388,
    16500.981481301165,
    20966.377541198148,
    16767.364881428195,
    8938.410830201472,
    26797.393209064885,
    7801.723176093474,
    2967.7111184896744,
    5464.055598335829,
    251.75353036581657
  ],
  "time_vector": [
    5.18565357198473e-05,
    8.918716848492635e-05,
    0.00012763220115532422,
    7.963115032775186e-05,
    0.00012483517526824356,
    0.00015504687994096107,
    1.5172801806050375e-05,
    3.6900419289309994e-05,
    5.8175821209124334e-05,
    1.7407532492877525e-05,
    7.407508319583599e-05,
    5.880278958205917e-05,
    0.00013936321197629235,
    0.00018438780665535703,
    0.00021489051923674656,
    4.961879630249711e-05
  ],
  "detuning_vector": [
    -1845.8681368018206,
    1250.2985977351432,
    -684.5456288293793,
    871.4572409847927,
    211.23817862988528,
    51.22024652026289,
    3254.1726858498077,
    1936.9395855344644,
    2369.250088133984,
    -805.6758813117598,
    420.5123052789739,
    1970.3052527235704,
    3529.7654939726435,
    -2331.4377315247493,
    500.92008217918465,
    173.53331757925582
  ],
  "omega_scales": [
    1.3530405594590462,
    1.0152538349080202,
    1.0994407626905973,
    0.9394000937662492,
    0.7246439936237027,
    0.9191562561097818,
    1.371478301213064,
    0.8845762909893992,
    1.0282763205940058,
    1.4337705454002034,
    0.8509359801609804,
    1.8216312517327853,
    1.5482199416306197,
    1.3115295094538408,
    1.366196173489083,
    0.4265974639311223
  ],
  "time_scales": [
    0.6788142938984771,
    0.9496349326851871,
    0.9491017173304519,
    1.137251585274066,
    1.1934447262894319,
    0.9762608198409468,
    0.5699091745048104,
    0.8626826824621014,
    1.4181847125912017,
    0.7973675160722036,
    1.5059343055430172,
    0.4019467867642976,
    1.203469303297044,
    0.9888987515779172,
    0.9745160932437912,
    1.047468405947083
  ],
  "detuning_offsets": [
    -1845.8681368018206,
    1250.2985977351432,
    -684.5456288293793,
    871.4572409847927,
    211.23817862988528,
    51.22024652026289,
    3254.1726858498077,
    1936.9395855344644,
    2369.250088133984,
    -805.6758813117598,
    420.5123052789739,
    1970.3052527235704,
    3529.7654939726435,
    -2331.4377315247493,
    500.92008217918465,
    173.53331757925582
  ]
}