{
  "gen": 42,
  "score": 3887.6931463272663,
  "score_SLM": 4142,
  "score_AOD": 3649,
  "survive_SLM": 0.6937,
  "survive_AOD": 0.7115,
  "nzbar_SLM": 12.089231656335592,
  "nzbar_AOD": 12.82037947997189,
  "num_pulses": 260,
  "unique_pairs": [
    [
      0,
      -3
    ],
    [
      0,
      -2
    ],
    [
      0,
      -1
    ],
    [
      1,
      -3
    ],
    [
      1,
      -2
    ],
    [
      1,
      -1
    ],
    [
      2,
      -10
    ],
    [
      2,
      -9
    ],
    [
      2,
      -8
    ],
    [
      2,
      -7
    ],
    [
      2,
      -6
    ],
    [
      2,
      -5
    ],
    [
      2,
      -4
    ],
    [
      2,
      -3
    ],
    [
      2,
      -2
    ],
    [
      2,
      -1
    ]
  ],
  "omega_vector": [
    20508.373046875,
    17760.42578125,
    5926.83544921875,
    25809.142578125,
    10060.341796875,
    4332.263671875,
    16053.7565521571,
    13772.493486729234,
    36076.66538133552,
    15297.028867876072,
    14051.228821867358,
    61656.07117408326,
    9775.651053248654,
    2311.9557575444514,
    3680.6187958609626,
    244.06340034675117
  ],
  "time_vector": [
    6.814449443481863e-05,
    7.641866250196472e-05,
    0.0001462052168790251,
    5.634267290588468e-05,
    0.00013017933815717697,
    0.0001981102832360193,
    8.758374709697278e-06,
    3.6180350154553663e-05,
    5.829657510643049e-05,
    2.0350451266299576e-05,
    5.8299692982931643e-05,
    8.537632269607756e-05,
    0.00015263367343291474,
    0.00020230584228281617,
    0.0002600278969178026,
    6.62996396554642e-05
  ],
  "detuning_vector": [
    0.0,
    0.0,
    0.0,
    0.0,
    0.0,
    0.0,
    752.7067620241742,
    4833.266353024435,
    1806.2091023813864,
    1393.123364317726,
    -2947.925464687422,
    1779.896309579939,
    1995.4167687887214,
    -3986.9959716796875,
    298.04707850890105,
    -2617.2861091317045
  ],
  "omega_scales": [
    1.0,
    1.0,
    1.0,
    1.0,
    1.0,
    1.0,
    1.1656532347412085,
    0.797387378297971,
    1.4779320720029587,
    1.0152248204355427,
    1.3776459753722676,
    2.5101201392028685,
    1.5213477594384113,
    1.1326881538825888,
    0.6672223640960957,
    1.307650393459539
  ],
  "time_scales": [
    1.0,
    1.0,
    1.0,
    1.0,
    1.0,
    1.0,
    0.549644089273044,
    0.8815307710737896,
    1.191921409973566,
    1.1933825585519,
    0.9780939456056843,
    0.8719030820534517,
    1.1699983123723108,
    1.196476964683984,
    1.5529554560516736,
    1.3101049187513827
  ],
  "detuning_offsets": [
    0.0,
    0.0,
    0.0,
    0.0,
    0.0,
    0.0,
    970.9094140017132,
    4136.084895504904,
    717.3171346079489,
    2258.169506895851,
    -2673.992145595625,
    633.5539023533767,
    1677.4260461324714,
    -5000.0,
    -145.58719883484895,
    -2258.789405030142
  ]
}