{
  "gen": 4,
  "fitness": 2044.5474736374738,
  "score_list": [
    1967,
    2247,
    3053,
    2199,
    1823
  ],
  "num_pulses": 200,
  "unique_pairs": [
    [
      0,
      -3
    ],
    [
      0,
      -2
    ],
    [
      0,
      -1
    ],
    [
      1,
      -3
    ],
    [
      1,
      -2
    ],
    [
      1,
      -1
    ],
    [
      2,
      -5
    ],
    [
      2,
      -4
    ],
    [
      2,
      -3
    ],
    [
      2,
      -2
    ]
  ],
  "omega_vector": [
    35857.75429796575,
    25595.38877281056,
    12177.657322781524,
    22064.630652062053,
    16461.231209848,
    5143.533354092585,
    7338.396286393565,
    6739.304182818881,
    2510.204617815359,
    3038.0632132910328
  ],
  "time_vector": [
    3.309289185625364e-05,
    9.305853586015826e-05,
    6.50275670042329e-05,
    7.186284032346173e-05,
    8.724670250380461e-05,
    6.624474976602463e-05,
    6.541824397097492e-05,
    7.030369523428592e-05,
    0.0003098514337889625,
    0.0001501430556362988
  ],
  "omega_scales": [
    1.463221295704566,
    1.0444524108510236,
    0.8915580139194088,
    1.3117437035993793,
    0.9786212483458787,
    0.5178523754083897,
    1.6008705853892071,
    1.4701786890780326,
    1.063461491293675,
    1.2870915831008107
  ],
  "time_scales": [
    0.4727555979464806,
    1.329407655145118,
    1.300551340084658,
    1.026612004620882,
    1.2463814643400657,
    1.3248949953204925,
    1.3083648794194984,
    1.4060739046857187,
    1.5492571689448127,
    0.750715278181494
  ]
}