{
  "gen": 7,
  "fitness": 2028.6727179880513,
  "score_list": [
    1905,
    2368,
    2892,
    2293,
    1709
  ],
  "num_pulses": 200,
  "unique_pairs": [
    [
      0,
      -3
    ],
    [
      0,
      -2
    ],
    [
      0,
      -1
    ],
    [
      1,
      -3
    ],
    [
      1,
      -2
    ],
    [
      1,
      -1
    ],
    [
      2,
      -5
    ],
    [
      2,
      -4
    ],
    [
      2,
      -3
    ],
    [
      2,
      -2
    ]
  ],
  "omega_vector": [
    18800.842523144787,
    14346.834231694607,
    6152.631894882712,
    19996.28898209476,
    10297.73218261368,
    5742.813637810232,
    4833.63547332586,
    6485.77033653672,
    3490.4564596569694,
    2929.1755039533496
  ],
  "time_vector": [
    5.9990270273146386e-05,
    0.00011439102265892745,
    6.612681611128718e-05,
    6.279544183952964e-05,
    7.665974464117179e-05,
    5.313250803735443e-05,
    6.574186165150327e-05,
    7.028996690034004e-05,
    0.00020577198430878153,
    0.00017606160429500705
  ],
  "omega_scales": [
    0.7671923045837279,
    0.5854408282046192,
    0.45045020788332557,
    1.1887806590211432,
    0.61220083693691,
    0.5781880818370586,
    1.0544572066908693,
    1.4148703000140281,
    1.478750379765049,
    1.240960727897228
  ],
  "time_scales": [
    0.8570038610449484,
    1.6341574665561063,
    1.3225363222257434,
    0.8970777405647092,
    1.0951392091595968,
    1.0626501607470886,
    1.3148372330300653,
    1.4057993380068012,
    1.0288599215439076,
    0.8803080214750353
  ]
}