{
  "gen": 8,
  "fitness": 2081.284309369466,
  "score_list": [
    1950,
    2459,
    2761,
    2315,
    1793
  ],
  "num_pulses": 200,
  "unique_pairs": [
    [
      0,
      -3
    ],
    [
      0,
      -2
    ],
    [
      0,
      -1
    ],
    [
      1,
      -3
    ],
    [
      1,
      -2
    ],
    [
      1,
      -1
    ],
    [
      2,
      -5
    ],
    [
      2,
      -4
    ],
    [
      2,
      -3
    ],
    [
      2,
      -2
    ]
  ],
  "omega_vector": [
    16469.088347476463,
    20264.33889546067,
    12857.771815017975,
    17162.060097012258,
    14835.013260310825,
    4549.959149672357,
    6804.276438332147,
    6801.118737767185,
    3153.3145405535433,
    2708.033798365611
  ],
  "time_vector": [
    5.261813462960206e-05,
    7.86030025471637e-05,
    4.151695449797765e-05,
    6.991610037903203e-05,
    8.851201626262182e-05,
    4.2865086528174034e-05,
    4.862162869931223e-05,
    6.705170047708411e-05,
    0.00020446000776645483,
    0.0001519836207510633
  ],
  "omega_scales": [
    0.6720421081203789,
    0.8269121364606637,
    0.9413509675117042,
    1.0202855705153668,
    0.8819424872270595,
    0.45809115863790206,
    1.4843523816204254,
    1.483663529485077,
    1.3359184187676314,
    1.1472728721971466
  ],
  "time_scales": [
    0.7516876375657437,
    1.1229000363880528,
    0.8303390899595531,
    0.9988014339861719,
    1.2644573751803116,
    0.8573017305634807,
    0.9724325739862445,
    1.3410340095416826,
    1.022300038832274,
    0.7599181037553164
  ]
}