{
  "gen": 6,
  "score": 2599.0,
  "score_SLM": 2599,
  "score_AOD": 2599,
  "survive_SLM": 0.7334,
  "survive_AOD": 0.7299,
  "nzbar_SLM": 42.50995364057813,
  "nzbar_AOD": 30.84847239347856,
  "num_pulses": 260,
  "unique_pairs": [
    [
      0,
      -3
    ],
    [
      0,
      -2
    ],
    [
      0,
      -1
    ],
    [
      1,
      -3
    ],
    [
      1,
      -2
    ],
    [
      1,
      -1
    ],
    [
      2,
      -10
    ],
    [
      2,
      -9
    ],
    [
      2,
      -8
    ],
    [
      2,
      -7
    ],
    [
      2,
      -6
    ],
    [
      2,
      -5
    ],
    [
      2,
      -4
    ],
    [
      2,
      -3
    ],
    [
      2,
      -2
    ],
    [
      2,
      -1
    ]
  ],
  "omega_vector": [
    20000.0,
    17760.42578125,
    5926.83544921875,
    20000.0,
    10060.341796875,
    4332.263671875,
    7680.629270379221,
    8746.830083504296,
    8087.071835955551,
    7954.613708458216,
    8044.914531238795,
    8706.365774259582,
    7003.720048628248,
    3681.417568559183,
    4143.8937380590805,
    62.63001387523442
  ],
  "time_vector": [
    6.814449443481863e-05,
    7.641866250196472e-05,
    0.0001462052168790251,
    5.634267290588468e-05,
    0.00013017933815717697,
    0.0001981102832360193,
    1.357628347437648e-05,
    5.897890242656853e-05,
    3.7371670200469745e-05,
    2.3700857769627683e-05,
    0.0001131539265356555,
    0.0001246129833611014,
    0.00010939320304002827,
    0.0003348338927918785,
    0.0003421146510596196,
    4.349316347779534e-05
  ],
  "detuning_vector": [
    0.0,
    0.0,
    0.0,
    0.0,
    0.0,
    0.0,
    4312.890835057698,
    6925.490883582059,
    19307.73113535183,
    -6220.327427065415,
    -6143.688967058935,
    5798.358789683835,
    3419.1955308822935,
    12334.571497845038,
    290.78956606107795,
    11523.977749949989
  ],
  "omega_scales": [
    1.0,
    1.0,
    1.0,
    1.0,
    1.0,
    1.0,
    0.7680629270379221,
    0.8746830083504296,
    0.8087071835955552,
    0.7954613708458216,
    0.8044914531238795,
    0.8706365774259582,
    0.7620613148176122,
    1.1666423106935369,
    0.9753964566266822,
    0.9510613310012492
  ],
  "time_scales": [
    1.0,
    1.0,
    1.0,
    1.0,
    1.0,
    1.0,
    0.7382244877238107,
    1.3701581211817302,
    0.9313905636187196,
    1.294215526272804,
    1.279526867505941,
    0.953894299048757,
    0.8155027359967337,
    1.3294424616755172,
    1.554719200165768,
    0.9729760358792694
  ],
  "detuning_offsets": [
    0.0,
    0.0,
    0.0,
    0.0,
    0.0,
    0.0,
    -6308.007602442302,
    -3891.7532570429407,
    8562.350275976829,
    -1801.4861184716647,
    -3238.413576433935,
    2418.4532721057103,
    229.17306994479372,
    11539.170069622382,
    -113.67012021821893,
    -966.1443203625117
  ],
  "omega_lin_max_xyz": [
    20000.0,
    20000.0,
    10000.0
  ]
}