{
  "gen": 6,
  "fitness": 2578.199890710415,
  "score_list": [
    2613,
    3017,
    3240,
    2769,
    2167
  ],
  "num_pulses": 200,
  "unique_pairs": [
    [
      0,
      -3
    ],
    [
      0,
      -2
    ],
    [
      0,
      -1
    ],
    [
      1,
      -3
    ],
    [
      1,
      -2
    ],
    [
      1,
      -1
    ],
    [
      2,
      -5
    ],
    [
      2,
      -4
    ],
    [
      2,
      -3
    ],
    [
      2,
      -2
    ]
  ],
  "omega_vector": [
    34174.7661567697,
    17254.29952479394,
    12058.466735904309,
    14101.408388431404,
    10713.279283953045,
    3086.3468858635624,
    8818.986512520558,
    9955.500555960673,
    2671.897762308191,
    2829.460851443097
  ],
  "time_vector": [
    2.948712569725631e-05,
    7.240829039481081e-05,
    8.071691194593388e-05,
    7.393649650919071e-05,
    4.823174189302243e-05,
    2.4062018204374847e-05,
    6.914634826850182e-05,
    8.021696782892585e-05,
    0.0002222914477532038,
    0.00017212619577570114
  ],
  "omega_scales": [
    1.394544822879384,
    0.7040836494486203,
    0.8828317605771225,
    0.8383296306697834,
    0.6369051386914442,
    0.3107342669231503,
    1.9238612293281574,
    2.171791680481154,
    1.1319636489878806,
    1.1987160868389732
  ],
  "time_scales": [
    0.4212446528179473,
    1.0344041484972972,
    1.6143382389186776,
    1.0562356644170103,
    0.6890248841860347,
    0.48124036408749693,
    1.3829269653700365,
    1.6043393565785173,
    1.1114572387660189,
    0.8606309788785056
  ]
}