{
  "gen": 4,
  "score": 21256.0,
  "n_bar": 8.81720660802403,
  "num_pulses": 260,
  "good": 0.65254,
  "unique_pairs": [
    [
      0,
      -3
    ],
    [
      0,
      -2
    ],
    [
      0,
      -1
    ],
    [
      1,
      -3
    ],
    [
      1,
      -2
    ],
    [
      1,
      -1
    ],
    [
      2,
      -10
    ],
    [
      2,
      -9
    ],
    [
      2,
      -8
    ],
    [
      2,
      -7
    ],
    [
      2,
      -6
    ],
    [
      2,
      -5
    ],
    [
      2,
      -4
    ],
    [
      2,
      -3
    ],
    [
      2,
      -2
    ],
    [
      2,
      -1
    ]
  ],
  "omega_vector": [
    17800.914353285174,
    28099.242029174184,
    8287.63314382431,
    12643.157285767047,
    11846.206653884705,
    12217.372872740349,
    9094.09527643433,
    18416.446665801664,
    16307.80025912364,
    9914.683611673054,
    15477.284572477984,
    10282.244809924367,
    4941.534270990604,
    3780.0128679832205,
    1857.6073343367902,
    1182.118650742958
  ],
  "time_vector": [
    8.42471468281939e-05,
    8.201335148503014e-05,
    8.15730470658321e-05,
    0.00010658564107800525,
    0.00012957592023179915,
    0.00010155754010074889,
    1.0480990606146472e-05,
    4.889024243479589e-05,
    4.8528032992370155e-05,
    2.4081722601039977e-05,
    8.959065822570624e-05,
    0.00016753184597864532,
    0.00012445576148345145,
    5.74550103972729e-05,
    4.29452184298817e-05,
    5.6630165519288954e-05
  ],
  "omega_scales": [
    0.992410848790841,
    1.5203318696529133,
    0.9111926404713417,
    0.8979248396774021,
    0.9204720186038016,
    1.5281985371461833,
    0.9667973919001083,
    1.1218766325334129,
    1.2397093294599608,
    0.8578013929279791,
    1.8040779603918975,
    0.7962137195102703,
    0.9704737417608946,
    0.6128467876439531,
    0.4353336223813574,
    1.4700769560348488
  ],
  "time_scales": [
    1.0690042186767492,
    0.726311474737191,
    0.6867484937430041,
    1.353013840800979,
    1.137904453832215,
    0.7495203796321883,
    0.2602510523791147,
    1.4407804983931274,
    1.2103992380718895,
    0.9144138670444547,
    1.3355688127490206,
    1.5841774373982365,
    1.395159857129215,
    0.47042415644832425,
    0.30454808599436456,
    1.3350536707221232
  ]
}