{
  "gen": 3,
  "score": 3421.9769140074573,
  "score_SLM": 3622,
  "score_AOD": 3233,
  "survive_SLM": 0.7196,
  "survive_AOD": 0.7234,
  "nzbar_SLM": 17.847137298499167,
  "nzbar_AOD": 14.893281725186618,
  "num_pulses": 260,
  "unique_pairs": [
    [
      0,
      -3
    ],
    [
      0,
      -2
    ],
    [
      0,
      -1
    ],
    [
      1,
      -3
    ],
    [
      1,
      -2
    ],
    [
      1,
      -1
    ],
    [
      2,
      -10
    ],
    [
      2,
      -9
    ],
    [
      2,
      -8
    ],
    [
      2,
      -7
    ],
    [
      2,
      -6
    ],
    [
      2,
      -5
    ],
    [
      2,
      -4
    ],
    [
      2,
      -3
    ],
    [
      2,
      -2
    ],
    [
      2,
      -1
    ]
  ],
  "omega_vector": [
    20508.373046875,
    17760.42578125,
    5926.83544921875,
    25809.142578125,
    10060.341796875,
    4332.263671875,
    13549.906844894858,
    21651.662053974625,
    25190.78471644555,
    14452.229307742387,
    12605.621717403423,
    29919.649263294094,
    9807.238347133703,
    1326.409856820528,
    5536.2380743882695,
    276.25783522583913
  ],
  "time_vector": [
    6.814449443481863e-05,
    7.641866250196472e-05,
    0.0001462052168790251,
    5.634267290588468e-05,
    0.00013017933815717697,
    0.0001981102832360193,
    1.529376962789348e-05,
    4.6294323931148155e-05,
    4.5334873666536716e-05,
    1.5080499017276409e-05,
    7.889279750628362e-05,
    6.763484998188416e-05,
    0.00012788934593731792,
    0.00020524498470678238,
    0.0002190902372478487,
    7.191271700853749e-05
  ],
  "detuning_vector": [
    0.0,
    0.0,
    0.0,
    0.0,
    0.0,
    0.0,
    2923.143867615572,
    -687.033579607132,
    -2627.720595588259,
    -14977.821296305308,
    7491.2175332857305,
    -7798.765875438283,
    7747.809563101326,
    6544.2462287338285,
    -426.4368956162625,
    -6005.927643304303
  ],
  "omega_scales": [
    1.0,
    1.0,
    1.0,
    1.0,
    1.0,
    1.0,
    0.9838502716095736,
    1.2535683576578418,
    1.0319764384492736,
    0.959157626658989,
    1.2359121217227595,
    1.2180781672194738,
    1.5262635710316221,
    0.6498432018480467,
    1.0036089204201566,
    1.4801427269148417
  ],
  "time_scales": [
    1.0,
    1.0,
    1.0,
    1.0,
    1.0,
    1.0,
    0.9597819638120736,
    1.1279567747972303,
    0.9269087668176146,
    0.8843442470133087,
    1.3235844589333026,
    0.6907188350492981,
    0.9803231197395366,
    1.213859637208512,
    1.3084649121676921,
    1.421021362457683
  ],
  "detuning_offsets": [
    0.0,
    0.0,
    0.0,
    0.0,
    0.0,
    0.0,
    3141.346519593111,
    -1384.2150371266632,
    -3716.6125633616966,
    -14112.775153727183,
    7765.150852377527,
    -8945.108282664845,
    7429.818840445076,
    5531.242200413516,
    -870.0711729600125,
    -5647.430939202741
  ]
}