{
  "gen": 32,
  "score": 26545.0,
  "n_bar": 7.398090418963284,
  "num_pulses": 260,
  "good": 0.66402,
  "unique_pairs": [
    [
      0,
      -3
    ],
    [
      0,
      -2
    ],
    [
      0,
      -1
    ],
    [
      1,
      -3
    ],
    [
      1,
      -2
    ],
    [
      1,
      -1
    ],
    [
      2,
      -10
    ],
    [
      2,
      -9
    ],
    [
      2,
      -8
    ],
    [
      2,
      -7
    ],
    [
      2,
      -6
    ],
    [
      2,
      -5
    ],
    [
      2,
      -4
    ],
    [
      2,
      -3
    ],
    [
      2,
      -2
    ],
    [
      2,
      -1
    ]
  ],
  "omega_vector": [
    15454.92860000184,
    22411.056389196743,
    7438.716041419645,
    13920.75181728107,
    10209.96057380724,
    8142.231083608282,
    5709.315505258573,
    24068.37309487716,
    11175.397707197248,
    8063.024368053697,
    14830.775474728076,
    15165.218820862445,
    2850.4189683924833,
    570.5537070876197,
    1735.907713322112,
    788.577727220724
  ],
  "time_vector": [
    7.488423940230633e-05,
    6.749929618854048e-05,
    0.00012027388665313228,
    8.701159008007016e-05,
    0.00012160724393863832,
    0.00012547427998758112,
    3.604573996628221e-05,
    4.7245132962024324e-05,
    5.988452432329831e-05,
    2.9495481278417843e-05,
    7.839430090617805e-05,
    0.00016566527627369203,
    0.0001630268578373234,
    8.400271574356794e-05,
    1.0925338021924385e-05,
    5.7908676456356996e-05
  ],
  "omega_scales": [
    0.8616208418023816,
    1.2125680552417988,
    0.8178575467651494,
    0.9886603924316093,
    0.7933326923818027,
    1.0184632785366903,
    0.606959919841862,
    1.4661756335645002,
    0.849547123333628,
    0.6975990162697263,
    1.7287189522285733,
    1.174330655198129,
    0.5597971419689345,
    0.09250286143961053,
    0.4068130971446968,
    0.98067139377331
  ],
  "time_scales": [
    0.9501991562600349,
    0.5977747826507236,
    1.0125637507324718,
    1.1045379518079395,
    1.06792546214214,
    0.926031980265282,
    0.8950434279091426,
    1.3922996251544189,
    1.4936558962654467,
    1.1199812215663767,
    1.168659606493569,
    1.5665271954717253,
    1.8275451853531761,
    0.6877886962302593,
    0.07747756106657422,
    1.3651945100422853
  ]
}