{
  "gen": 12,
  "score": 3708.8441595731683,
  "score_SLM": 3675,
  "score_AOD": 3743,
  "survive_SLM": 0.704,
  "survive_AOD": 0.7224,
  "nzbar_SLM": 16.019886363636363,
  "nzbar_AOD": 13.8531284606866,
  "num_pulses": 260,
  "unique_pairs": [
    [
      0,
      -3
    ],
    [
      0,
      -2
    ],
    [
      0,
      -1
    ],
    [
      1,
      -3
    ],
    [
      1,
      -2
    ],
    [
      1,
      -1
    ],
    [
      2,
      -10
    ],
    [
      2,
      -9
    ],
    [
      2,
      -8
    ],
    [
      2,
      -7
    ],
    [
      2,
      -6
    ],
    [
      2,
      -5
    ],
    [
      2,
      -4
    ],
    [
      2,
      -3
    ],
    [
      2,
      -2
    ],
    [
      2,
      -1
    ]
  ],
  "omega_vector": [
    20508.373046875,
    17760.42578125,
    5926.83544921875,
    25809.142578125,
    10060.341796875,
    4332.263671875,
    13944.638359157118,
    18624.204764496655,
    28882.3176300675,
    12070.444567081744,
    8180.098863298348,
    42217.85805378032,
    7694.7522105033895,
    1911.7160543772359,
    5586.258475095978,
    174.75464067544866
  ],
  "time_vector": [
    6.814449443481863e-05,
    7.641866250196472e-05,
    0.0001462052168790251,
    5.634267290588468e-05,
    0.00013017933815717697,
    0.0001981102832360193,
    1.7412401997994678e-05,
    4.477582964725446e-05,
    6.215050117763246e-05,
    1.3491690138493623e-05,
    5.273059376592409e-05,
    8.098566270539442e-05,
    0.00015283947892782816,
    0.00020064008612084914,
    0.0001735822454873531,
    4.684573044274317e-05
  ],
  "detuning_vector": [
    0.0,
    0.0,
    0.0,
    0.0,
    0.0,
    0.0,
    -2395.6786183486565,
    -2276.2491418236154,
    6088.8919677734375,
    3762.121039245052,
    -755.9680765696571,
    -2219.9000698030777,
    2824.6881424992907,
    2084.289406931607,
    943.5833106513558,
    -5358.4967041015625
  ],
  "omega_scales": [
    1.0,
    1.0,
    1.0,
    1.0,
    1.0,
    1.0,
    1.0125114802780377,
    1.0782873721709338,
    1.1832053513830898,
    0.8010846435628243,
    0.8020138608540988,
    1.718758489096636,
    1.1975053089679193,
    0.9366001582487569,
    1.0126766157899576,
    0.9363057890427884
  ],
  "time_scales": [
    1.0,
    1.0,
    1.0,
    1.0,
    1.0,
    1.0,
    1.0927397097599987,
    1.0909588068053844,
    1.270718097228942,
    0.7911739885261344,
    0.8846611683828747,
    0.8270636013024111,
    1.1715758940180248,
    1.1866253516307743,
    1.0366791348102868,
    0.925688619040346
  ],
  "detuning_offsets": [
    0.0,
    0.0,
    0.0,
    0.0,
    0.0,
    0.0,
    -2177.4759663711175,
    -2973.4305993431467,
    5000.0,
    4627.167181823177,
    -482.03475747786024,
    -3366.24247702964,
    2506.6974198430407,
    1071.2853786112944,
    499.94903330760576,
    -5000.0
  ]
}