{
  "gen": 39,
  "score": 18207.0,
  "n_bar": 17.544945948308516,
  "num_pulses": 260,
  "good": 0.68638,
  "unique_pairs": [
    [
      0,
      -3
    ],
    [
      0,
      -2
    ],
    [
      0,
      -1
    ],
    [
      1,
      -3
    ],
    [
      1,
      -2
    ],
    [
      1,
      -1
    ],
    [
      2,
      -10
    ],
    [
      2,
      -9
    ],
    [
      2,
      -8
    ],
    [
      2,
      -7
    ],
    [
      2,
      -6
    ],
    [
      2,
      -5
    ],
    [
      2,
      -4
    ],
    [
      2,
      -3
    ],
    [
      2,
      -2
    ],
    [
      2,
      -1
    ]
  ],
  "omega_vector": [
    21880.81486620428,
    17039.626125120976,
    8659.775902713443,
    12773.220318139975,
    10635.675519470245,
    7500.588863453293,
    14397.059520500683,
    22183.8263538895,
    14743.1093855283,
    12010.40856639229,
    13106.026077411376,
    22977.527368549818,
    6079.035750026827,
    4114.58870185656,
    4149.590865177174,
    822.0398920423542
  ],
  "time_vector": [
    6.426786070740816e-05,
    0.00010577893322119562,
    0.00013448818242611777,
    0.0001055718602382318,
    0.00010829707672733893,
    0.0001361336281555299,
    3.0219765783535447e-05,
    2.5646873600425037e-05,
    5.915462730834789e-05,
    3.039812179161028e-05,
    3.127845122756595e-05,
    0.00015235286346616103,
    0.00014735666264343564,
    0.0002254065713677459,
    0.0002689916459684214,
    5.607571265852076e-05
  ],
  "omega_scales": [
    1.2198675653757955,
    0.9219425427239241,
    0.9521082718970837,
    0.9071619965719769,
    0.8264115257023181,
    0.9382040679497792,
    1.5305579249339192,
    1.351374500099538,
    1.120762454780663,
    1.0391199156124091,
    1.527677073058674,
    1.7792829162756199,
    1.1938689983918962,
    0.6670909746808007,
    0.9724640882639053,
    1.0222847778210125
  ],
  "time_scales": [
    0.8154889133712147,
    0.9367798241733469,
    1.1322312948887832,
    1.3401447573683574,
    0.951038786563106,
    1.0047006707194508,
    0.7503800111416257,
    0.755805524538512,
    1.4754506087998318,
    1.1542556385544556,
    0.466282141441417,
    1.4406453138281,
    1.651880941068283,
    1.8455604734972584,
    1.9075672198969444,
    1.3219824688242792
  ]
}