{
  "gen": 20,
  "fitness": 2409.381661201481,
  "score_list": [
    2243,
    2729,
    3374,
    2577,
    2190
  ],
  "num_pulses": 200,
  "unique_pairs": [
    [
      0,
      -3
    ],
    [
      0,
      -2
    ],
    [
      0,
      -1
    ],
    [
      1,
      -3
    ],
    [
      1,
      -2
    ],
    [
      1,
      -1
    ],
    [
      2,
      -5
    ],
    [
      2,
      -4
    ],
    [
      2,
      -3
    ],
    [
      2,
      -2
    ]
  ],
  "omega_vector": [
    29186.408125515733,
    17450.060340973294,
    4858.334855664107,
    20761.503938471174,
    10670.223611846208,
    3352.245496097539,
    6876.005174968068,
    6876.005174968068,
    3032.3583679186486,
    2566.1484509869324
  ],
  "time_vector": [
    6.628052953153118e-05,
    6.685379740803066e-05,
    2.4496138626852707e-05,
    7.583237831577659e-05,
    8.854616486037881e-05,
    2.3703771548802884e-05,
    6.091769144800528e-05,
    7.439365567884431e-05,
    0.00023072370480185358,
    0.00014835428503118253
  ],
  "omega_scales": [
    1.190988525369035,
    0.712071918672563,
    0.3556913501555129,
    1.2342727371236617,
    0.6343454762306948,
    0.33750501330470006,
    1.5,
    1.5,
    1.2846746951211385,
    1.0871623927385556
  ],
  "time_scales": [
    0.9468647075933028,
    0.9550542486861522,
    0.48992277253705413,
    1.0833196902253799,
    1.2649452122911258,
    0.47407543097605764,
    1.2183538289601055,
    1.4878731135768866,
    1.1536185240092678,
    0.7417714251559127
  ]
}