{
  "gen": 11,
  "score": 3717.0552861102296,
  "score_SLM": 3660,
  "score_AOD": 3775,
  "survive_SLM": 0.7089,
  "survive_AOD": 0.7207,
  "nzbar_SLM": 15.03357314148681,
  "nzbar_AOD": 11.563757458026918,
  "num_pulses": 260,
  "unique_pairs": [
    [
      0,
      -3
    ],
    [
      0,
      -2
    ],
    [
      0,
      -1
    ],
    [
      1,
      -3
    ],
    [
      1,
      -2
    ],
    [
      1,
      -1
    ],
    [
      2,
      -10
    ],
    [
      2,
      -9
    ],
    [
      2,
      -8
    ],
    [
      2,
      -7
    ],
    [
      2,
      -6
    ],
    [
      2,
      -5
    ],
    [
      2,
      -4
    ],
    [
      2,
      -3
    ],
    [
      2,
      -2
    ],
    [
      2,
      -1
    ]
  ],
  "omega_vector": [
    20508.373046875,
    17760.42578125,
    5926.83544921875,
    25809.142578125,
    10060.341796875,
    4332.263671875,
    14533.368406858586,
    18807.917493142962,
    26161.460299138238,
    23024.897290656525,
    13979.92059970618,
    46311.92195417432,
    9576.903726358256,
    1991.9181579846033,
    3961.4062772775615,
    126.99949167660407
  ],
  "time_vector": [
    6.814449443481863e-05,
    7.641866250196472e-05,
    0.0001462052168790251,
    5.634267290588468e-05,
    0.00013017933815717697,
    0.0001981102832360193,
    2.3406734864853474e-05,
    4.032641375198214e-05,
    5.135928624619741e-05,
    1.6199608072763686e-05,
    5.652432461695926e-05,
    8.54262330224823e-05,
    0.00012457892365166196,
    0.00019652115561297716,
    0.000172800770840657,
    3.2284398890220264e-05
  ],
  "detuning_vector": [
    0.0,
    0.0,
    0.0,
    0.0,
    0.0,
    0.0,
    -5218.202651977539,
    3378.188601501354,
    2992.6498510930837,
    -5865.046142578125,
    863.5784959224366,
    1900.0337835876971,
    -4682.00927734375,
    -3986.9959716796875,
    914.8703500920456,
    -5358.4967041015625
  ],
  "omega_scales": [
    1.0,
    1.0,
    1.0,
    1.0,
    1.0,
    1.0,
    1.0552588012719115,
    1.0889238056676278,
    1.0717415486668571,
    1.5281037526537118,
    1.3706545950085505,
    1.885434569032818,
    1.4904174614140564,
    0.9758932858858599,
    0.718123502613905,
    0.6804417828487548
  ],
  "time_scales": [
    1.0,
    1.0,
    1.0,
    1.0,
    1.0,
    1.0,
    1.4689224763817703,
    0.9825492140780535,
    1.0500828353302534,
    0.9499705670619282,
    0.9483085906384492,
    0.8724127897340401,
    0.9549474054535309,
    1.162265177865187,
    1.0320119612849155,
    0.6379514278630525
  ],
  "detuning_offsets": [
    0.0,
    0.0,
    0.0,
    0.0,
    0.0,
    0.0,
    -5000.0,
    2681.0071439818225,
    1903.7578833196462,
    -5000.0,
    1137.5118150142334,
    753.6913763611346,
    -5000.0,
    -5000.0,
    471.2360727482955,
    -5000.0
  ]
}