{
  "gen": 30,
  "score": 16954.36274237401,
  "score_SLM": 17102,
  "score_AOD": 16808,
  "survive_SLM": 0.7066,
  "survive_AOD": 0.73922,
  "nzbar_SLM": 17.038947070478347,
  "nzbar_AOD": 20.107789291415276,
  "num_pulses": 260,
  "unique_pairs": [
    [
      0,
      -3
    ],
    [
      0,
      -2
    ],
    [
      0,
      -1
    ],
    [
      1,
      -3
    ],
    [
      1,
      -2
    ],
    [
      1,
      -1
    ],
    [
      2,
      -10
    ],
    [
      2,
      -9
    ],
    [
      2,
      -8
    ],
    [
      2,
      -7
    ],
    [
      2,
      -6
    ],
    [
      2,
      -5
    ],
    [
      2,
      -4
    ],
    [
      2,
      -3
    ],
    [
      2,
      -2
    ],
    [
      2,
      -1
    ]
  ],
  "omega_vector": [
    20508.372383031718,
    17760.426071891277,
    5926.835363507716,
    25809.142203429703,
    10060.341588571036,
    4332.263798358693,
    13772.32658704082,
    17272.02320267045,
    24410.23153808521,
    15067.627327317286,
    10199.448578620682,
    24562.99583280586,
    6425.65195232272,
    2041.1229820252706,
    5516.330184747587,
    186.64270678353517
  ],
  "time_vector": [
    6.814449687054338e-05,
    7.641866526393968e-05,
    0.0001462052201022678,
    5.63426718669889e-05,
    0.00013017933898343547,
    0.00019811028446971022,
    1.593462913288074e-05,
    4.104263942645216e-05,
    4.890974576277219e-05,
    1.7052746673778222e-05,
    5.960541391132654e-05,
    9.791951003952426e-05,
    0.000130456322313442,
    0.00016908460750629512,
    0.0001674406671839827,
    5.060635755997077e-05
  ],
  "detuning_vector": [
    1122.4570401415322,
    2715.606256545999,
    -387.44962050900466,
    290.3216939372241,
    693.5173568403898,
    -663.4235258875301,
    -218.20265004212723,
    697.1814618155295,
    1088.891965692172,
    -865.0461214622676,
    -273.93332204887855,
    1146.3423791626035,
    317.99072860465355,
    1013.0040036513097,
    443.6342690035979,
    -358.4966935920758
  ],
  "omega_scales": [
    1.1134501265367056,
    1.2217530228456055,
    0.7556970258459168,
    1.389660749488484,
    0.852185288686597,
    0.7656614776500288,
    0.9789408178479133,
    0.9259099066206764,
    1.1971769096263074,
    1.2884266790724597,
    0.9709866706982053,
    1.6697415489684762,
    1.2751442554444932,
    0.9020396246360183,
    1.3792665639053554,
    0.3162668871391814
  ],
  "time_scales": [
    0.8920275503197672,
    0.8136802106917245,
    1.0872148582070467,
    0.8046573813838138,
    1.2445358068972674,
    1.2474118073770228,
    0.5985243497703284,
    0.9595222752927867,
    1.1923003800521663,
    0.7811162359192811,
    1.2117682995758479,
    0.669329341374129,
    1.1265539671399123,
    0.9068254582937167,
    0.7593337547595529,
    1.0683161348971093
  ],
  "detuning_offsets": [
    1122.4570401415322,
    2715.606256545999,
    -387.44962050900466,
    290.3216939372241,
    693.5173568403898,
    -663.4235258875301,
    -218.20265004212723,
    697.1814618155295,
    1088.891965692172,
    -865.0461214622676,
    -273.93332204887855,
    1146.3423791626035,
    317.99072860465355,
    1013.0040036513097,
    443.6342690035979,
    -358.4966935920758
  ]
}