{
  "gen": 10,
  "score": 3615.983268766602,
  "score_SLM": 4095,
  "score_AOD": 3193,
  "survive_SLM": 0.7051,
  "survive_AOD": 0.7155,
  "nzbar_SLM": 14.244362501772798,
  "nzbar_AOD": 15.49853249475891,
  "num_pulses": 260,
  "unique_pairs": [
    [
      0,
      -3
    ],
    [
      0,
      -2
    ],
    [
      0,
      -1
    ],
    [
      1,
      -3
    ],
    [
      1,
      -2
    ],
    [
      1,
      -1
    ],
    [
      2,
      -10
    ],
    [
      2,
      -9
    ],
    [
      2,
      -8
    ],
    [
      2,
      -7
    ],
    [
      2,
      -6
    ],
    [
      2,
      -5
    ],
    [
      2,
      -4
    ],
    [
      2,
      -3
    ],
    [
      2,
      -2
    ],
    [
      2,
      -1
    ]
  ],
  "omega_vector": [
    20508.373046875,
    17760.42578125,
    5926.83544921875,
    25809.142578125,
    10060.341796875,
    4332.263671875,
    19995.848049499877,
    19719.398763039735,
    34454.23143293592,
    20512.42934226985,
    8672.020491238605,
    41638.45450193128,
    6458.229207194771,
    1239.3637569377338,
    5337.4475212676225,
    182.33306933282165
  ],
  "time_vector": [
    6.814449443481863e-05,
    7.641866250196472e-05,
    0.0001462052168790251,
    5.634267290588468e-05,
    0.00013017933815717697,
    0.0001981102832360193,
    1.8590716007601137e-05,
    3.026159987736712e-05,
    4.971362640321587e-05,
    1.9949652455168877e-05,
    5.0468987745677674e-05,
    7.428145180866951e-05,
    0.00015567922542811382,
    0.00025129546530633335,
    0.00021131427823985256,
    3.544428804880262e-05
  ],
  "detuning_vector": [
    0.0,
    0.0,
    0.0,
    0.0,
    0.0,
    0.0,
    -648.0841964011782,
    -921.0786693691964,
    -3196.299726448263,
    -5223.1810664347995,
    -1838.604904196874,
    6146.3424072265625,
    1722.9364931871114,
    -442.8164436886584,
    -579.6924191900758,
    -2102.6742057919973
  ],
  "omega_scales": [
    1.0,
    1.0,
    1.0,
    1.0,
    1.0,
    1.0,
    1.4518860358052057,
    1.1416959243018474,
    1.4114667503968577,
    1.3613576581158726,
    0.8502440803973036,
    1.695170016841964,
    1.0050698905665572,
    0.607197019775929,
    0.9675721803583263,
    0.9769097272061482
  ],
  "time_scales": [
    1.0,
    1.0,
    1.0,
    1.0,
    1.0,
    1.0,
    1.1666864581185417,
    0.7373209866644815,
    1.016435966765464,
    1.1698790841358908,
    0.8467182043196504,
    0.7585970527442201,
    1.1933436896700091,
    1.4862113331766589,
    1.2620248258898763,
    0.7003919833605019
  ],
  "detuning_offsets": [
    0.0,
    0.0,
    0.0,
    0.0,
    0.0,
    0.0,
    -429.8815444236392,
    -1618.2601268887277,
    -4285.1916942217,
    -4358.1349238566745,
    -1564.6715851050772,
    5000.0,
    1404.9457705308614,
    -1455.820472008971,
    -1023.3266965338258,
    -1744.177501690435
  ]
}