{
  "gen": 16,
  "fitness": 2360.5220235042516,
  "score_list": [
    2149,
    2810,
    2965,
    2707,
    2074
  ],
  "num_pulses": 200,
  "unique_pairs": [
    [
      0,
      -3
    ],
    [
      0,
      -2
    ],
    [
      0,
      -1
    ],
    [
      1,
      -3
    ],
    [
      1,
      -2
    ],
    [
      1,
      -1
    ],
    [
      2,
      -5
    ],
    [
      2,
      -4
    ],
    [
      2,
      -3
    ],
    [
      2,
      -2
    ]
  ],
  "omega_vector": [
    34996.78851512918,
    9036.53963919346,
    5589.1063634126795,
    17068.880013454276,
    3735.337326158598,
    993.243170901028,
    6876.005174968068,
    6666.709217297324,
    3540.614265348371,
    3540.614265348371
  ],
  "time_vector": [
    0.00010590652530444602,
    6.729308628024939e-05,
    2.076914432523533e-05,
    9.684230747839412e-05,
    0.0001478228744018949,
    6.989553836773926e-05,
    6.221809986964793e-05,
    6.784262550226991e-05,
    0.00012690479959786636,
    0.00014755845489088893
  ],
  "omega_scales": [
    1.428088491294924,
    0.36874749962510767,
    0.4091930358088248,
    1.0147460085877067,
    0.22206604296593424,
    0.1,
    1.5,
    1.454342102933689,
    1.5,
    1.5
  ],
  "time_scales": [
    1.512950361492086,
    0.9613298040035627,
    0.41538288650470656,
    1.3834615354056305,
    2.111755348598498,
    1.397910767354785,
    1.2443619973929585,
    1.3568525100453985,
    0.6345239979893318,
    0.7377922744544446
  ]
}