{
  "gen": 19,
  "fitness": 2420.626945931749,
  "score_list": [
    2339,
    2983,
    3764,
    2745,
    1866
  ],
  "num_pulses": 200,
  "unique_pairs": [
    [
      0,
      -3
    ],
    [
      0,
      -2
    ],
    [
      0,
      -1
    ],
    [
      1,
      -3
    ],
    [
      1,
      -2
    ],
    [
      1,
      -1
    ],
    [
      2,
      -5
    ],
    [
      2,
      -4
    ],
    [
      2,
      -3
    ],
    [
      2,
      -2
    ]
  ],
  "omega_vector": [
    26915.8539690357,
    23657.984136346786,
    1365.885016191701,
    18355.719688002773,
    15253.662267984773,
    1866.1197067852536,
    6876.005174968068,
    6846.972850168282,
    3540.614265348371,
    3540.614265348371
  ],
  "time_vector": [
    6.652093313528178e-05,
    4.556225869286596e-05,
    3.631248057132187e-05,
    5.971951499949828e-05,
    8.825795506849816e-05,
    3.073639730678188e-05,
    8.071310269043658e-05,
    9.39241465035063e-05,
    0.00022811642280887414,
    0.0001484767248892544
  ],
  "omega_scales": [
    1.0983356735700984,
    0.9653941491731197,
    0.1,
    1.091248709550576,
    0.9068311975115939,
    0.18788145355103616,
    1.5,
    1.493666600578165,
    1.5,
    1.5
  ],
  "time_scales": [
    0.9502990447897397,
    0.6508894098980851,
    0.7262496114264374,
    0.8531359285642612,
    1.2608279295499736,
    0.6147279461356375,
    1.6142620538087316,
    1.8784829300701265,
    1.1405821140443706,
    0.7423836244462719
  ]
}