{
  "gen": 9,
  "score": 12738.0,
  "n_bar": 32.233927002635575,
  "num_pulses": 260,
  "good": 0.75126,
  "unique_pairs": [
    [
      0,
      -3
    ],
    [
      0,
      -2
    ],
    [
      0,
      -1
    ],
    [
      1,
      -3
    ],
    [
      1,
      -2
    ],
    [
      1,
      -1
    ],
    [
      2,
      -10
    ],
    [
      2,
      -9
    ],
    [
      2,
      -8
    ],
    [
      2,
      -7
    ],
    [
      2,
      -6
    ],
    [
      2,
      -5
    ],
    [
      2,
      -4
    ],
    [
      2,
      -3
    ],
    [
      2,
      -2
    ],
    [
      2,
      -1
    ]
  ],
  "omega_vector": [
    18415.82800397569,
    16470.57647179476,
    6712.4698172087155,
    17834.490363761197,
    9233.756190871858,
    7223.565648886096,
    10355.90534726833,
    19474.21213315989,
    9430.863983791214,
    6911.253324241631,
    8907.76583864961,
    8229.230218267136,
    1937.815854544143,
    6308.242235238198,
    3072.673505530559,
    1548.2289362078952
  ],
  "time_vector": [
    0.00010256911464102225,
    6.0343752823370443e-05,
    9.154116211870226e-05,
    7.73731106732407e-05,
    8.667157922940696e-05,
    0.00013732632674803467,
    2.741631741797996e-05,
    4.069427712923565e-05,
    2.250008311975032e-05,
    2.1390718905634082e-05,
    6.794149712804665e-05,
    8.427918923049019e-05,
    0.00010924929783772227,
    0.00011881616690865924,
    0.0001822007109377578,
    6.880270784242874e-05
  ],
  "omega_scales": [
    1.1509892502484806,
    1.2669674209072892,
    0.7458299796898573,
    1.1146556477350749,
    0.7102889377593736,
    0.8026184054317884,
    0.8629921122723608,
    1.6228510110966576,
    1.0478737759768015,
    0.7679170360268479,
    1.484627639774935,
    1.3715383697111891,
    0.4844539636360357,
    1.5770605588095497,
    1.0242245018435197,
    0.5160763120692984
  ],
  "time_scales": [
    1.282113933012778,
    0.6704861424818938,
    0.7628430176558519,
    0.9671638834155087,
    0.9630175469934107,
    1.1443860562336219,
    0.9138772472659988,
    1.3564759043078551,
    0.7500027706583441,
    0.7130239635211362,
    1.358829942560933,
    1.6855837846098036,
    1.560704254824604,
    1.6973738129808464,
    2.0244523437528645,
    0.7644745315825414
  ]
}