{
  "gen": 24,
  "score": 3800.0459207751687,
  "score_SLM": 4037,
  "score_AOD": 3577,
  "survive_SLM": 0.7062,
  "survive_AOD": 0.7258,
  "nzbar_SLM": 13.636222033418296,
  "nzbar_AOD": 13.75544227059796,
  "num_pulses": 260,
  "unique_pairs": [
    [
      0,
      -3
    ],
    [
      0,
      -2
    ],
    [
      0,
      -1
    ],
    [
      1,
      -3
    ],
    [
      1,
      -2
    ],
    [
      1,
      -1
    ],
    [
      2,
      -10
    ],
    [
      2,
      -9
    ],
    [
      2,
      -8
    ],
    [
      2,
      -7
    ],
    [
      2,
      -6
    ],
    [
      2,
      -5
    ],
    [
      2,
      -4
    ],
    [
      2,
      -3
    ],
    [
      2,
      -2
    ],
    [
      2,
      -1
    ]
  ],
  "omega_vector": [
    20508.373046875,
    17760.42578125,
    5926.83544921875,
    25809.142578125,
    10060.341796875,
    4332.263671875,
    15098.282340222313,
    15122.77451750464,
    29643.03583179908,
    17719.7050286391,
    11545.289848351702,
    42755.92197493878,
    10448.590741070053,
    1445.521193193252,
    3312.4901972600483,
    170.76433476021407
  ],
  "time_vector": [
    6.814449443481863e-05,
    7.641866250196472e-05,
    0.0001462052168790251,
    5.634267290588468e-05,
    0.00013017933815717697,
    0.0001981102832360193,
    1.9148658376277514e-05,
    3.3155295092077154e-05,
    5.158666929556479e-05,
    2.178995418606875e-05,
    5.4625477330321644e-05,
    9.801276908952348e-05,
    0.0001430696624042276,
    0.0002067564396900987,
    0.0002533976761211103,
    6.275658654347673e-05
  ],
  "detuning_vector": [
    0.0,
    0.0,
    0.0,
    0.0,
    0.0,
    0.0,
    -1087.361054848348,
    3979.9089960936753,
    -2770.412674197734,
    -3696.468338792498,
    -4426.265155546766,
    -2994.870059026369,
    -2112.1275181303713,
    1968.3289372032418,
    394.3372674005795,
    -3659.0280640034334
  ],
  "omega_scales": [
    1.0,
    1.0,
    1.0,
    1.0,
    1.0,
    1.0,
    1.0962768490812467,
    0.8755647288360531,
    1.2143692579196728,
    1.176011662869319,
    1.131952393326284,
    1.7406639569436697,
    1.62607482884051,
    0.7081989896966014,
    0.6004880328673087,
    0.914926405273378
  ],
  "time_scales": [
    1.0,
    1.0,
    1.0,
    1.0,
    1.0,
    1.0,
    1.2017009140264885,
    0.8078255938056265,
    1.0547318687307792,
    1.2777972801203539,
    0.9164516298267725,
    1.0009524040284647,
    1.096686332706223,
    1.2227986824199037,
    1.5133580217644391,
    1.2400929046056977
  ],
  "detuning_offsets": [
    0.0,
    0.0,
    0.0,
    0.0,
    0.0,
    0.0,
    -869.158402870809,
    3282.727538574144,
    -3859.3046419711713,
    -2831.422196214373,
    -4152.33183645497,
    -4141.212466252931,
    -2430.1182407866213,
    955.3249088829293,
    -49.29700994317051,
    -3300.531359901871
  ]
}