{
  "gen": 20,
  "score": 2420.4964707218796,
  "score_SLM": 2809,
  "score_AOD": 2673,
  "survive_SLM": 0.7227,
  "survive_AOD": 0.7418,
  "nzbar_SLM": 34.59914210599142,
  "nzbar_AOD": 26.97802642221623,
  "num_pulses": 260,
  "unique_pairs": [
    [
      0,
      -3
    ],
    [
      0,
      -2
    ],
    [
      0,
      -1
    ],
    [
      1,
      -3
    ],
    [
      1,
      -2
    ],
    [
      1,
      -1
    ],
    [
      2,
      -10
    ],
    [
      2,
      -9
    ],
    [
      2,
      -8
    ],
    [
      2,
      -7
    ],
    [
      2,
      -6
    ],
    [
      2,
      -5
    ],
    [
      2,
      -4
    ],
    [
      2,
      -3
    ],
    [
      2,
      -2
    ],
    [
      2,
      -1
    ]
  ],
  "omega_vector": [
    20000.0,
    17760.42578125,
    5926.83544921875,
    20000.0,
    10060.341796875,
    4332.263671875,
    8939.687212681769,
    7454.403997075243,
    6512.239804935615,
    5911.673633772801,
    7030.004145888705,
    9999.999999999998,
    8123.986414450144,
    3972.0117780820638,
    5742.080668954064,
    86.30912591670477
  ],
  "time_vector": [
    6.814449443481863e-05,
    7.641866250196472e-05,
    0.0001462052168790251,
    5.634267290588468e-05,
    0.00013017933815717697,
    0.0001981102832360193,
    1.4542728942190455e-05,
    3.704308180513038e-05,
    5.1614476864508355e-05,
    3.323052436716243e-05,
    0.0001116777595900924,
    0.00014635816685514398,
    0.00014505308869559345,
    0.00020173193671938836,
    0.00022734117846818052,
    6.420537371834539e-05
  ],
  "detuning_vector": [
    0.0,
    0.0,
    0.0,
    0.0,
    0.0,
    0.0,
    22477.46307764139,
    4431.702216578897,
    22137.997960679786,
    -20791.94894460184,
    -1355.9705889835586,
    -5128.156961846629,
    -587.6627893693167,
    2557.8767189842074,
    -1210.3605844627518,
    15743.781767886594
  ],
  "omega_scales": [
    1.0,
    1.0,
    1.0,
    1.0,
    1.0,
    1.0,
    0.893968721268177,
    0.7454403997075243,
    0.6512239804935616,
    0.59116736337728,
    0.7030004145888705,
    0.9999999999999998,
    0.883955344527065,
    1.2587317011955275,
    1.3515802991573984,
    1.3106379368750924
  ],
  "time_scales": [
    1.0,
    1.0,
    1.0,
    1.0,
    1.0,
    1.0,
    0.7907759618983536,
    0.8605599168633353,
    1.2863550502250645,
    1.814595108759389,
    1.2628346030339963,
    1.1203505222067307,
    1.0813394928453572,
    0.8009673104314199,
    1.0331381426023682,
    1.4363243555395968
  ],
  "detuning_offsets": [
    0.0,
    0.0,
    0.0,
    0.0,
    0.0,
    0.0,
    11856.56464014139,
    -6385.541924046103,
    11392.617101304784,
    -16373.107636008093,
    1549.3048016414414,
    -8508.062479424754,
    -3777.6852503068167,
    1762.4752907615512,
    -1614.8202707420487,
    3253.659697574094
  ],
  "omega_lin_max_xyz": [
    20000.0,
    20000.0,
    10000.0
  ]
}