{
  "gen": 7,
  "fitness": 68.8570184544406,
  "z_mean": 55.4520184544406,
  "good_frac": 0.867,
  "survive_frac": 0.9979,
  "num_pulses": 200,
  "z_dns": [
    -5,
    -4,
    -3,
    -2
  ],
  "omega_scales_z": [
    1.134875759241998,
    0.6621503306590946,
    0.30399045161163907,
    0.13638225472738455
  ],
  "time_scales_z": [
    0.7859816651882537,
    0.6765748929598216,
    0.48919334279399085,
    0.37996830585742697
  ]
}