{
  "gen": 26,
  "fitness_penalized": 16228.0,
  "raw_survivors": 16228,
  "num_pulses": 280,
  "length_penalty": 0.0,
  "unique_pairs": [
    [
      0,
      -3
    ],
    [
      0,
      -2
    ],
    [
      0,
      -1
    ],
    [
      1,
      -3
    ],
    [
      1,
      -2
    ],
    [
      1,
      -1
    ],
    [
      2,
      -5
    ],
    [
      2,
      -4
    ],
    [
      2,
      -3
    ],
    [
      2,
      -2
    ],
    [
      2,
      -1
    ]
  ],
  "omega_vector": [
    15027.326058599057,
    17178.94224051422,
    4008.184661782537,
    13272.532039886144,
    19447.283253726615,
    6001.219301437429,
    11477.317322413284,
    16169.382527525206,
    34229.58210535233,
    8030.27767621986,
    1863.9308557833845
  ],
  "time_vector": [
    0.00010205985261068224,
    7.845556378622217e-05,
    0.00010434413698016502,
    9.908034975604932e-05,
    6.4103689462016e-05,
    7.422337236925381e-05,
    8.048942274210221e-05,
    9.204153618889512e-05,
    4.306986312890233e-05,
    0.00026062250263900487,
    0.00029230803615622067
  ],
  "omega_scales": [
    1.1235816099198677,
    0.9990215641406729,
    0.7070437743384395,
    0.9923770109822561,
    1.130934318447486,
    1.0586150847735623,
    1.239550270820634,
    1.2473523664090869,
    1.3202838812064464,
    1.2389571271882067,
    0.2875779034637221
  ],
  "time_scales": [
    1.1339983623409138,
    1.1207937683746025,
    1.4906305282880716,
    1.1008927750672146,
    0.9157669923145143,
    1.06033389098934,
    1.149848896315746,
    1.8408307237779022,
    0.8613972625780468,
    1.3031125131950243,
    1.4615401807811033
  ]
}