{
  "gen": 14,
  "fitness": 2323.2837235679863,
  "score_list": [
    2359,
    2591,
    2611,
    2436,
    2091
  ],
  "num_pulses": 200,
  "unique_pairs": [
    [
      0,
      -3
    ],
    [
      0,
      -2
    ],
    [
      0,
      -1
    ],
    [
      1,
      -3
    ],
    [
      1,
      -2
    ],
    [
      1,
      -1
    ],
    [
      2,
      -5
    ],
    [
      2,
      -4
    ],
    [
      2,
      -3
    ],
    [
      2,
      -2
    ]
  ],
  "omega_vector": [
    30922.436519866587,
    21255.848266043624,
    1944.093902296301,
    17704.551639870828,
    10389.013716438805,
    993.243170901028,
    6876.005174968068,
    6876.005174968068,
    2447.39777219377,
    3465.1780827207917
  ],
  "time_vector": [
    8.995983270476782e-05,
    3.4287940507257915e-05,
    2.367205905385891e-05,
    0.00011234301251165793,
    9.386124479420394e-05,
    4.554167467739899e-05,
    7.958361592523611e-05,
    6.841881443323789e-05,
    8.104122633871409e-05,
    0.00011946156830112549
  ],
  "omega_scales": [
    1.261829373221743,
    0.8673719380944185,
    0.14233217871565323,
    1.0525367274380473,
    0.6176275299615137,
    0.1,
    1.5,
    1.5,
    1.036853038247996,
    1.468041061391861
  ],
  "time_scales": [
    1.285140467210969,
    0.48982772153225584,
    0.47344118107717814,
    1.6049001787379706,
    1.3408749256314847,
    0.9108334935479797,
    1.5916723185047221,
    1.368376288664758,
    0.4052061316935704,
    0.5973078415056274
  ]
}