{
  "gen": 11,
  "fitness_penalized": 15234.0,
  "raw_survivors": 15234,
  "num_pulses": 280,
  "length_penalty": 0.0,
  "unique_pairs": [
    [
      0,
      -3
    ],
    [
      0,
      -2
    ],
    [
      0,
      -1
    ],
    [
      1,
      -3
    ],
    [
      1,
      -2
    ],
    [
      1,
      -1
    ],
    [
      2,
      -5
    ],
    [
      2,
      -4
    ],
    [
      2,
      -3
    ],
    [
      2,
      -2
    ],
    [
      2,
      -1
    ]
  ],
  "omega_vector": [
    5747.60582173936,
    24243.423601990784,
    8328.369769759282,
    11499.905046385378,
    18351.159869741037,
    8503.40136054422,
    12482.488998664232,
    11864.11262629481,
    38888.888888888905,
    5877.169010932303,
    4527.966869602124
  ],
  "time_vector": [
    5.415231075871127e-05,
    5.156943585867963e-05,
    5.231902520927891e-05,
    0.00011072314700343186,
    8.717182472452268e-05,
    0.00010645515928255089,
    0.00010097324160827448,
    7.349050215330343e-05,
    8.596061257969694e-05,
    0.00019270859914205773,
    0.0002090505234837402
  ],
  "omega_scales": [
    0.42974406605620435,
    1.4098483263926946,
    1.469124427385537,
    0.8598390542374297,
    1.0671905278095555,
    1.5,
    1.3481088118557363,
    0.9152315454570279,
    1.5,
    0.9067632188295551,
    0.6986006027386131
  ],
  "time_scales": [
    0.6016923417634585,
    0.7367062265525661,
    0.7474146458468415,
    1.2302571889270206,
    1.2453117817788955,
    1.5207879897507268,
    1.442474880118207,
    1.4698100430660683,
    1.7192122515939392,
    0.9635429957102886,
    1.045252617418701
  ]
}