{
  "gen": 35,
  "score": -42.69397684157274,
  "n_bar": 13.503976841572749,
  "num_pulses": 480,
  "good": 0.71162,
  "survive": 0.99296,
  "unique_pairs": [
    [
      0,
      -3
    ],
    [
      0,
      -2
    ],
    [
      0,
      -1
    ],
    [
      1,
      -3
    ],
    [
      1,
      -2
    ],
    [
      1,
      -1
    ],
    [
      2,
      -10
    ],
    [
      2,
      -9
    ],
    [
      2,
      -8
    ],
    [
      2,
      -7
    ],
    [
      2,
      -6
    ],
    [
      2,
      -5
    ],
    [
      2,
      -4
    ],
    [
      2,
      -3
    ],
    [
      2,
      -2
    ],
    [
      2,
      -1
    ]
  ],
  "omega_vector": [
    20073.04032832414,
    18649.12887910697,
    6232.563224656697,
    17723.753160318578,
    11271.329879697925,
    7858.564006234986,
    20774.978416424572,
    19015.93682049398,
    22048.423879218422,
    9377.331843836238,
    9311.581642485782,
    6876.2395153996395,
    1442.3655228212222,
    728.3582370517432,
    300.0,
    640.6875980198506
  ],
  "time_vector": [
    7.829207611863605e-05,
    9.916675573466135e-05,
    9.260933325124246e-05,
    8.43625987866357e-05,
    0.000151046799119043,
    0.00010471047752998783,
    2.3850565479350303e-05,
    4.73785807372387e-05,
    4.119144907996942e-05,
    3.5906745516242223e-05,
    4.506068437037656e-05,
    7.601934631872377e-05,
    6.973438804181677e-05,
    3.42234529164233e-05,
    3.767183544510676e-05,
    7.991261586895249e-05
  ],
  "omega_scales": [
    1.2545650205202588,
    1.434548375315921,
    0.6925070249618551,
    1.107734572519911,
    0.8670253753613789,
    0.873173778470554,
    1.7312482013687145,
    1.5846614017078315,
    2.4498248754687135,
    1.0419257604262486,
    1.5519302737476304,
    1.1460399192332733,
    0.36059138070530555,
    0.1820895592629358,
    0.1,
    0.21356253267328354
  ],
  "time_scales": [
    0.9786509514829507,
    1.1018528414962372,
    0.7717444437603538,
    1.0545324848329463,
    1.6782977679893665,
    0.8725873127498986,
    0.7950188493116768,
    1.5792860245746232,
    1.373048302665647,
    1.1968915172080739,
    0.901213687407531,
    1.5203869263744754,
    0.9962055434545256,
    0.48890647023461875,
    0.41857594939007503,
    0.887917954099472
  ]
}