{
  "gen": 4,
  "score": 3504.4223183735635,
  "score_SLM": 3842,
  "score_AOD": 3726,
  "survive_SLM": 0.705,
  "survive_AOD": 0.7126,
  "nzbar_SLM": 13.017872340425532,
  "nzbar_AOD": 11.455234353073253,
  "num_pulses": 260,
  "unique_pairs": [
    [
      0,
      -3
    ],
    [
      0,
      -2
    ],
    [
      0,
      -1
    ],
    [
      1,
      -3
    ],
    [
      1,
      -2
    ],
    [
      1,
      -1
    ],
    [
      2,
      -10
    ],
    [
      2,
      -9
    ],
    [
      2,
      -8
    ],
    [
      2,
      -7
    ],
    [
      2,
      -6
    ],
    [
      2,
      -5
    ],
    [
      2,
      -4
    ],
    [
      2,
      -3
    ],
    [
      2,
      -2
    ],
    [
      2,
      -1
    ]
  ],
  "omega_vector": [
    20508.373046875,
    17760.42578125,
    5926.83544921875,
    25809.142578125,
    10060.341796875,
    4332.263671875,
    10199.793654611185,
    28681.692735290086,
    46649.55986773966,
    33055.45593578912,
    11913.01481124225,
    36068.412308783925,
    9584.72386827337,
    3063.0132167470247,
    4113.38585451463,
    65.95923526933137
  ],
  "time_vector": [
    6.814449443481863e-05,
    7.641866250196472e-05,
    0.0001462052168790251,
    5.634267290588468e-05,
    0.00013017933815717697,
    0.0001981102832360193,
    1.9162889013028003e-05,
    4.4917957906293685e-05,
    4.742683527563529e-05,
    1.9725529691864093e-05,
    7.66168809515385e-05,
    0.00010081259590150373,
    0.00016021405223918254,
    0.0002878540334238842,
    0.00022111016117096045,
    3.943605100223359e-05
  ],
  "detuning_vector": [
    0.0,
    0.0,
    0.0,
    0.0,
    0.0,
    0.0,
    8530.780282199308,
    19575.293131319384,
    12087.349535339785,
    -2478.6129949834753,
    -11681.402247387066,
    4071.1953775921093,
    3254.539884268163,
    -5965.707578589845,
    1136.557021203976,
    7780.294214010767
  ],
  "omega_scales": [
    1.0,
    1.0,
    1.0,
    1.0,
    1.0,
    1.0,
    0.9757018442585745,
    1.0102387654202003,
    1.1850538090139873,
    1.3868817052908855,
    0.9932526296202473,
    0.6715723622466759,
    1.0428953788138273,
    0.9706697896455005,
    0.9682154613141977,
    1.0016168639534737
  ],
  "time_scales": [
    1.0,
    1.0,
    1.0,
    1.0,
    1.0,
    1.0,
    1.042001955222178,
    1.0435037323529954,
    1.1819891003284861,
    1.0771376732145481,
    0.8663716822156122,
    0.7717057878639054,
    1.1943612063207325,
    1.1429111061828487,
    1.0048216639056846,
    0.8822152611289178
  ],
  "detuning_offsets": [
    0.0,
    0.0,
    0.0,
    0.0,
    0.0,
    0.0,
    -2090.118155300692,
    8758.048990694382,
    1341.9686759647848,
    1940.2283136102747,
    -8776.126856762066,
    691.289860013984,
    64.51742333066295,
    -6761.109006812501,
    732.0973349246792,
    -4709.827856301733
  ]
}