{
  "gen": 12,
  "fitness": 2349.660305643608,
  "score_list": [
    2053,
    2834,
    3140,
    2647,
    2118
  ],
  "num_pulses": 200,
  "unique_pairs": [
    [
      0,
      -3
    ],
    [
      0,
      -2
    ],
    [
      0,
      -1
    ],
    [
      1,
      -3
    ],
    [
      1,
      -2
    ],
    [
      1,
      -1
    ],
    [
      2,
      -5
    ],
    [
      2,
      -4
    ],
    [
      2,
      -3
    ],
    [
      2,
      -2
    ]
  ],
  "omega_vector": [
    20005.385816295482,
    17599.214272379566,
    1365.885016191701,
    20216.110948846224,
    12255.692203131479,
    1582.693296244086,
    6876.005174968068,
    6876.005174968068,
    2761.175191563373,
    3469.0390606762353
  ],
  "time_vector": [
    9.230824201758387e-05,
    8.64404542249135e-05,
    4.249547296809065e-05,
    0.00010882941097840536,
    0.00010315298731521218,
    3.205087081649375e-05,
    8.861639632155528e-05,
    6.410642049685119e-05,
    0.00015290859788948255,
    0.00015295305274907138
  ],
  "omega_scales": [
    0.816345226528876,
    0.7181583346527209,
    0.1,
    1.2018490890051328,
    0.7286016853949606,
    0.15934600333655796,
    1.5,
    1.5,
    1.169786505093217,
    1.4696767851672088
  ],
  "time_scales": [
    1.3186891716797697,
    1.2348636317844786,
    0.849909459361813,
    1.5547058711200767,
    1.4736141045030309,
    0.641017416329875,
    1.7723279264311056,
    1.282128409937024,
    0.7645429894474127,
    0.7647652637453569
  ]
}