{
  "gen": 37,
  "score": 2397.0908368875366,
  "score_SLM": 2736,
  "score_AOD": 2618,
  "survive_SLM": 0.6912,
  "survive_AOD": 0.6958,
  "nzbar_SLM": 29.12254050925926,
  "nzbar_AOD": 33.440068985340616,
  "num_pulses": 260,
  "unique_pairs": [
    [
      0,
      -3
    ],
    [
      0,
      -2
    ],
    [
      0,
      -1
    ],
    [
      1,
      -3
    ],
    [
      1,
      -2
    ],
    [
      1,
      -1
    ],
    [
      2,
      -10
    ],
    [
      2,
      -9
    ],
    [
      2,
      -8
    ],
    [
      2,
      -7
    ],
    [
      2,
      -6
    ],
    [
      2,
      -5
    ],
    [
      2,
      -4
    ],
    [
      2,
      -3
    ],
    [
      2,
      -2
    ],
    [
      2,
      -1
    ]
  ],
  "omega_vector": [
    20000.0,
    17760.42578125,
    5926.83544921875,
    20000.0,
    10060.341796875,
    4332.263671875,
    3471.1896366688434,
    5633.589929463014,
    7408.0492581752915,
    7057.2420226543545,
    9633.03693805848,
    9994.35204769465,
    8752.678290312688,
    3330.8827404152444,
    5831.787466252934,
    76.96084761809908
  ],
  "time_vector": [
    6.814449443481863e-05,
    7.641866250196472e-05,
    0.0001462052168790251,
    5.634267290588468e-05,
    0.00013017933815717697,
    0.0001981102832360193,
    1.9616976258542445e-05,
    5.5333555756238346e-05,
    4.7055458030199295e-05,
    3.655092746927647e-05,
    0.00012453273114940058,
    9.423504953782972e-05,
    0.00013081069300768496,
    0.0003320789809445747,
    0.0003321067261897106,
    7.357054350467989e-05
  ],
  "detuning_vector": [
    0.0,
    0.0,
    0.0,
    0.0,
    0.0,
    0.0,
    25940.59338629346,
    910.1335873698899,
    17070.522581959565,
    -15237.414111382504,
    285.3893596110006,
    17620.439947694533,
    -1169.560141197493,
    14947.506978433961,
    -9527.640293702523,
    21681.39905458474
  ],
  "omega_scales": [
    1.0,
    1.0,
    1.0,
    1.0,
    1.0,
    1.0,
    0.34711896366688433,
    0.5633589929463014,
    0.7408049258175291,
    0.7057242022654354,
    0.9633036938058479,
    0.999435204769465,
    0.9523620989673426,
    1.055557720513657,
    1.3726956311981349,
    1.1686806634988898
  ],
  "time_scales": [
    1.0,
    1.0,
    1.0,
    1.0,
    1.0,
    1.0,
    1.0666934199249074,
    1.2854718835716914,
    1.1727334994927106,
    1.9959099493449197,
    1.4081966067641682,
    0.7213556252339329,
    0.9751655046279402,
    1.3185042117945378,
    1.5092387949832595,
    1.6458305180126038
  ],
  "detuning_offsets": [
    0.0,
    0.0,
    0.0,
    0.0,
    0.0,
    0.0,
    15319.694948793463,
    -9907.11055325511,
    6325.141722584565,
    -10818.572802788754,
    3190.6647502360006,
    14240.534430116408,
    -4359.582602134993,
    14152.105550211305,
    -9932.09997998182,
    9191.276984272241
  ],
  "omega_lin_max_xyz": [
    20000.0,
    20000.0,
    10000.0
  ]
}