{
  "gen": 34,
  "score": 3659.354923645233,
  "score_SLM": 3722,
  "score_AOD": 3701,
  "survive_SLM": 0.6692,
  "survive_AOD": 0.6859,
  "nzbar_SLM": 11.25478182904961,
  "nzbar_AOD": 10.49613646304126,
  "num_pulses": 260,
  "unique_pairs": [
    [
      0,
      -3
    ],
    [
      0,
      -2
    ],
    [
      0,
      -1
    ],
    [
      1,
      -3
    ],
    [
      1,
      -2
    ],
    [
      1,
      -1
    ],
    [
      2,
      -10
    ],
    [
      2,
      -9
    ],
    [
      2,
      -8
    ],
    [
      2,
      -7
    ],
    [
      2,
      -6
    ],
    [
      2,
      -5
    ],
    [
      2,
      -4
    ],
    [
      2,
      -3
    ],
    [
      2,
      -2
    ],
    [
      2,
      -1
    ]
  ],
  "omega_vector": [
    20508.373046875,
    17760.42578125,
    5926.83544921875,
    25809.142578125,
    10060.341796875,
    4332.263671875,
    13239.080927019544,
    44234.84828407057,
    58927.660503716004,
    27276.518329456652,
    10076.891038369879,
    97569.97705071648,
    10011.516805176541,
    2963.445662117898,
    4193.1808694230285,
    93.30196934396238
  ],
  "time_vector": [
    6.814449443481863e-05,
    7.641866250196472e-05,
    0.0001462052168790251,
    5.634267290588468e-05,
    0.00013017933815717697,
    0.0001981102832360193,
    2.401505584762762e-05,
    4.631030375836392e-05,
    6.750231242973408e-05,
    2.4965160838682483e-05,
    7.5535985029911e-05,
    6.181781837559497e-05,
    0.00012533094086144834,
    0.00037028016366528224,
    0.00018557843219338307,
    3.096237064510649e-05
  ],
  "detuning_vector": [
    0.0,
    0.0,
    0.0,
    0.0,
    0.0,
    0.0,
    11634.127272391976,
    16255.380695454203,
    22402.753653075906,
    -15471.471629592384,
    4001.9527169165503,
    3637.801833373261,
    -4009.925728241549,
    4588.362776095331,
    1788.6656133055767,
    3945.472585188627
  ],
  "omega_scales": [
    1.0,
    1.0,
    1.0,
    1.0,
    1.0,
    1.0,
    1.2664369608047623,
    1.5580586170935893,
    1.4969583578966226,
    1.1444193759916401,
    0.8401650363778814,
    1.816694880033461,
    1.0893338978284477,
    0.9391168022868588,
    0.9869977418739737,
    1.4168270076720382
  ],
  "time_scales": [
    1.0,
    1.0,
    1.0,
    1.0,
    1.0,
    1.0,
    1.3058435568345277,
    1.0758497730254708,
    1.6823175545070146,
    1.3632544057002798,
    0.8541490805344928,
    0.4732064263098175,
    0.9343151341876051,
    1.4701802382913558,
    0.843349885116243,
    0.6926524134552889
  ],
  "detuning_offsets": [
    0.0,
    0.0,
    0.0,
    0.0,
    0.0,
    0.0,
    1013.2288348919756,
    5438.136554829203,
    11657.372793700906,
    -11052.630320998634,
    6907.22810754155,
    257.89631579513616,
    -7199.948189179049,
    3792.961347872675,
    1384.2059270262798,
    -8544.649485123873
  ]
}