{
  "gen": 12,
  "score": 2883.0,
  "score_SLM": 2956,
  "score_AOD": 2883,
  "survive_SLM": 0.7374,
  "survive_AOD": 0.7237,
  "nzbar_SLM": 33.81570382424736,
  "nzbar_AOD": 28.975680530606606,
  "num_pulses": 260,
  "unique_pairs": [
    [
      0,
      -3
    ],
    [
      0,
      -2
    ],
    [
      0,
      -1
    ],
    [
      1,
      -3
    ],
    [
      1,
      -2
    ],
    [
      1,
      -1
    ],
    [
      2,
      -10
    ],
    [
      2,
      -9
    ],
    [
      2,
      -8
    ],
    [
      2,
      -7
    ],
    [
      2,
      -6
    ],
    [
      2,
      -5
    ],
    [
      2,
      -4
    ],
    [
      2,
      -3
    ],
    [
      2,
      -2
    ],
    [
      2,
      -1
    ]
  ],
  "omega_vector": [
    20000.0,
    17760.42578125,
    5926.83544921875,
    20000.0,
    10060.341796875,
    4332.263671875,
    5445.234610977498,
    9335.53421289088,
    9999.999999999998,
    4324.651552355224,
    8447.300763376415,
    9131.976568320455,
    9070.05818105959,
    3640.709722908297,
    4989.089076108797,
    78.66326981880022
  ],
  "time_vector": [
    6.814449443481863e-05,
    7.641866250196472e-05,
    0.0001462052168790251,
    5.634267290588468e-05,
    0.00013017933815717697,
    0.0001981102832360193,
    2.475429654384246e-05,
    3.390622416522203e-05,
    5.189475753750905e-05,
    1.6021615681244202e-05,
    0.00010199835345142635,
    9.745878831130394e-05,
    0.00011938913885949265,
    0.00026772097952099664,
    0.0002236461555208548,
    3.495625345097755e-05
  ],
  "detuning_vector": [
    0.0,
    0.0,
    0.0,
    0.0,
    0.0,
    0.0,
    12767.621798126424,
    8521.141390922263,
    -760.2143717132185,
    -11292.44170475645,
    12696.96754715791,
    10196.57489584139,
    -3610.065150557395,
    3936.2135477576517,
    1369.3912270985038,
    15065.506627266866
  ],
  "omega_scales": [
    1.0,
    1.0,
    1.0,
    1.0,
    1.0,
    1.0,
    0.5445234610977499,
    0.9335534212890879,
    0.9999999999999998,
    0.4324651552355224,
    0.8447300763376415,
    0.9131976568320456,
    0.9868955947609995,
    1.1537419824289297,
    1.1743399117446256,
    1.1945326124917535
  ],
  "time_scales": [
    1.0,
    1.0,
    1.0,
    1.0,
    1.0,
    1.0,
    1.3460405360223726,
    0.7876865537880802,
    1.2933403086466768,
    0.8748807309925393,
    1.1533813953980905,
    0.7460328775931715,
    0.8900202817224782,
    1.062973748233433,
    1.0163463358105005,
    0.7819986911112404
  ],
  "detuning_offsets": [
    0.0,
    0.0,
    0.0,
    0.0,
    0.0,
    0.0,
    2146.723360626424,
    -2296.102749702737,
    -11505.595231088218,
    -6873.600396162699,
    15602.24293778291,
    6816.669378263266,
    -6800.087611494895,
    3140.8121195349954,
    964.9315408192069,
    2575.3845569543664
  ],
  "omega_lin_max_xyz": [
    20000.0,
    20000.0,
    10000.0
  ]
}