{
  "gen": 35,
  "score": 17945.0,
  "n_bar": 18.357479909629077,
  "num_pulses": 260,
  "good": 0.69934,
  "unique_pairs": [
    [
      0,
      -3
    ],
    [
      0,
      -2
    ],
    [
      0,
      -1
    ],
    [
      1,
      -3
    ],
    [
      1,
      -2
    ],
    [
      1,
      -1
    ],
    [
      2,
      -10
    ],
    [
      2,
      -9
    ],
    [
      2,
      -8
    ],
    [
      2,
      -7
    ],
    [
      2,
      -6
    ],
    [
      2,
      -5
    ],
    [
      2,
      -4
    ],
    [
      2,
      -3
    ],
    [
      2,
      -2
    ],
    [
      2,
      -1
    ]
  ],
  "omega_vector": [
    19383.97345052002,
    13854.497089738305,
    9546.040369909413,
    16405.386155770404,
    17827.53415132135,
    7029.144381220048,
    13275.242622525493,
    21284.311965877612,
    15307.656444750985,
    17549.017897841437,
    9764.769445410984,
    12604.799464527097,
    5255.754120011075,
    3828.204673370709,
    4573.869605774679,
    436.5493701883955
  ],
  "time_vector": [
    6.336899441972707e-05,
    8.129307357840969e-05,
    0.00014396227087119708,
    9.68600179377251e-05,
    6.95694332162775e-05,
    0.00015431080721367536,
    4.1473513234696706e-05,
    3.9569682211320686e-05,
    5.4101824688161804e-05,
    2.827087563000074e-05,
    4.226179601490823e-05,
    0.0001358144980422817,
    0.00013492065656941653,
    0.00019017747405271205,
    0.00022650219207509097,
    6.846824853780344e-05
  ],
  "omega_scales": [
    1.0806672715336962,
    0.7496085994659025,
    1.049549561346773,
    1.1651206578240643,
    1.385232152911477,
    0.8792338805290456,
    1.4112970619031189,
    1.2965786868326903,
    1.163678988287136,
    1.5183108797907676,
    1.1382103405981183,
    0.9760625671590099,
    1.0321837483887166,
    0.6206600396496909,
    1.071894574798701,
    0.542890655588711
  ],
  "time_scales": [
    0.80408328256075,
    0.7199326827587458,
    1.2119919045910958,
    1.2295553468976312,
    0.6109419695092204,
    1.1388528580881854,
    1.0298192099188799,
    1.166106437981346,
    1.349422248190976,
    1.0734813758067878,
    0.6300158727048725,
    1.284258895455462,
    1.512472236716789,
    1.5571153357752512,
    1.6062512100764952,
    1.6141359591678068
  ]
}