{
  "gen": 20,
  "fitness_penalized": 15457.0,
  "raw_survivors": 15457,
  "num_pulses": 280,
  "length_penalty": 0.0,
  "unique_pairs": [
    [
      0,
      -3
    ],
    [
      0,
      -2
    ],
    [
      0,
      -1
    ],
    [
      1,
      -3
    ],
    [
      1,
      -2
    ],
    [
      1,
      -1
    ],
    [
      2,
      -5
    ],
    [
      2,
      -4
    ],
    [
      2,
      -3
    ],
    [
      2,
      -2
    ],
    [
      2,
      -1
    ]
  ],
  "omega_vector": [
    12638.432877785428,
    19606.08849132485,
    3046.5229346037972,
    16673.796924070557,
    25793.6507936508,
    6612.251017794423,
    7628.477837699037,
    15141.591364632319,
    31365.184099151895,
    9722.222222222224,
    1949.788135427208
  ],
  "time_vector": [
    0.00010998018378245358,
    7.987178656767792e-05,
    0.00010876295340969097,
    8.216530285079515e-05,
    8.21320067493924e-05,
    9.268534748081112e-05,
    5.0036605516823775e-05,
    8.698169098108114e-05,
    6.155164958593496e-05,
    0.0002257126000930641,
    0.0002925575186203856
  ],
  "omega_scales": [
    0.9449659044005718,
    1.1401694538031986,
    0.5374066456641098,
    1.2466869700151213,
    1.5,
    1.1664010795389361,
    0.8238756064714955,
    1.16806561955735,
    1.209799958110144,
    1.5,
    0.30082445518019774
  ],
  "time_scales": [
    1.222002042027262,
    1.141025522395399,
    1.5537564772812995,
    0.9129478094532795,
    1.1733143821341774,
    1.324076392583016,
    0.7148086502403397,
    1.7396338196216226,
    1.2310329917186995,
    1.1285630004653204,
    1.4627875931019279
  ]
}