{
  "gen": 12,
  "score": 14076.0,
  "n_bar": 34.96092195445501,
  "num_pulses": 260,
  "good": 0.72368,
  "unique_pairs": [
    [
      0,
      -3
    ],
    [
      0,
      -2
    ],
    [
      0,
      -1
    ],
    [
      1,
      -3
    ],
    [
      1,
      -2
    ],
    [
      1,
      -1
    ],
    [
      2,
      -10
    ],
    [
      2,
      -9
    ],
    [
      2,
      -8
    ],
    [
      2,
      -7
    ],
    [
      2,
      -6
    ],
    [
      2,
      -5
    ],
    [
      2,
      -4
    ],
    [
      2,
      -3
    ],
    [
      2,
      -2
    ],
    [
      2,
      -1
    ]
  ],
  "omega_vector": [
    17229.938798656774,
    19626.312784708047,
    6920.880553170801,
    18761.17733287817,
    15276.15046028183,
    4828.082688988175,
    8583.473997876097,
    16007.379965551581,
    10797.168918806292,
    10776.462221979427,
    7597.027226905861,
    8969.90374645999,
    4665.979861909367,
    6945.750838156381,
    5178.983692306896,
    1155.0715296695203
  ],
  "time_vector": [
    6.875231815608337e-05,
    6.847235553676213e-05,
    0.00011938104157007551,
    7.555930949289515e-05,
    9.825024265189275e-05,
    0.00016058363520317947,
    2.9992956319013664e-05,
    2.883048314114184e-05,
    3.393007278518822e-05,
    1.1195985313767934e-05,
    5.689325417884294e-05,
    8.515338294013033e-05,
    8.118410504459971e-05,
    0.0001267027841593651,
    0.00018239746049970832,
    6.6441422809888e-05
  ],
  "omega_scales": [
    1.0768711749160484,
    1.5097163680544652,
    0.7689867281300891,
    1.1725735833048856,
    1.1750884969447561,
    0.5364536321097971,
    0.715289499823008,
    1.3339483304626318,
    1.1996854354229214,
    1.1973846913310475,
    1.2661712044843103,
    1.4949839577433315,
    1.1664949654773418,
    1.7364377095390953,
    1.726327897435632,
    0.3850238432231734
  ],
  "time_scales": [
    0.8594039769510421,
    0.760803950408468,
    0.9948420130839624,
    0.9444913686611893,
    1.0916693627988083,
    1.3381969600264954,
    0.9997652106337889,
    0.9610161047047281,
    1.1310024261729408,
    0.3731995104589312,
    1.1378650835768587,
    1.7030676588026066,
    1.1597729292085674,
    1.8100397737052158,
    2.026638449996759,
    0.7382380312209778
  ]
}