{
  "gen": 5,
  "score": 12093.0,
  "n_bar": 31.1553924696873,
  "num_pulses": 260,
  "good": 0.75216,
  "unique_pairs": [
    [
      0,
      -3
    ],
    [
      0,
      -2
    ],
    [
      0,
      -1
    ],
    [
      1,
      -3
    ],
    [
      1,
      -2
    ],
    [
      1,
      -1
    ],
    [
      2,
      -10
    ],
    [
      2,
      -9
    ],
    [
      2,
      -8
    ],
    [
      2,
      -7
    ],
    [
      2,
      -6
    ],
    [
      2,
      -5
    ],
    [
      2,
      -4
    ],
    [
      2,
      -3
    ],
    [
      2,
      -2
    ],
    [
      2,
      -1
    ]
  ],
  "omega_vector": [
    15794.751394805926,
    10268.99957117195,
    11471.720225722638,
    16580.146708694225,
    15410.073296981114,
    9299.660013055334,
    13243.880166125515,
    15916.61394303685,
    10747.17825329734,
    14203.432596207947,
    8721.080634914151,
    5206.979293917595,
    5567.463155896543,
    5296.641545727617,
    4501.376231123225,
    1498.661665318386
  ],
  "time_vector": [
    0.00011322030691762233,
    9.397461023656986e-05,
    0.00010212324932715451,
    6.820275145228231e-05,
    0.00010693754706014516,
    0.00010456455749806416,
    3.8523527191678174e-05,
    4.177531252623278e-05,
    3.9836148642568024e-05,
    3.45278155899662e-05,
    7.047114085458406e-05,
    5.648392906315083e-05,
    7.817959977140578e-05,
    9.600522625534362e-05,
    0.00011244868491910494,
    7.577457497540489e-05
  ],
  "omega_scales": [
    0.9871719621753704,
    0.7899230439363037,
    1.2746355806358487,
    1.0362591692933891,
    1.1853902536139318,
    1.0332955570061482,
    1.1036566805104595,
    1.3263844952530708,
    1.1941309170330376,
    1.5781591773564385,
    1.4535134391523585,
    0.8678298823195991,
    1.3918657889741357,
    1.3241603864319043,
    1.5004587437077417,
    0.499553888439462
  ],
  "time_scales": [
    1.415253836470279,
    1.0441623359618872,
    0.8510270777262874,
    0.8525343931535287,
    1.1881949673349461,
    0.8713713124838678,
    1.2841175730559393,
    1.3925104175410927,
    1.3278716214189343,
    1.1509271863322068,
    1.4094228170916812,
    1.1296785812630166,
    1.116851425305797,
    1.3715032322191947,
    1.2494298324344992,
    0.8419397219489432
  ]
}