{
  "gen": 13,
  "score": 25824.0,
  "n_bar": 8.667562563459356,
  "num_pulses": 260,
  "good": 0.66972,
  "unique_pairs": [
    [
      0,
      -3
    ],
    [
      0,
      -2
    ],
    [
      0,
      -1
    ],
    [
      1,
      -3
    ],
    [
      1,
      -2
    ],
    [
      1,
      -1
    ],
    [
      2,
      -10
    ],
    [
      2,
      -9
    ],
    [
      2,
      -8
    ],
    [
      2,
      -7
    ],
    [
      2,
      -6
    ],
    [
      2,
      -5
    ],
    [
      2,
      -4
    ],
    [
      2,
      -3
    ],
    [
      2,
      -2
    ],
    [
      2,
      -1
    ]
  ],
  "omega_vector": [
    17995.42308198455,
    18825.621428704635,
    6725.778457747507,
    13047.783799275916,
    15886.122329973312,
    8144.955642205796,
    4008.28531786389,
    19779.68386589155,
    9245.881786496271,
    11268.516482768924,
    8838.891473556687,
    13992.035142265018,
    3915.4926986942837,
    372.0416028022764,
    2056.8807171133963,
    769.9585994210807
  ],
  "time_vector": [
    8.078929158055872e-05,
    7.83348428314087e-05,
    0.0001253042285817877,
    0.00011699467865735087,
    0.00010495033003234081,
    0.00012526096415799704,
    3.1545593809438724e-05,
    3.45084982317544e-05,
    6.0106712756412224e-05,
    3.299237305905578e-05,
    7.906078665816704e-05,
    0.0001735680061255289,
    0.0001153736408979038,
    3.739608979610738e-05,
    1.410129316349615e-07,
    3.5955025364406204e-05
  ],
  "omega_scales": [
    1.0032548183035728,
    1.0185752410817477,
    0.7394728658696692,
    0.9266616645906448,
    1.2343808880003166,
    1.0188040773734337,
    0.4261226294103352,
    1.204921097469263,
    0.702866464371285,
    0.9749326870875267,
    1.0302872721029543,
    1.0834842536902398,
    0.7689682276305576,
    0.06031844575940071,
    0.48203369831495,
    0.9575167377643549
  ],
  "time_scales": [
    1.025127814709814,
    0.6937345467533007,
    1.0549132750763208,
    1.4851476983434317,
    0.9216484649410488,
    0.9244576553908039,
    0.7833013400485233,
    1.0169548933502446,
    1.4991977798648035,
    1.25276268362138,
    1.1785952136442113,
    1.641255234502163,
    1.2933484993621596,
    0.30618781330225997,
    0.001,
    0.8476381475047516
  ]
}