{
  "gen": 1,
  "fitness": 1705.4664460915997,
  "score_list": [
    1518,
    2015,
    2121,
    1962,
    1541
  ],
  "num_pulses": 200,
  "unique_pairs": [
    [
      0,
      -3
    ],
    [
      0,
      -2
    ],
    [
      0,
      -1
    ],
    [
      1,
      -3
    ],
    [
      1,
      -2
    ],
    [
      1,
      -1
    ],
    [
      2,
      -5
    ],
    [
      2,
      -4
    ],
    [
      2,
      -3
    ],
    [
      2,
      -2
    ]
  ],
  "omega_vector": [
    15233.474597525004,
    29731.790413365474,
    12494.009886610496,
    11853.261981352081,
    10878.64053994948,
    9037.021035317168,
    6869.067472195226,
    6876.005174968068,
    1593.5249626003067,
    3007.158297541332
  ],
  "time_vector": [
    3.992802763576474e-05,
    5.2166816582318746e-05,
    6.852962555488142e-05,
    8.984239282553009e-05,
    5.2064480065427415e-05,
    4.19072042875161e-05,
    4.205784547803405e-05,
    6.303536899080773e-05,
    0.00012483169635480726,
    0.00017712507050219272
  ],
  "omega_scales": [
    0.6216213166460808,
    1.213243543663003,
    0.9147190091773414,
    0.7046771829692701,
    0.6467358759375416,
    0.9098498031573846,
    1.49848654067377,
    1.5,
    0.6751052966413083,
    1.273998551736664
  ],
  "time_scales": [
    0.5704003947966392,
    0.7452402368902677,
    1.3705925110976285,
    1.28346275465043,
    0.743778286648963,
    0.838144085750322,
    0.8411569095606809,
    1.2607073798161548,
    0.6241584817740362,
    0.8856253525109635
  ]
}