{
  "gen": 1,
  "score": 3464.092088845214,
  "score_SLM": 3714,
  "score_AOD": 3231,
  "survive_SLM": 0.706,
  "survive_AOD": 0.7398,
  "nzbar_SLM": 15.526628895184135,
  "nzbar_AOD": 16.16572046499054,
  "num_pulses": 260,
  "unique_pairs": [
    [
      0,
      -3
    ],
    [
      0,
      -2
    ],
    [
      0,
      -1
    ],
    [
      1,
      -3
    ],
    [
      1,
      -2
    ],
    [
      1,
      -1
    ],
    [
      2,
      -10
    ],
    [
      2,
      -9
    ],
    [
      2,
      -8
    ],
    [
      2,
      -7
    ],
    [
      2,
      -6
    ],
    [
      2,
      -5
    ],
    [
      2,
      -4
    ],
    [
      2,
      -3
    ],
    [
      2,
      -2
    ],
    [
      2,
      -1
    ]
  ],
  "omega_vector": [
    20508.373046875,
    17760.42578125,
    5926.83544921875,
    25809.142578125,
    10060.341796875,
    4332.263671875,
    13535.764886192577,
    17845.48423458686,
    24873.082931284753,
    11332.079511051066,
    10793.71597658404,
    37106.277104040106,
    7756.899341454149,
    1070.9133429615574,
    3509.133841268892,
    192.21093550245672
  ],
  "time_vector": [
    6.814449443481863e-05,
    7.641866250196472e-05,
    0.0001462052168790251,
    5.634267290588468e-05,
    0.00013017933815717697,
    0.0001981102832360193,
    1.895480289944658e-05,
    5.822333556906407e-05,
    6.262788837808393e-05,
    1.738546994761946e-05,
    8.325575704577644e-05,
    0.00011123509554594326,
    0.00016028946792194865,
    0.0001488058533480119,
    0.00024492243694425244,
    2.1797828863831386e-05
  ],
  "detuning_vector": [
    0.0,
    0.0,
    0.0,
    0.0,
    0.0,
    0.0,
    763.7892916237774,
    6912.294970626714,
    118.21169212881387,
    11620.932467322833,
    -3225.888708035103,
    -5186.5816175153095,
    -279.0660090293952,
    10262.211046220074,
    1010.5557372765229,
    -16785.157155433284
  ],
  "omega_scales": [
    1.0,
    1.0,
    1.0,
    1.0,
    1.0,
    1.0,
    0.982823432822444,
    1.0332017148518797,
    1.0189613315191122,
    0.7520812365679661,
    1.0582646943526317,
    1.5106576153176086,
    1.2071770329188314,
    0.5246687154150854,
    0.6361355813685547,
    1.0298336624004976
  ],
  "time_scales": [
    1.0,
    1.0,
    1.0,
    1.0,
    1.0,
    1.0,
    1.1895352416791571,
    1.4186060024138598,
    1.2804786710538474,
    1.019511377719434,
    1.3967818308602842,
    1.1359850082120477,
    1.2286830470745507,
    0.8800673956421982,
    1.462741649148062,
    0.4307330018837101
  ],
  "detuning_offsets": [
    0.0,
    0.0,
    0.0,
    0.0,
    0.0,
    0.0,
    981.9919436013165,
    6215.113513107182,
    -970.6802756446236,
    12485.978609900958,
    -2951.955388943306,
    -6332.924024741872,
    -597.0567316856452,
    9249.207017899762,
    566.9214599327729,
    -16426.66045133172
  ]
}