{
  "gen": 4,
  "score": 15940.32766288071,
  "score_SLM": 18374,
  "score_AOD": 13829,
  "survive_SLM": 0.71854,
  "survive_AOD": 0.7357,
  "nzbar_SLM": 20.257076850279734,
  "nzbar_AOD": 26.92086448280549,
  "num_pulses": 260,
  "unique_pairs": [
    [
      0,
      -3
    ],
    [
      0,
      -2
    ],
    [
      0,
      -1
    ],
    [
      1,
      -3
    ],
    [
      1,
      -2
    ],
    [
      1,
      -1
    ],
    [
      2,
      -10
    ],
    [
      2,
      -9
    ],
    [
      2,
      -8
    ],
    [
      2,
      -7
    ],
    [
      2,
      -6
    ],
    [
      2,
      -5
    ],
    [
      2,
      -4
    ],
    [
      2,
      -3
    ],
    [
      2,
      -2
    ],
    [
      2,
      -1
    ]
  ],
  "omega_vector": [
    15529.590593911218,
    14513.428625982051,
    7320.802233230462,
    18336.48049173914,
    12845.00852564903,
    5422.8207158207215,
    12110.465951670874,
    15409.013588985872,
    20992.6115651478,
    12093.495742461702,
    9711.053890264227,
    16718.825591349778,
    5558.977561251703,
    2798.9630861511746,
    4879.86217387813,
    519.7140475238032
  ],
  "time_vector": [
    7.728896085510132e-05,
    9.761640315903386e-05,
    0.00013171941213526337,
    6.569864670471618e-05,
    0.00010010130329753072,
    0.0001410866311918193,
    2.3003668243283157e-05,
    5.0391445443040356e-05,
    3.620619889394936e-05,
    2.01246671731168e-05,
    3.875110625701847e-05,
    0.00012068078166545323,
    0.00010284766275906058,
    0.00016823975276648222,
    0.00022405796954550456,
    5.280709022976448e-05
  ],
  "detuning_vector": [
    516.9503699780115,
    -571.2278124319362,
    -762.4860101427728,
    -562.3809253469883,
    92.74776797284926,
    -192.92204764388828,
    867.783935996203,
    -491.4217098798715,
    55.36586370549267,
    -913.3226583269335,
    -138.23739612653787,
    787.8828331466295,
    -208.60300995134392,
    1167.487944263746,
    604.2086238813442,
    1089.8791621623507
  ],
  "omega_scales": [
    0.8431397815928245,
    0.9983896345657479,
    0.9334338032268514,
    0.9873046931309875,
    1.0880671597719402,
    0.9584007612554689,
    0.8608153000382269,
    0.8260386270838698,
    1.0295629436917877,
    1.0341098979523993,
    0.9244915363016306,
    1.1365111132962842,
    1.1031562798561825,
    1.236954183474388,
    1.2201283294293204,
    0.8806577382286319
  ],
  "time_scales": [
    1.0117307425324695,
    1.0393865846135315,
    0.9794951362720503,
    0.9382746551792609,
    0.956984858301612,
    0.8883593806490695,
    0.8640461891411658,
    1.1780849151635095,
    0.8826188733607794,
    0.9218282879652047,
    0.7878036415552376,
    0.8249141368870081,
    0.8881397270567478,
    0.9022943788659579,
    1.016089950906888,
    1.1147742941698782
  ],
  "detuning_offsets": [
    516.9503699780115,
    -571.2278124319362,
    -762.4860101427728,
    -562.3809253469883,
    92.74776797284926,
    -192.92204764388828,
    867.783935996203,
    -491.4217098798715,
    55.36586370549267,
    -913.3226583269335,
    -138.23739612653787,
    787.8828331466295,
    -208.60300995134392,
    1167.487944263746,
    604.2086238813442,
    1089.8791621623507
  ]
}