{
  "gen": 9,
  "score": -52.41855456989993,
  "n_bar": 24.315554569899927,
  "num_pulses": 480,
  "good": 0.72146,
  "survive": 0.99502,
  "unique_pairs": [
    [
      0,
      -3
    ],
    [
      0,
      -2
    ],
    [
      0,
      -1
    ],
    [
      1,
      -3
    ],
    [
      1,
      -2
    ],
    [
      1,
      -1
    ],
    [
      2,
      -10
    ],
    [
      2,
      -9
    ],
    [
      2,
      -8
    ],
    [
      2,
      -7
    ],
    [
      2,
      -6
    ],
    [
      2,
      -5
    ],
    [
      2,
      -4
    ],
    [
      2,
      -3
    ],
    [
      2,
      -2
    ],
    [
      2,
      -1
    ]
  ],
  "omega_vector": [
    24381.970891530415,
    13036.974417893722,
    5118.5018035094645,
    21857.608883546684,
    19482.201782554825,
    10474.385792744983,
    9772.27744806437,
    9618.144875572807,
    14377.036572168774,
    11055.41441920332,
    9303.167435509646,
    4253.972152000394,
    2172.1444572848413,
    1466.255224122935,
    300.0,
    2503.2600039677245
  ],
  "time_vector": [
    5.8215500990992504e-05,
    0.00013279876872358755,
    0.0001499387433349427,
    7.433235327280805e-05,
    7.82368902969465e-05,
    6.988588515129436e-05,
    1.3230420695518307e-05,
    2.8124565651868166e-05,
    3.472747197612251e-05,
    3.8231998219680235e-05,
    4.007188186283417e-05,
    5.6335072823513735e-05,
    6.999999999999998e-06,
    4.5186922771602515e-05,
    6.350086904377363e-05,
    2.738141088842074e-05
  ],
  "omega_scales": [
    1.523873180720651,
    1.0028441859918247,
    0.5687224226121628,
    1.3661005552216676,
    1.498630906350371,
    1.1638206436383314,
    0.814356454005364,
    0.8015120729644005,
    1.5974485080187526,
    1.22837937991148,
    1.5505279059182742,
    0.7089953586667324,
    0.5430361143212104,
    0.36656380603073374,
    0.1,
    0.8344200013225748
  ],
  "time_scales": [
    0.7276937623874062,
    1.4755418747065283,
    1.2494895277911893,
    0.9291544159101006,
    0.8692987810771834,
    0.5823823762607863,
    0.44101402318394356,
    0.9374855217289388,
    1.1575823992040837,
    1.2743999406560076,
    0.8014376372566834,
    1.1267014564702746,
    0.1,
    0.6455274681657504,
    0.7055652115974846,
    0.30423789876023044
  ]
}