{
  "gen": 7,
  "score": 3660.389085437412,
  "score_SLM": 3726,
  "score_AOD": 3704,
  "survive_SLM": 0.6955,
  "survive_AOD": 0.7035,
  "nzbar_SLM": 13.937886412652768,
  "nzbar_AOD": 11.948685145700072,
  "num_pulses": 260,
  "unique_pairs": [
    [
      0,
      -3
    ],
    [
      0,
      -2
    ],
    [
      0,
      -1
    ],
    [
      1,
      -3
    ],
    [
      1,
      -2
    ],
    [
      1,
      -1
    ],
    [
      2,
      -10
    ],
    [
      2,
      -9
    ],
    [
      2,
      -8
    ],
    [
      2,
      -7
    ],
    [
      2,
      -6
    ],
    [
      2,
      -5
    ],
    [
      2,
      -4
    ],
    [
      2,
      -3
    ],
    [
      2,
      -2
    ],
    [
      2,
      -1
    ]
  ],
  "omega_vector": [
    20508.373046875,
    17760.42578125,
    5926.83544921875,
    25809.142578125,
    10060.341796875,
    4332.263671875,
    14770.964870769774,
    32303.295485490275,
    24706.591776377332,
    20525.78983194228,
    12404.476214426299,
    45269.470355393074,
    9006.10877245043,
    3449.7301340362237,
    4350.388345751337,
    56.21349691019055
  ],
  "time_vector": [
    6.814449443481863e-05,
    7.641866250196472e-05,
    0.0001462052168790251,
    5.634267290588468e-05,
    0.00013017933815717697,
    0.0001981102832360193,
    1.6193626156608956e-05,
    4.5831052084930656e-05,
    4.190340369143746e-05,
    5.199455277615973e-06,
    8.07219512342009e-05,
    9.493236777949501e-05,
    0.0001902112979147975,
    0.0003564070595830432,
    0.00026237778934873427,
    5.3611862639159316e-05
  ],
  "detuning_vector": [
    0.0,
    0.0,
    0.0,
    0.0,
    0.0,
    0.0,
    9239.1394223179,
    16403.03963337237,
    12466.028841917714,
    -14529.24319822873,
    -5952.159206580023,
    2083.3395538108384,
    -6027.608732508361,
    13.787182516872235,
    1651.8081179467545,
    4333.836590502302
  ],
  "omega_scales": [
    1.0,
    1.0,
    1.0,
    1.0,
    1.0,
    1.0,
    1.4129754143970545,
    1.1378003959338339,
    0.6276295162346677,
    0.8611843823864912,
    1.0342284311955758,
    0.8428905848129973,
    0.9799373825440434,
    1.0932204945217001,
    1.024001493673284,
    0.853624003630964
  ],
  "time_scales": [
    1.0,
    1.0,
    1.0,
    1.0,
    1.0,
    1.0,
    0.8805452093289166,
    1.0647161210681104,
    1.0443320989496505,
    0.2839228779759634,
    0.9127911736153353,
    0.7266934951525088,
    1.4179842033718286,
    1.4150977211411688,
    1.1923598873479362,
    1.1993392389906072
  ],
  "detuning_offsets": [
    0.0,
    0.0,
    0.0,
    0.0,
    0.0,
    0.0,
    -1381.7590151821005,
    5585.795492747371,
    1720.6479825427136,
    -10110.40188963498,
    -3046.8838159550237,
    -1296.5659637672866,
    -9217.63119344586,
    -781.614245705784,
    1247.3484316674576,
    -8156.285479810198
  ]
}