{
  "gen": 1,
  "score": 18481.0,
  "n_bar": 11.456655134147137,
  "num_pulses": 260,
  "good": 0.61276,
  "unique_pairs": [
    [
      0,
      -3
    ],
    [
      0,
      -2
    ],
    [
      0,
      -1
    ],
    [
      1,
      -3
    ],
    [
      1,
      -2
    ],
    [
      1,
      -1
    ],
    [
      2,
      -10
    ],
    [
      2,
      -9
    ],
    [
      2,
      -8
    ],
    [
      2,
      -7
    ],
    [
      2,
      -6
    ],
    [
      2,
      -5
    ],
    [
      2,
      -4
    ],
    [
      2,
      -3
    ],
    [
      2,
      -2
    ],
    [
      2,
      -1
    ]
  ],
  "omega_vector": [
    20395.29234964466,
    21482.084006165627,
    11290.080208229812,
    17047.115608013402,
    12501.483726604056,
    7968.479329253713,
    7610.864977992802,
    16632.044831048523,
    13398.135011337528,
    11285.449948208592,
    7562.788053220512,
    13000.480142069333,
    3528.2814310601275,
    6175.208107129896,
    3781.1527085994467,
    734.2381026476864
  ],
  "time_vector": [
    7.513071187181096e-05,
    0.00011732630360105313,
    8.054245809582226e-05,
    8.68907350482477e-05,
    0.00012236798061308242,
    9.767444827120003e-05,
    3.154767019736678e-05,
    4.1004757261608125e-05,
    4.790410723371932e-05,
    2.190187317744756e-05,
    6.236097935076908e-05,
    0.00011570186280195423,
    0.00010399688284075812,
    0.00011376492704438652,
    0.00014333941279063916,
    4.799427457486079e-05
  ],
  "omega_scales": [
    1.1370488611059915,
    1.162305264577081,
    1.241299876278433,
    1.210696679896513,
    0.9713882509044576,
    0.9967297045844961,
    0.8091145064088608,
    1.0131760369306422,
    1.0185182984214365,
    0.9763977414261384,
    0.8815408918817744,
    1.0067024118454704,
    0.6929233502411778,
    1.0011755471897648,
    0.8861199431037785,
    0.9130949031780546
  ],
  "time_scales": [
    0.9533266225257525,
    1.039043510000913,
    0.6780721545809862,
    1.1030038002174212,
    1.0746060679869212,
    0.7208621779925776,
    0.7833528983566767,
    1.2083976609987455,
    1.1948371141547067,
    0.8316421910300617,
    0.9296435677874638,
    1.0940742605985836,
    1.1658140569513797,
    0.9314726334259075,
    1.0164983532269238,
    1.1314629201108133
  ]
}