{
  "gen": 39,
  "score": 26990.0,
  "n_bar": 7.069111014113196,
  "num_pulses": 260,
  "good": 0.6873,
  "unique_pairs": [
    [
      0,
      -3
    ],
    [
      0,
      -2
    ],
    [
      0,
      -1
    ],
    [
      1,
      -3
    ],
    [
      1,
      -2
    ],
    [
      1,
      -1
    ],
    [
      2,
      -10
    ],
    [
      2,
      -9
    ],
    [
      2,
      -8
    ],
    [
      2,
      -7
    ],
    [
      2,
      -6
    ],
    [
      2,
      -5
    ],
    [
      2,
      -4
    ],
    [
      2,
      -3
    ],
    [
      2,
      -2
    ],
    [
      2,
      -1
    ]
  ],
  "omega_vector": [
    12625.9253497662,
    17986.92951029524,
    7566.87324118822,
    13606.870503071395,
    12689.877064734399,
    3700.944927431431,
    4753.873795423913,
    32337.537164639023,
    12437.871107313054,
    9518.84828359245,
    19837.93986003881,
    12911.060135446929,
    5.091878387172375,
    6.167957382162706,
    343.5794690420521,
    608.2188096134024
  ],
  "time_vector": [
    0.0001231452733104608,
    8.514434688190484e-05,
    0.00014054323474235018,
    0.00010650929524113618,
    0.00011449451677680023,
    0.00015857583890853492,
    3.825202794023794e-05,
    5.30316505771742e-05,
    6.72828118492075e-05,
    3.111204303323728e-05,
    0.00010301687180849804,
    0.00015086010332912876,
    0.00016469475714135694,
    0.00018039655779556368,
    3.250011596552955e-05,
    7.077823660584198e-05
  ],
  "omega_scales": [
    0.7039023414445466,
    0.9731971468593384,
    0.8319479263977902,
    0.9663683476227753,
    0.9860267593575817,
    0.4629291978784235,
    0.505386478493125,
    1.9699091772169561,
    0.945519604443886,
    0.8235544003766606,
    2.3123688082027636,
    0.9997781032545353,
    0.001,
    0.001,
    0.08051846699202478,
    0.7563779284572263
  ],
  "time_scales": [
    1.5625789315743177,
    0.7540396170813617,
    1.1832076676893704,
    1.352044695492787,
    1.0054632091103248,
    1.1703298727136202,
    0.9498272540425843,
    1.562826530285546,
    1.6781859716098395,
    1.1813641429640667,
    1.5357195035644486,
    1.4265298069242036,
    1.8462424808980733,
    1.4770321672622557,
    0.23047613852651622,
    1.6685938266537974
  ]
}