{
  "gen": 12,
  "score": 3662.5741948529253,
  "score_SLM": 3795,
  "score_AOD": 3863,
  "survive_SLM": 0.646,
  "survive_AOD": 0.6806,
  "nzbar_SLM": 11.09938080495356,
  "nzbar_AOD": 10.998530708198649,
  "num_pulses": 260,
  "unique_pairs": [
    [
      0,
      -3
    ],
    [
      0,
      -2
    ],
    [
      0,
      -1
    ],
    [
      1,
      -3
    ],
    [
      1,
      -2
    ],
    [
      1,
      -1
    ],
    [
      2,
      -10
    ],
    [
      2,
      -9
    ],
    [
      2,
      -8
    ],
    [
      2,
      -7
    ],
    [
      2,
      -6
    ],
    [
      2,
      -5
    ],
    [
      2,
      -4
    ],
    [
      2,
      -3
    ],
    [
      2,
      -2
    ],
    [
      2,
      -1
    ]
  ],
  "omega_vector": [
    20508.373046875,
    17760.42578125,
    5926.83544921875,
    25809.142578125,
    10060.341796875,
    4332.263671875,
    10671.23105634013,
    29284.14757713933,
    51144.21541758647,
    31592.900336684215,
    12090.836590781613,
    69026.32907330134,
    14633.501438167104,
    1457.4135499775582,
    3322.291646016166,
    97.4372637258277
  ],
  "time_vector": [
    6.814449443481863e-05,
    7.641866250196472e-05,
    0.0001462052168790251,
    5.634267290588468e-05,
    0.00013017933815717697,
    0.0001981102832360193,
    2.3291728674950407e-05,
    4.6982358771522106e-05,
    5.752933916536119e-05,
    1.997643515369135e-05,
    6.957430126608874e-05,
    0.0001099124163407917,
    0.00012658509180426473,
    0.00032033964663898346,
    0.0003437433457472183,
    3.784818516893835e-05
  ],
  "detuning_vector": [
    0.0,
    0.0,
    0.0,
    0.0,
    0.0,
    0.0,
    16856.345173698897,
    13605.453356485323,
    19116.150303964474,
    1459.843725928221,
    5742.660401787158,
    11796.997220859063,
    1931.0668443447616,
    7007.042024485929,
    1345.9527462973906,
    16980.058536254164
  ],
  "omega_scales": [
    1.0,
    1.0,
    1.0,
    1.0,
    1.0,
    1.0,
    1.0207990646431704,
    1.0314586857808403,
    1.2992329930117184,
    1.3255184130310682,
    1.008078595417297,
    1.2852291494317876,
    1.5922431606242178,
    0.46185478281599474,
    0.782006418176738,
    1.4796230751730548
  ],
  "time_scales": [
    1.0,
    1.0,
    1.0,
    1.0,
    1.0,
    1.0,
    1.2665118919857374,
    1.0914625022604043,
    1.4337674324538148,
    1.0908386855356977,
    0.7867352948628055,
    0.8413635924142597,
    0.9436645589854642,
    1.271893728705367,
    1.562120704001324,
    0.8466934622885901
  ],
  "detuning_offsets": [
    0.0,
    0.0,
    0.0,
    0.0,
    0.0,
    0.0,
    6235.446736198897,
    2788.2092158603227,
    8370.769444589476,
    5878.685034521971,
    8647.935792412158,
    8417.091703280938,
    -1258.9556165927384,
    6211.6405962632725,
    941.4930600180937,
    4489.936465941664
  ]
}