{
  "gen": 36,
  "fitness": 2483.7842402036204,
  "score_list": [
    2226,
    3022,
    3280,
    2794,
    2182
  ],
  "num_pulses": 200,
  "unique_pairs": [
    [
      0,
      -3
    ],
    [
      0,
      -2
    ],
    [
      0,
      -1
    ],
    [
      1,
      -3
    ],
    [
      1,
      -2
    ],
    [
      1,
      -1
    ],
    [
      2,
      -5
    ],
    [
      2,
      -4
    ],
    [
      2,
      -3
    ],
    [
      2,
      -2
    ]
  ],
  "omega_vector": [
    17661.371068770946,
    7811.663678410195,
    1441.8244079036594,
    14467.118073605352,
    6745.10434243644,
    2313.7701274884785,
    6404.278391623443,
    6876.005174968068,
    2913.00017886433,
    3271.2429073613607
  ],
  "time_vector": [
    6.546827819882947e-05,
    0.00010072388493316116,
    3.4860886181466155e-05,
    9.220238233125003e-05,
    0.00012364490606014345,
    7.054345077408836e-06,
    7.27610893524769e-05,
    7.103916446399792e-05,
    0.00019141765521384177,
    0.0001563985760359158
  ],
  "omega_scales": [
    0.720694721828473,
    0.3187648773024281,
    0.10555972068012645,
    0.8600710948455006,
    0.4009968845993329,
    0.23295102299968745,
    1.3970928384997583,
    1.5,
    1.2341079656884246,
    1.3858793964270604
  ],
  "time_scales": [
    0.9352611171261354,
    1.4389126419023022,
    0.6972177236293231,
    1.3171768904464292,
    1.7663558008591922,
    0.1410869015481767,
    1.455221787049538,
    1.4207832892799588,
    0.9570882760692088,
    0.7819928801795789
  ]
}