{
  "gen": 31,
  "score": 26250.0,
  "n_bar": 7.540598605020748,
  "num_pulses": 260,
  "good": 0.67958,
  "unique_pairs": [
    [
      0,
      -3
    ],
    [
      0,
      -2
    ],
    [
      0,
      -1
    ],
    [
      1,
      -3
    ],
    [
      1,
      -2
    ],
    [
      1,
      -1
    ],
    [
      2,
      -10
    ],
    [
      2,
      -9
    ],
    [
      2,
      -8
    ],
    [
      2,
      -7
    ],
    [
      2,
      -6
    ],
    [
      2,
      -5
    ],
    [
      2,
      -4
    ],
    [
      2,
      -3
    ],
    [
      2,
      -2
    ],
    [
      2,
      -1
    ]
  ],
  "omega_vector": [
    16097.027912486677,
    24471.190108898405,
    8356.350492681631,
    15700.495562709171,
    10843.308897040364,
    6343.336999443837,
    8488.041850093712,
    26729.42759499844,
    21234.365284040174,
    6156.013609206961,
    16031.436987852,
    14175.226173253423,
    2711.6937966898304,
    180.97691854475045,
    2087.7580770024806,
    509.4694682005722
  ],
  "time_vector": [
    6.825867975329176e-05,
    5.764706325552701e-05,
    0.00012233318724126657,
    8.406462036854003e-05,
    0.0001308833590365374,
    9.928160857602744e-05,
    4.8292180475322144e-05,
    4.2213525281126095e-05,
    4.670183722602881e-05,
    2.5837205172161426e-05,
    7.071359745961798e-05,
    0.00017581140713609494,
    0.00012568907825106628,
    2.9807278989032723e-05,
    2.0024344803341125e-05,
    6.886032092115067e-05
  ],
  "omega_scales": [
    0.8974182346252673,
    1.324033230941454,
    0.9187478424771341,
    1.1150588925182459,
    0.8425450205640526,
    0.7934503124484733,
    0.9023675773745705,
    1.6282793724539149,
    1.614223888538107,
    0.5326077216063827,
    1.8686716011298823,
    1.0976697953555594,
    0.5325527419353174,
    0.029341467090567588,
    0.4892698631823153,
    0.6335737318197896
  ],
  "time_scales": [
    0.8661280454563071,
    0.5105232595577126,
    1.0299006239759585,
    1.0671286838446927,
    1.1493860658197146,
    0.7327234282809265,
    1.1991319582916422,
    1.2440196850033405,
    1.164849772580527,
    0.9810717898592862,
    1.0541598563370713,
    1.6624687849361988,
    1.4089854448303465,
    0.24405293772431613,
    0.1420036061315136,
    1.6233790484255666
  ]
}