{
  "gen": 18,
  "score": 18347.0,
  "n_bar": 21.23723526044648,
  "num_pulses": 260,
  "good": 0.6988,
  "unique_pairs": [
    [
      0,
      -3
    ],
    [
      0,
      -2
    ],
    [
      0,
      -1
    ],
    [
      1,
      -3
    ],
    [
      1,
      -2
    ],
    [
      1,
      -1
    ],
    [
      2,
      -10
    ],
    [
      2,
      -9
    ],
    [
      2,
      -8
    ],
    [
      2,
      -7
    ],
    [
      2,
      -6
    ],
    [
      2,
      -5
    ],
    [
      2,
      -4
    ],
    [
      2,
      -3
    ],
    [
      2,
      -2
    ],
    [
      2,
      -1
    ]
  ],
  "omega_vector": [
    19073.38276434066,
    12584.15343848437,
    6890.107564732348,
    14633.683445052164,
    13283.264250819886,
    7618.714059706939,
    13139.194906679746,
    20913.54526869423,
    13269.197263099824,
    13260.929025247478,
    7602.618248523603,
    16760.06858495598,
    4987.27323071713,
    4999.560874136628,
    4822.365890276392,
    803.971047241382
  ],
  "time_vector": [
    6.29840905038818e-05,
    9.687504599122967e-05,
    0.00014080086428813198,
    7.912337026282747e-05,
    0.0001104107537828827,
    0.0001254526379073639,
    3.3933136868855044e-05,
    3.946205527703404e-05,
    5.545763283309281e-05,
    2.6939081925182957e-05,
    6.549093708746134e-05,
    0.0001401752418910887,
    9.975078202900034e-05,
    0.00016441505998604709,
    0.00022199678515705186,
    4.646474854528736e-05
  ],
  "omega_scales": [
    1.0633516685045235,
    0.6808756444485617,
    0.7575402043125385,
    1.0392932369891916,
    1.0321340337744622,
    0.9529796464636924,
    1.3968337675505214,
    1.273992652662264,
    1.0087165270684662,
    1.147312797352778,
    0.8861836169778929,
    1.297829101909235,
    0.9794564699897842,
    0.810569944694333,
    1.1301301263497834,
    0.999814451050189
  ],
  "time_scales": [
    0.7991992725341208,
    0.8579268648954832,
    1.1853766034944355,
    1.004403726558978,
    0.9696005882556088,
    0.9258722562293873,
    0.8425858692655572,
    1.162934705130382,
    1.3832391792389367,
    1.0229114621879298,
    0.976303275631303,
    1.3254939930286944,
    1.118214899377016,
    1.346180522230103,
    1.5743008998049364,
    1.0954044109837031
  ]
}