{
  "gen": 23,
  "score": 2603.254527465583,
  "score_SLM": 2648,
  "score_AOD": 2633,
  "survive_SLM": 0.7379,
  "survive_AOD": 0.6963,
  "nzbar_SLM": 39.05895107738176,
  "nzbar_AOD": 29.656039063622003,
  "num_pulses": 260,
  "unique_pairs": [
    [
      0,
      -3
    ],
    [
      0,
      -2
    ],
    [
      0,
      -1
    ],
    [
      1,
      -3
    ],
    [
      1,
      -2
    ],
    [
      1,
      -1
    ],
    [
      2,
      -10
    ],
    [
      2,
      -9
    ],
    [
      2,
      -8
    ],
    [
      2,
      -7
    ],
    [
      2,
      -6
    ],
    [
      2,
      -5
    ],
    [
      2,
      -4
    ],
    [
      2,
      -3
    ],
    [
      2,
      -2
    ],
    [
      2,
      -1
    ]
  ],
  "omega_vector": [
    20000.0,
    17760.42578125,
    5926.83544921875,
    20000.0,
    10060.341796875,
    4332.263671875,
    6778.0165479119605,
    6303.382111640541,
    9999.999999999998,
    5393.38570746576,
    9447.003116199083,
    9999.999999999998,
    7639.63547472115,
    3285.6879601401297,
    5557.453783509857,
    49.53111359428117
  ],
  "time_vector": [
    6.814449443481863e-05,
    7.641866250196472e-05,
    0.0001462052168790251,
    5.634267290588468e-05,
    0.00013017933815717697,
    0.0001981102832360193,
    1.747185114280986e-05,
    4.866957189020856e-05,
    5.622970450551203e-05,
    1.837073770445897e-05,
    0.0001109235631820921,
    9.377132538434462e-05,
    0.00010689829847805684,
    0.0002016505498671331,
    0.00015162979242172619,
    4.598891869327635e-05
  ],
  "detuning_vector": [
    0.0,
    0.0,
    0.0,
    0.0,
    0.0,
    0.0,
    17689.434105169697,
    -3450.4536429856344,
    7505.665847565009,
    -11241.113508215736,
    -9718.913501081846,
    19553.743835292327,
    4791.934978725976,
    14320.540777411155,
    -11689.145620782841,
    28869.183389521255
  ],
  "omega_scales": [
    1.0,
    1.0,
    1.0,
    1.0,
    1.0,
    1.0,
    0.677801654791196,
    0.6303382111640541,
    0.9999999999999998,
    0.539338570746576,
    0.9447003116199082,
    0.9999999999999998,
    0.8312540498721885,
    1.0412354813464,
    1.308122522186349,
    0.7521493914210762
  ],
  "time_scales": [
    1.0,
    1.0,
    1.0,
    1.0,
    1.0,
    1.0,
    0.9500500180208458,
    1.1306587005893038,
    1.4013774575920512,
    1.003157531144895,
    1.254306268251829,
    0.7178058841523088,
    0.7969037605595308,
    0.8006441677044156,
    0.6890723588278169,
    1.0288080292757362
  ],
  "detuning_offsets": [
    0.0,
    0.0,
    0.0,
    0.0,
    0.0,
    0.0,
    7068.535667669699,
    -14267.697783610634,
    -3239.7150118099908,
    -6822.272199621986,
    -6813.638110456846,
    16173.838317714202,
    1601.912517788476,
    13525.1393491885,
    -12093.605307062138,
    16379.061319208755
  ],
  "omega_lin_max_xyz": [
    20000.0,
    20000.0,
    10000.0
  ]
}