{
  "gen": 9,
  "score": 17690.0,
  "n_bar": 16.194939436291637,
  "num_pulses": 260,
  "good": 0.68688,
  "unique_pairs": [
    [
      0,
      -3
    ],
    [
      0,
      -2
    ],
    [
      0,
      -1
    ],
    [
      1,
      -3
    ],
    [
      1,
      -2
    ],
    [
      1,
      -1
    ],
    [
      2,
      -10
    ],
    [
      2,
      -9
    ],
    [
      2,
      -8
    ],
    [
      2,
      -7
    ],
    [
      2,
      -6
    ],
    [
      2,
      -5
    ],
    [
      2,
      -4
    ],
    [
      2,
      -3
    ],
    [
      2,
      -2
    ],
    [
      2,
      -1
    ]
  ],
  "omega_vector": [
    15921.306759245548,
    9115.117682134343,
    6757.25460771131,
    13808.399559046087,
    7963.958890169122,
    5426.005503517662,
    10530.753328462863,
    32198.96537941019,
    22376.98999631928,
    16628.77361585914,
    8686.733436918486,
    18905.13179449156,
    7623.406554027451,
    5548.3103761284865,
    4693.874876458126,
    1541.0611583939356
  ],
  "time_vector": [
    8.041082089702392e-05,
    0.00012698945058416401,
    0.0001738173987488135,
    5.3932761230987436e-05,
    0.0001510918903788756,
    0.00015606801388337474,
    2.5952644143691716e-05,
    4.41162870776751e-05,
    3.940059477916687e-05,
    3.915783581661403e-05,
    7.321184819391623e-05,
    0.0001464300243485472,
    7.903399459328608e-05,
    0.0002172567166588782,
    0.00020970214825449083,
    5.712440701122395e-05
  ],
  "omega_scales": [
    0.887621682865197,
    0.49318070193485974,
    0.7429335446545117,
    0.9806810656556456,
    0.6188142356361606,
    0.6787067694008211,
    1.1195291607603601,
    1.9614677850962194,
    1.7010855432908023,
    1.4386929254680458,
    1.0125512823619882,
    1.4639337598143336,
    1.4971698014690578,
    0.8995377290014689,
    1.1000180259855106,
    1.9164560980164287
  ],
  "time_scales": [
    1.020325435370259,
    1.1246204850765698,
    1.4633367401458017,
    0.6846304218852114,
    1.3268525100380382,
    1.1518214885695728,
    0.6444241011394003,
    1.3000934934572772,
    0.9827402216731308,
    1.4868732053501676,
    1.0914024197162822,
    1.384639077875447,
    0.8859779193089571,
    1.7788319410318378,
    1.4871128897408097,
    1.3467053922380394
  ]
}