{
  "gen": 2,
  "fitness_penalized": 275.0,
  "raw_survivors": 275,
  "num_pulses": 280,
  "length_penalty": 0.0,
  "unique_pairs": [
    [
      0,
      -3
    ],
    [
      0,
      -2
    ],
    [
      0,
      -1
    ],
    [
      1,
      -3
    ],
    [
      1,
      -2
    ],
    [
      1,
      -1
    ],
    [
      2,
      -5
    ],
    [
      2,
      -4
    ],
    [
      2,
      -3
    ],
    [
      2,
      -2
    ],
    [
      2,
      -1
    ]
  ],
  "omega_vector": [
    10544.799724019467,
    20318.56957948638,
    6927.345656165163,
    12024.892194109512,
    13204.472857343435,
    5644.896395965099,
    8020.593782813523,
    13705.36753867456,
    30932.277456531643,
    6822.15885500722,
    5684.118094533919
  ],
  "time_vector": [
    8.288055328504759e-05,
    7.363633415817736e-05,
    5.5290007250762546e-05,
    6.0498379962865685e-05,
    7.93150085498057e-05,
    6.044038924211031e-05,
    5.9257821734472465e-05,
    4.686919575420421e-05,
    5.438266132671228e-05,
    8.28984706272862e-05,
    0.00014327160226793763
  ],
  "omega_scales": [
    0.7884265639805322,
    1.1816029693916692,
    1.2219837737475345,
    0.8990919394364956,
    0.7678908830885873,
    0.9957597242482434,
    0.86622412854386,
    1.0572712101263229,
    1.19310213046622,
    1.0525616519153995,
    0.8769782202995187
  ],
  "time_scales": [
    0.9208950365005286,
    1.0519476308311053,
    0.7898572464394649,
    0.6722042218096187,
    1.1330715507115101,
    0.8634341320301472,
    0.8465403104924638,
    0.9373839150840841,
    1.0876532265342458,
    0.41449235313643096,
    0.7163580113396881
  ]
}