{
  "gen": 31,
  "score": 3827.9595086677705,
  "score_SLM": 4019,
  "score_AOD": 3646,
  "survive_SLM": 0.6971,
  "survive_AOD": 0.7155,
  "nzbar_SLM": 13.592454454167264,
  "nzbar_AOD": 14.293640810621943,
  "num_pulses": 260,
  "unique_pairs": [
    [
      0,
      -3
    ],
    [
      0,
      -2
    ],
    [
      0,
      -1
    ],
    [
      1,
      -3
    ],
    [
      1,
      -2
    ],
    [
      1,
      -1
    ],
    [
      2,
      -10
    ],
    [
      2,
      -9
    ],
    [
      2,
      -8
    ],
    [
      2,
      -7
    ],
    [
      2,
      -6
    ],
    [
      2,
      -5
    ],
    [
      2,
      -4
    ],
    [
      2,
      -3
    ],
    [
      2,
      -2
    ],
    [
      2,
      -1
    ]
  ],
  "omega_vector": [
    20508.373046875,
    17760.42578125,
    5926.83544921875,
    25809.142578125,
    10060.341796875,
    4332.263671875,
    16568.65674187163,
    13594.377606006194,
    30643.87462338709,
    11959.452236824276,
    10313.964185278406,
    48529.71647924672,
    9521.116107792814,
    1631.6001208387845,
    3581.9960104229567,
    148.79717831598825
  ],
  "time_vector": [
    6.814449443481863e-05,
    7.641866250196472e-05,
    0.0001462052168790251,
    5.634267290588468e-05,
    0.00013017933815717697,
    0.0001981102832360193,
    1.4297923831200308e-05,
    4.407690151906402e-05,
    6.825308489590615e-05,
    1.712347244538125e-05,
    6.155036554636072e-05,
    8.554678758566571e-05,
    0.00012804697779621638,
    0.00021816230713284,
    0.00023787296778320078,
    4.3394873331944446e-05
  ],
  "detuning_vector": [
    0.0,
    0.0,
    0.0,
    0.0,
    0.0,
    0.0,
    1737.073992716485,
    3978.202412699738,
    -99.0836409973947,
    -1902.5328386060748,
    -4404.850535337279,
    1159.8699440233122,
    1764.1882968806867,
    2072.640305208196,
    568.7089673875121,
    497.6626777821274
  ],
  "omega_scales": [
    1.0,
    1.0,
    1.0,
    1.0,
    1.0,
    1.0,
    1.2030398158669176,
    0.7870749860430876,
    1.255370047026913,
    0.7937183654751889,
    1.0112276605921915,
    1.9757246344876878,
    1.4817354444264783,
    0.7993639682406244,
    0.6493440312115037,
    0.7972300987945377
  ],
  "time_scales": [
    1.0,
    1.0,
    1.0,
    1.0,
    1.0,
    1.0,
    0.8972862640821031,
    1.0739294898104705,
    1.3954904389434755,
    1.0041474309713332,
    1.032630479003336,
    0.8736439495202188,
    0.9815314311477553,
    1.2902552496820652,
    1.4206403526114686,
    0.857498431306905
  ],
  "detuning_offsets": [
    0.0,
    0.0,
    0.0,
    0.0,
    0.0,
    0.0,
    1955.276644694024,
    3281.020955180207,
    -1187.9756087708322,
    -1037.4866960279498,
    -4130.917216245482,
    13.527536796749729,
    1446.1975742244367,
    1059.6362768878837,
    125.07469004376213,
    856.1593818836899
  ]
}