{
  "gen": 29,
  "fitness": 2506.807688095407,
  "score_list": [
    2555,
    2746,
    3300,
    2581,
    2230
  ],
  "num_pulses": 200,
  "unique_pairs": [
    [
      0,
      -3
    ],
    [
      0,
      -2
    ],
    [
      0,
      -1
    ],
    [
      1,
      -3
    ],
    [
      1,
      -2
    ],
    [
      1,
      -1
    ],
    [
      2,
      -5
    ],
    [
      2,
      -4
    ],
    [
      2,
      -3
    ],
    [
      2,
      -2
    ]
  ],
  "omega_vector": [
    10667.847850077202,
    12752.033294172988,
    1365.885016191701,
    21613.473986946377,
    12818.80843178813,
    1388.7033944267441,
    6876.005174968068,
    6673.694558845764,
    3504.6024074753427,
    3514.249645698084
  ],
  "time_vector": [
    6.273004333916675e-05,
    0.00012030938857075817,
    3.294577278891081e-05,
    8.65539252013168e-05,
    0.0001374188207037654,
    1.4549632479873055e-05,
    5.226798549522285e-05,
    7.077570188479119e-05,
    0.0002274616800041287,
    0.0001142405586901595
  ],
  "omega_scales": [
    0.4353151071274609,
    0.5203629464499432,
    0.1,
    1.2849224110006257,
    0.7620789812075673,
    0.13981504581269574,
    1.5,
    1.4558659546551513,
    1.4847433855367387,
    1.4888304891435158
  ],
  "time_scales": [
    0.8961434762738107,
    1.718705551010831,
    0.6589154557782162,
    1.2364846457330974,
    1.9631260100537915,
    0.2909926495974611,
    1.045359709904457,
    1.415514037695824,
    1.1373084000206435,
    0.5712027934507975
  ]
}