{
  "gen": 6,
  "score": 3657.521155099448,
  "score_SLM": 4033,
  "score_AOD": 3317,
  "survive_SLM": 0.6887,
  "survive_AOD": 0.7309,
  "nzbar_SLM": 14.896326412080732,
  "nzbar_AOD": 16.61855246955808,
  "num_pulses": 260,
  "unique_pairs": [
    [
      0,
      -3
    ],
    [
      0,
      -2
    ],
    [
      0,
      -1
    ],
    [
      1,
      -3
    ],
    [
      1,
      -2
    ],
    [
      1,
      -1
    ],
    [
      2,
      -10
    ],
    [
      2,
      -9
    ],
    [
      2,
      -8
    ],
    [
      2,
      -7
    ],
    [
      2,
      -6
    ],
    [
      2,
      -5
    ],
    [
      2,
      -4
    ],
    [
      2,
      -3
    ],
    [
      2,
      -2
    ],
    [
      2,
      -1
    ]
  ],
  "omega_vector": [
    20508.373046875,
    17760.42578125,
    5926.83544921875,
    25809.142578125,
    10060.341796875,
    4332.263671875,
    13265.430413462142,
    12137.174973840465,
    29684.367153023406,
    12004.870575270705,
    5477.444602690916,
    39568.75682318933,
    8416.949806572582,
    1549.3011969317267,
    4113.692696566975,
    206.1133758868401
  ],
  "time_vector": [
    6.814449443481863e-05,
    7.641866250196472e-05,
    0.0001462052168790251,
    5.634267290588468e-05,
    0.00013017933815717697,
    0.0001981102832360193,
    1.8779020937353465e-05,
    4.3186081401566006e-05,
    4.800054840142224e-05,
    1.8473699000242573e-05,
    5.4159587492202165e-05,
    8.567636803767695e-05,
    0.00016089981400324745,
    0.00022799480732839416,
    0.00022598814923042125,
    3.727894764225399e-05
  ],
  "detuning_vector": [
    0.0,
    0.0,
    0.0,
    0.0,
    0.0,
    0.0,
    -3028.092796580208,
    1351.1311370654578,
    4946.901613928422,
    -2394.422241434663,
    -3023.924623248157,
    1041.1581477593847,
    -1468.9554628655233,
    716.6337402107947,
    274.6163622917504,
    3855.4769246187443
  ],
  "omega_scales": [
    1.0,
    1.0,
    1.0,
    1.0,
    1.0,
    1.0,
    0.9631946156308722,
    0.7027071852791112,
    1.2160624544656953,
    0.7967326648461333,
    0.537033423046829,
    1.6109092177585582,
    1.309898201130999,
    0.7590435529893318,
    0.7457299759635158,
    1.1043205851134412
  ],
  "time_scales": [
    1.0,
    1.0,
    1.0,
    1.0,
    1.0,
    1.0,
    1.1785037980988404,
    1.05222474284944,
    0.981410678511998,
    1.083326845696819,
    0.9086353960411626,
    0.8749672859197576,
    1.2333615945341092,
    1.348406610297668,
    1.3496610691019095,
    0.736645522144509
  ],
  "detuning_offsets": [
    0.0,
    0.0,
    0.0,
    0.0,
    0.0,
    0.0,
    -2809.890144602669,
    653.9496795459265,
    3858.0096461549847,
    -1529.3760988565384,
    -2749.99130415636,
    -105.18425946717775,
    -1786.9461855217733,
    -296.3702881095178,
    -169.01791505199958,
    4213.973628720307
  ]
}