{
  "gen": 5,
  "score": 15206.315727354868,
  "score_SLM": 16466,
  "score_AOD": 14043,
  "survive_SLM": 0.71528,
  "survive_AOD": 0.72222,
  "nzbar_SLM": 21.188765238787607,
  "nzbar_AOD": 21.51117388053502,
  "num_pulses": 260,
  "unique_pairs": [
    [
      0,
      -3
    ],
    [
      0,
      -2
    ],
    [
      0,
      -1
    ],
    [
      1,
      -3
    ],
    [
      1,
      -2
    ],
    [
      1,
      -1
    ],
    [
      2,
      -10
    ],
    [
      2,
      -9
    ],
    [
      2,
      -8
    ],
    [
      2,
      -7
    ],
    [
      2,
      -6
    ],
    [
      2,
      -5
    ],
    [
      2,
      -4
    ],
    [
      2,
      -3
    ],
    [
      2,
      -2
    ],
    [
      2,
      -1
    ]
  ],
  "omega_vector": [
    15119.400185963803,
    12315.482058009406,
    6741.849918703831,
    16486.329929769054,
    10779.195402349727,
    6295.543118713215,
    11563.719588689226,
    18859.550262058787,
    20745.122610442813,
    11499.447744760324,
    9381.329172176178,
    18901.773677670946,
    5854.453747893315,
    2861.693944871632,
    4440.103926189017,
    486.430761969501
  ],
  "time_vector": [
    7.703628160438678e-05,
    7.842232094980391e-05,
    0.00013057537710935138,
    5.988914229985333e-05,
    0.00010713708136736154,
    0.00015218538525088395,
    1.9300890509623742e-05,
    3.046634968922486e-05,
    3.898945882089989e-05,
    2.1004401696370358e-05,
    5.945648567615396e-05,
    8.288022414366631e-05,
    9.327327891776863e-05,
    0.00014967550187791853,
    0.0002420100329613726,
    5.4875340065690416e-05
  ],
  "detuning_vector": [
    421.03964832051753,
    158.71359392911722,
    1100.2482451292656,
    -254.00864525859004,
    107.19227788773452,
    -246.4057407545297,
    1033.1761342037744,
    526.7377802212579,
    -13.33735380460189,
    296.6326462041185,
    -754.423337985178,
    67.58679984078731,
    955.3609888830563,
    -13.846221954491398,
    1083.5416693468171,
    -535.8670768905615
  ],
  "omega_scales": [
    0.8208695324914829,
    0.84719124255624,
    0.8596148905423173,
    0.8876856668050281,
    0.9130775197729042,
    1.1126411204944668,
    0.821952415953249,
    1.0110132563596221,
    1.0174250800464517,
    0.9833130954923066,
    0.8931017701005135,
    1.2849033999612334,
    1.1617923162945554,
    1.264677020731921,
    1.110174097734439,
    0.8242590645412
  ],
  "time_scales": [
    1.0084231114928022,
    0.8350144616237019,
    0.9709878348391003,
    0.8553062682239815,
    1.0242480492631298,
    0.9582432682902873,
    0.7249652844711306,
    0.7122627000160675,
    0.9504679659482317,
    0.9621253106418343,
    1.208740612953918,
    0.5665282211545866,
    0.8054602531297388,
    0.8027315885671749,
    1.0975015216352484,
    1.1584356991247708
  ],
  "detuning_offsets": [
    421.03964832051753,
    158.71359392911722,
    1100.2482451292656,
    -254.00864525859004,
    107.19227788773452,
    -246.4057407545297,
    1033.1761342037744,
    526.7377802212579,
    -13.33735380460189,
    296.6326462041185,
    -754.423337985178,
    67.58679984078731,
    955.3609888830563,
    -13.846221954491398,
    1083.5416693468171,
    -535.8670768905615
  ]
}