{
  "gen": 33,
  "score": 2880.0,
  "score_SLM": 3050,
  "score_AOD": 2880,
  "survive_SLM": 0.7159,
  "survive_AOD": 0.7263,
  "nzbar_SLM": 33.4542533873446,
  "nzbar_AOD": 29.33484785901143,
  "num_pulses": 260,
  "unique_pairs": [
    [
      0,
      -3
    ],
    [
      0,
      -2
    ],
    [
      0,
      -1
    ],
    [
      1,
      -3
    ],
    [
      1,
      -2
    ],
    [
      1,
      -1
    ],
    [
      2,
      -10
    ],
    [
      2,
      -9
    ],
    [
      2,
      -8
    ],
    [
      2,
      -7
    ],
    [
      2,
      -6
    ],
    [
      2,
      -5
    ],
    [
      2,
      -4
    ],
    [
      2,
      -3
    ],
    [
      2,
      -2
    ],
    [
      2,
      -1
    ]
  ],
  "omega_vector": [
    20000.0,
    17760.42578125,
    5926.83544921875,
    20000.0,
    10060.341796875,
    4332.263671875,
    9999.999999999998,
    8626.547994380417,
    8268.485732685102,
    8259.182907480552,
    9052.784167322012,
    9999.999999999998,
    6600.832410658856,
    4239.263029222013,
    3691.7822256440777,
    40.61438065056054
  ],
  "time_vector": [
    6.814449443481863e-05,
    7.641866250196472e-05,
    0.0001462052168790251,
    5.634267290588468e-05,
    0.00013017933815717697,
    0.0001981102832360193,
    8.79264729809764e-06,
    4.4352075697472845e-05,
    4.628149269924731e-05,
    1.5214557316479775e-05,
    8.797645051686122e-05,
    0.00013481250549388083,
    0.00012509982559982068,
    0.000293524056156669,
    0.00023963145532463381,
    3.0639710475201365e-05
  ],
  "detuning_vector": [
    0.0,
    0.0,
    0.0,
    0.0,
    0.0,
    0.0,
    15071.259787241062,
    8626.414157721778,
    9842.550768701456,
    -13087.294773513742,
    -7897.734253599923,
    16231.299616212982,
    -3248.5358688525657,
    1043.8283987089599,
    624.0270612357012,
    16843.09274676751
  ],
  "omega_scales": [
    1.0,
    1.0,
    1.0,
    1.0,
    1.0,
    1.0,
    0.9999999999999998,
    0.8626547994380416,
    0.8268485732685101,
    0.8259182907480552,
    0.9052784167322012,
    0.9999999999999998,
    0.7182238854253779,
    1.3434237013175552,
    0.8689777125455961,
    0.616745303557845
  ],
  "time_scales": [
    1.0,
    1.0,
    1.0,
    1.0,
    1.0,
    1.0,
    0.4781093116997094,
    1.0303575381691774,
    1.1534444497405896,
    0.8308102810350284,
    0.9948239145608431,
    1.0319701604322102,
    0.93259221975645,
    1.1654236688053994,
    1.08899055741389,
    0.6854342534515748
  ],
  "detuning_offsets": [
    0.0,
    0.0,
    0.0,
    0.0,
    0.0,
    0.0,
    4450.361349741063,
    -2190.829982903222,
    -902.8300906735448,
    -8668.453464919992,
    -4992.458862974923,
    12851.394098634857,
    -6438.558329790066,
    248.42697048630362,
    219.56737495640436,
    4352.970676455011
  ],
  "omega_lin_max_xyz": [
    20000.0,
    20000.0,
    10000.0
  ]
}