{
  "gen": 12,
  "fitness_penalized": 15160.0,
  "raw_survivors": 15160,
  "num_pulses": 280,
  "length_penalty": 0.0,
  "unique_pairs": [
    [
      0,
      -3
    ],
    [
      0,
      -2
    ],
    [
      0,
      -1
    ],
    [
      1,
      -3
    ],
    [
      1,
      -2
    ],
    [
      1,
      -1
    ],
    [
      2,
      -5
    ],
    [
      2,
      -4
    ],
    [
      2,
      -3
    ],
    [
      2,
      -2
    ],
    [
      2,
      -1
    ]
  ],
  "omega_vector": [
    14740.532787772132,
    24528.49425810465,
    5187.411775466316,
    13104.809458529782,
    23132.51111686816,
    5324.42296763683,
    12532.25825160282,
    16302.62377893582,
    25862.96892190301,
    9382.25233813859,
    977.1454352245898
  ],
  "time_vector": [
    5.120082258518192e-05,
    5.820271880590487e-05,
    7.778653166895386e-05,
    5.599640532349714e-05,
    7.826830656726051e-05,
    9.025994201447206e-05,
    5.668868859764656e-05,
    8.334000792335658e-05,
    8.217973969176101e-05,
    0.00015312569523225636,
    0.00022288970045108926
  ],
  "omega_scales": [
    1.1021382976703469,
    1.4264262814713162,
    0.915059437192258,
    0.9798365225916112,
    1.3452444926424867,
    0.9392282114911368,
    1.3534838911731037,
    1.2576309772321914,
    0.9975716584162586,
    1.4475475035985252,
    0.15075958143465096
  ],
  "time_scales": [
    0.5688980287242436,
    0.8314674115129268,
    1.1112361666993407,
    0.6221822813721904,
    1.1181186652465789,
    1.2894277430638865,
    0.8098384085378081,
    1.6668001584671315,
    1.6435947938352207,
    0.7656284761612817,
    1.1144485022554462
  ]
}