{
  "gen": 6,
  "fitness_penalized": 13922.0,
  "raw_survivors": 13922,
  "num_pulses": 280,
  "length_penalty": 0.0,
  "unique_pairs": [
    [
      0,
      -3
    ],
    [
      0,
      -2
    ],
    [
      0,
      -1
    ],
    [
      1,
      -3
    ],
    [
      1,
      -2
    ],
    [
      1,
      -1
    ],
    [
      2,
      -5
    ],
    [
      2,
      -4
    ],
    [
      2,
      -3
    ],
    [
      2,
      -2
    ],
    [
      2,
      -1
    ]
  ],
  "omega_vector": [
    9124.700820007423,
    16782.25723770007,
    7507.02196225223,
    13637.88709203588,
    22701.663144634887,
    5030.373882170815,
    11874.210359634555,
    16737.24331253402,
    29415.51736583403,
    6571.10593796233,
    1982.5317809289095
  ],
  "time_vector": [
    7.422634274633715e-05,
    9.830174417211699e-05,
    7.89708356449878e-05,
    8.08451396000035e-05,
    6.601628206822747e-05,
    0.00010513372952628023,
    8.183930585798643e-05,
    6.241822270839755e-05,
    7.120219454030227e-05,
    0.00012328486484040717,
    0.00019596841776076782
  ],
  "omega_scales": [
    0.6822468613113242,
    0.9759528055154808,
    1.3242386741412933,
    1.019694327189144,
    1.3201890259495364,
    0.8873579528149316,
    1.2824147188405313,
    1.2911587698240528,
    1.1345985269678835,
    1.0138277732856165,
    0.30587633191474595
  ],
  "time_scales": [
    0.8247371416259682,
    1.404310631030243,
    1.128154794928397,
    0.8982793288889277,
    0.9430897438318211,
    1.5019104218040031,
    1.1691329408283777,
    1.248364454167951,
    1.4240438908060458,
    0.6164243242020357,
    0.979842088803839
  ]
}