{
  "gen": 3,
  "fitness": 1753.6546828778944,
  "score_list": [
    1644,
    2148,
    2229,
    2037,
    1459
  ],
  "num_pulses": 200,
  "unique_pairs": [
    [
      0,
      -3
    ],
    [
      0,
      -2
    ],
    [
      0,
      -1
    ],
    [
      1,
      -3
    ],
    [
      1,
      -2
    ],
    [
      1,
      -1
    ],
    [
      2,
      -5
    ],
    [
      2,
      -4
    ],
    [
      2,
      -3
    ],
    [
      2,
      -2
    ]
  ],
  "omega_vector": [
    17009.731912286337,
    15798.74749810513,
    19431.968122149257,
    12979.67713065149,
    19367.714816528198,
    8167.724915609108,
    2609.7277291217283,
    6876.005174968068,
    2910.7738865211977,
    2203.932078852431
  ],
  "time_vector": [
    8.36946497839824e-05,
    8.065091009348298e-05,
    8.976404162306481e-05,
    8.259524390633386e-05,
    0.00010149882965304292,
    3.1996683959889454e-05,
    5.9297837097323e-05,
    7.817215788958544e-05,
    0.00014018636391663675,
    9.441025667775925e-05
  ],
  "omega_scales": [
    0.6941037567903381,
    0.6446879967047496,
    1.4226650041398503,
    0.771642635644743,
    1.1514118846723136,
    0.8223288269074829,
    0.5693119033612088,
    1.5,
    1.2331647851371341,
    0.9337075068112141
  ],
  "time_scales": [
    1.1956378540568915,
    1.1521558584783282,
    1.795280832461296,
    1.1799320558047695,
    1.4499832807577557,
    0.6399336791977891,
    1.18595674194646,
    1.563443157791709,
    0.7009318195831837,
    0.4720512833887962
  ]
}