{
  "gen": 8,
  "score": 12325.0,
  "n_bar": 35.50762584621869,
  "num_pulses": 260,
  "good": 0.75926,
  "unique_pairs": [
    [
      0,
      -3
    ],
    [
      0,
      -2
    ],
    [
      0,
      -1
    ],
    [
      1,
      -3
    ],
    [
      1,
      -2
    ],
    [
      1,
      -1
    ],
    [
      2,
      -10
    ],
    [
      2,
      -9
    ],
    [
      2,
      -8
    ],
    [
      2,
      -7
    ],
    [
      2,
      -6
    ],
    [
      2,
      -5
    ],
    [
      2,
      -4
    ],
    [
      2,
      -3
    ],
    [
      2,
      -2
    ],
    [
      2,
      -1
    ]
  ],
  "omega_vector": [
    20027.262062291597,
    16353.861137652475,
    7621.648745443465,
    18038.771176471924,
    15584.165099830367,
    5554.1090899114115,
    10337.856619608607,
    16564.609515232576,
    9014.54684331917,
    7685.48813846263,
    8535.452738440881,
    8494.245421656376,
    3421.616039262824,
    5597.53719536497,
    3700.0062853686477,
    1799.0299509469567
  ],
  "time_vector": [
    7.988288542587336e-05,
    8.780587656899232e-05,
    9.140009105273619e-05,
    8.129514028577003e-05,
    8.80575781574412e-05,
    0.00014552855008477956,
    2.4741217352058504e-05,
    3.135519782641948e-05,
    2.931023687863915e-05,
    2.2039786808921493e-05,
    7.214418209220188e-05,
    7.648449203365086e-05,
    9.152609880387203e-05,
    0.00010109058586573908,
    0.00016572162255819564,
    7.604752574637491e-05
  ],
  "omega_scales": [
    1.2517038788932249,
    1.2579893182809596,
    0.8468498606048294,
    1.1274231985294954,
    1.198781930756182,
    0.6171232322123791,
    0.8614880516340506,
    1.3803841262693815,
    1.0016163159243523,
    0.8539431264958477,
    1.4225754564068134,
    1.4157075702760626,
    0.855404009815706,
    1.3993842988412426,
    1.233335428456216,
    0.5996766503156522
  ],
  "time_scales": [
    0.998536067823417,
    0.9756208507665812,
    0.7616674254394681,
    1.0161892535721253,
    0.9784175350826798,
    1.2127379173731627,
    0.8247072450686168,
    1.0451732608806494,
    0.9770078959546384,
    0.7346595602973832,
    1.4428836418440376,
    1.5296898406730173,
    1.307515697198172,
    1.4441512266534156,
    1.8413513617577293,
    0.8449725082930546
  ]
}