{
  "gen": 26,
  "fitness": 67.59326842045324,
  "z_mean": 55.30326842045325,
  "good_frac": 0.8781,
  "survive_frac": 0.998,
  "num_pulses": 200,
  "z_dns": [
    -5,
    -4,
    -3,
    -2
  ],
  "omega_scales_z": [
    0.4873195980919818,
    0.1,
    0.10791284280168825,
    0.1407696733286433
  ],
  "time_scales_z": [
    1.1412369652237615,
    0.7644798038675829,
    0.1,
    0.4960224121772318
  ]
}