{
  "gen": 2,
  "score": 9116.0,
  "n_bar": 36.61221021660833,
  "num_pulses": 260,
  "good": 0.78852,
  "unique_pairs": [
    [
      0,
      -3
    ],
    [
      0,
      -2
    ],
    [
      0,
      -1
    ],
    [
      1,
      -3
    ],
    [
      1,
      -2
    ],
    [
      1,
      -1
    ],
    [
      2,
      -10
    ],
    [
      2,
      -9
    ],
    [
      2,
      -8
    ],
    [
      2,
      -7
    ],
    [
      2,
      -6
    ],
    [
      2,
      -5
    ],
    [
      2,
      -4
    ],
    [
      2,
      -3
    ],
    [
      2,
      -2
    ],
    [
      2,
      -1
    ]
  ],
  "omega_vector": [
    18160.76477298665,
    13992.304763251797,
    10419.832057455238,
    18994.488997855973,
    18543.549481548565,
    7868.0094319304935,
    6182.221554427508,
    14057.163692289285,
    8177.015787778487,
    8700.0009695183,
    7571.005078781144,
    4063.455065963217,
    6088.812811987602,
    5321.260377188074,
    3084.481597578207,
    1641.7502572617252
  ],
  "time_vector": [
    6.63669011827048e-05,
    0.00014029856508950618,
    9.1101046915564e-05,
    8.021794449186331e-05,
    0.00011989678152515215,
    0.0001504845867890993,
    2.2705804157715617e-05,
    4.362432707575649e-05,
    3.863629288433766e-05,
    1.7790442916100695e-05,
    8.373115345607576e-05,
    5.844550652562513e-05,
    6.677679058117245e-05,
    8.032230946689397e-05,
    0.00010241451630287204,
    7.492883357133126e-05
  ],
  "omega_scales": [
    1.1350477983116658,
    1.0763311356347536,
    1.1577591174950264,
    1.1871555623659984,
    1.4264268831960436,
    0.8742232702144993,
    0.5151851295356257,
    1.1714303076907737,
    0.9085573097531652,
    0.9666667743909223,
    1.2618341797968573,
    0.6772425109938695,
    1.5222032029969004,
    1.3303150942970186,
    1.028160532526069,
    0.5472500857539084
  ],
  "time_scales": [
    0.8295862647838099,
    1.5588729454389574,
    0.7591753909630331,
    1.0027243061482913,
    1.3321864613905794,
    1.2540382232424938,
    0.7568601385905206,
    1.4541442358585497,
    1.2878764294779221,
    0.5930147638700232,
    1.674623069121515,
    1.1689101305125025,
    0.9539541511596065,
    1.1474615638127712,
    1.1379390700319114,
    0.832542595237014
  ]
}