{
  "gen": 38,
  "score": 18689.0,
  "n_bar": 17.933579021970235,
  "num_pulses": 260,
  "good": 0.7055,
  "unique_pairs": [
    [
      0,
      -3
    ],
    [
      0,
      -2
    ],
    [
      0,
      -1
    ],
    [
      1,
      -3
    ],
    [
      1,
      -2
    ],
    [
      1,
      -1
    ],
    [
      2,
      -10
    ],
    [
      2,
      -9
    ],
    [
      2,
      -8
    ],
    [
      2,
      -7
    ],
    [
      2,
      -6
    ],
    [
      2,
      -5
    ],
    [
      2,
      -4
    ],
    [
      2,
      -3
    ],
    [
      2,
      -2
    ],
    [
      2,
      -1
    ]
  ],
  "omega_vector": [
    23745.88904321272,
    14250.792691362622,
    7661.136597595005,
    14766.342109432406,
    11831.541619846908,
    6585.877189871826,
    13299.264712499455,
    20984.769807076307,
    20778.999672039772,
    10593.501864917183,
    7966.1631409598185,
    17817.752943333096,
    5088.313078146479,
    4033.04065131238,
    4321.323332028186,
    937.2162092847002
  ],
  "time_vector": [
    6.470617726226174e-05,
    0.00012412008605968645,
    0.00013384966551353855,
    7.839400156571058e-05,
    0.00010651338482140692,
    0.00014196094350962842,
    3.88270827882769e-05,
    4.452501563895032e-05,
    5.3644042086125976e-05,
    3.1508753989040776e-05,
    5.5852195723920096e-05,
    0.000127616038259374,
    0.00013456575839988918,
    0.0001393575378106886,
    0.00021746413588304253,
    5.031179692548285e-05
  ],
  "omega_scales": [
    1.3238464852407315,
    0.7710504886217443,
    0.842311811373562,
    1.0487147372721584,
    0.9193325185192545,
    0.8237882229036915,
    1.4138508611793368,
    1.2783314454122363,
    1.579607264067476,
    0.916531582007557,
    0.928559482394459,
    1.3797317226519783,
    0.9992998047567518,
    0.6538697337591285,
    1.0127099009783715,
    1.1655174810293716
  ],
  "time_scales": [
    0.8210506714116368,
    1.0992093496748871,
    1.1268557383328375,
    0.995145012793548,
    0.9353748348011304,
    1.0477077346174881,
    0.9641063079032075,
    1.3121385992062824,
    1.3380041115277024,
    1.1964277663271026,
    0.8326141610043278,
    1.2067344407248983,
    1.5084937975220796,
    1.1410171491748664,
    1.5421573990532256,
    1.1860984079785768
  ]
}