{
  "gen": 14,
  "score": 3639.7170219675045,
  "score_SLM": 3716,
  "score_AOD": 3565,
  "survive_SLM": 0.7111,
  "survive_AOD": 0.713,
  "nzbar_SLM": 14.885107579805934,
  "nzbar_AOD": 15.82061711079944,
  "num_pulses": 260,
  "unique_pairs": [
    [
      0,
      -3
    ],
    [
      0,
      -2
    ],
    [
      0,
      -1
    ],
    [
      1,
      -3
    ],
    [
      1,
      -2
    ],
    [
      1,
      -1
    ],
    [
      2,
      -10
    ],
    [
      2,
      -9
    ],
    [
      2,
      -8
    ],
    [
      2,
      -7
    ],
    [
      2,
      -6
    ],
    [
      2,
      -5
    ],
    [
      2,
      -4
    ],
    [
      2,
      -3
    ],
    [
      2,
      -2
    ],
    [
      2,
      -1
    ]
  ],
  "omega_vector": [
    20508.373046875,
    17760.42578125,
    5926.83544921875,
    25809.142578125,
    10060.341796875,
    4332.263671875,
    13361.993031336177,
    28904.638779145607,
    26400.018730678545,
    15214.19964172106,
    11668.077690821841,
    29148.641861376916,
    7823.811656698634,
    1646.4614478257292,
    4126.657189970917,
    85.05940301728188
  ],
  "time_vector": [
    6.814449443481863e-05,
    7.641866250196472e-05,
    0.0001462052168790251,
    5.634267290588468e-05,
    0.00013017933815717697,
    0.0001981102832360193,
    1.5367427136114456e-05,
    2.9039569705387057e-05,
    5.4662510551871856e-05,
    2.1131184142290203e-05,
    7.497710711260282e-05,
    7.654132708953952e-05,
    0.00024561677953288436,
    0.00017166148114411333,
    0.0002665766178851106,
    4.346351001249366e-05
  ],
  "detuning_vector": [
    0.0,
    0.0,
    0.0,
    0.0,
    0.0,
    0.0,
    15236.549285372705,
    -14533.947194979453,
    7135.79360789522,
    -16115.688286379696,
    15769.801108393376,
    17075.489895806877,
    -1709.291683930569,
    5652.157219947916,
    1564.0784141291053,
    -4746.209658005813
  ],
  "omega_scales": [
    1.0,
    1.0,
    1.0,
    1.0,
    1.0,
    1.0,
    0.9702059669936673,
    1.6734946477891848,
    1.0815144351931862,
    1.0097276557915884,
    1.1439910683167858,
    1.186689186861603,
    1.2175903445562393,
    0.8066449246231836,
    0.7480801785837963,
    0.45573388580572055
  ],
  "time_scales": [
    1.0,
    1.0,
    1.0,
    1.0,
    1.0,
    1.0,
    0.9644044440514055,
    0.7075463384043281,
    1.117619972197907,
    1.239165965755169,
    1.2578909214382283,
    0.7816759598723845,
    1.882751106492248,
    1.015240121564751,
    1.592066151776586,
    0.8588547170010894
  ],
  "detuning_offsets": [
    0.0,
    0.0,
    0.0,
    0.0,
    0.0,
    0.0,
    15454.751937350244,
    -15231.128652498985,
    6046.901640121782,
    -15250.642143801571,
    16043.734427485173,
    15929.147488580315,
    -2027.282406586819,
    4639.1531916276035,
    1120.4441367853553,
    -4387.712953904251
  ]
}