{
  "gen": 4,
  "fitness": 69.53744040731311,
  "z_mean": 55.85744040731312,
  "good_frac": 0.8642,
  "survive_frac": 0.998,
  "num_pulses": 200,
  "z_dns": [
    -5,
    -4,
    -3,
    -2
  ],
  "omega_scales_z": [
    0.8810277354117825,
    0.7230196204290074,
    0.1,
    0.1
  ],
  "time_scales_z": [
    0.6768629725063805,
    1.2602762558491543,
    0.7145205732135922,
    0.7452625531305914
  ]
}