{
  "gen": 12,
  "score": 2620.190426710535,
  "score_SLM": 2646,
  "score_AOD": 2659,
  "survive_SLM": 0.7515,
  "survive_AOD": 0.7457,
  "nzbar_SLM": 43.41996007984032,
  "nzbar_AOD": 34.806490545795896,
  "num_pulses": 260,
  "unique_pairs": [
    [
      0,
      -3
    ],
    [
      0,
      -2
    ],
    [
      0,
      -1
    ],
    [
      1,
      -3
    ],
    [
      1,
      -2
    ],
    [
      1,
      -1
    ],
    [
      2,
      -10
    ],
    [
      2,
      -9
    ],
    [
      2,
      -8
    ],
    [
      2,
      -7
    ],
    [
      2,
      -6
    ],
    [
      2,
      -5
    ],
    [
      2,
      -4
    ],
    [
      2,
      -3
    ],
    [
      2,
      -2
    ],
    [
      2,
      -1
    ]
  ],
  "omega_vector": [
    20000.0,
    17760.42578125,
    5926.83544921875,
    20000.0,
    10060.341796875,
    4332.263671875,
    6652.408336200493,
    6003.793381847936,
    6870.193760191257,
    8339.222580443584,
    4273.414465685066,
    8136.649586211042,
    9608.81046529882,
    2495.8146344451357,
    4738.592005538963,
    67.18061232558544
  ],
  "time_vector": [
    6.814449443481863e-05,
    7.641866250196472e-05,
    0.0001462052168790251,
    5.634267290588468e-05,
    0.00013017933815717697,
    0.0001981102832360193,
    2.0579901861108475e-05,
    5.363647256525243e-05,
    4.5173736649037176e-05,
    2.2017289416983227e-05,
    8.0728264462578e-05,
    0.00010016539785067953,
    0.00010131519886433563,
    0.00019862214305328197,
    0.0002428468655697244,
    2.6850965986474908e-05
  ],
  "detuning_vector": [
    0.0,
    0.0,
    0.0,
    0.0,
    0.0,
    0.0,
    7779.112115700296,
    4832.498760809977,
    10072.8468793681,
    -13109.011454298512,
    -10574.259163170707,
    8946.169753231903,
    4509.259555371824,
    298.55017659535633,
    -309.07692981588843,
    16763.54314788033
  ],
  "omega_scales": [
    1.0,
    1.0,
    1.0,
    1.0,
    1.0,
    1.0,
    0.6652408336200493,
    0.6003793381847936,
    0.6870193760191257,
    0.8339222580443584,
    0.4273414465685066,
    0.8136649586211042,
    1.0455161951330478,
    0.7909243920220099,
    1.1153775033254318,
    1.0201639537096634
  ],
  "time_scales": [
    1.0,
    1.0,
    1.0,
    1.0,
    1.0,
    1.0,
    1.119053497777738,
    1.2460463903735868,
    1.1258365444363119,
    1.2022821320170816,
    0.9128625626123988,
    0.7667515807308678,
    0.7552829570378903,
    0.7886200187271684,
    1.103602793484367,
    0.6006770801665711
  ],
  "detuning_offsets": [
    0.0,
    0.0,
    0.0,
    0.0,
    0.0,
    0.0,
    -2841.7863217997037,
    -5984.745379815023,
    -672.5339800069003,
    -8690.170145704762,
    -7668.983772545706,
    5566.264235653778,
    1319.2370944343238,
    -496.8512516272999,
    -713.5366160951853,
    4273.42107756783
  ],
  "omega_lin_max_xyz": [
    20000.0,
    20000.0,
    10000.0
  ]
}