{
  "gen": 25,
  "score": 2804.0,
  "score_SLM": 2804,
  "score_AOD": 3004,
  "survive_SLM": 0.7572,
  "survive_AOD": 0.7377,
  "nzbar_SLM": 34.92643951399894,
  "nzbar_AOD": 26.31272875152501,
  "num_pulses": 260,
  "unique_pairs": [
    [
      0,
      -3
    ],
    [
      0,
      -2
    ],
    [
      0,
      -1
    ],
    [
      1,
      -3
    ],
    [
      1,
      -2
    ],
    [
      1,
      -1
    ],
    [
      2,
      -10
    ],
    [
      2,
      -9
    ],
    [
      2,
      -8
    ],
    [
      2,
      -7
    ],
    [
      2,
      -6
    ],
    [
      2,
      -5
    ],
    [
      2,
      -4
    ],
    [
      2,
      -3
    ],
    [
      2,
      -2
    ],
    [
      2,
      -1
    ]
  ],
  "omega_vector": [
    20000.0,
    17760.42578125,
    5926.83544921875,
    20000.0,
    10060.341796875,
    4332.263671875,
    9729.900126428578,
    9999.999999999998,
    8533.506854593672,
    2193.1889240915575,
    7675.722160891404,
    9999.999999999998,
    9922.439137328483,
    3580.277837441496,
    3422.346084875274,
    62.6156766603584
  ],
  "time_vector": [
    6.814449443481863e-05,
    7.641866250196472e-05,
    0.0001462052168790251,
    5.634267290588468e-05,
    0.00013017933815717697,
    0.0001981102832360193,
    2.11753180795545e-05,
    3.782199401311379e-05,
    3.3438603308350984e-05,
    2.0261278491124677e-05,
    0.00014448641358125565,
    0.00015340237247390466,
    6.364532832985823e-05,
    0.0002927832259148588,
    0.00028602684433812865,
    4.388070135354044e-05
  ],
  "detuning_vector": [
    0.0,
    0.0,
    0.0,
    0.0,
    0.0,
    0.0,
    19872.229161379742,
    9319.546288746296,
    6944.472323555382,
    -13555.061066335493,
    -756.0894530572441,
    8201.328483722398,
    -2359.8478966654966,
    5958.540704816783,
    772.9401068643374,
    6972.06538561345
  ],
  "omega_scales": [
    1.0,
    1.0,
    1.0,
    1.0,
    1.0,
    1.0,
    0.9729900126428578,
    0.9999999999999998,
    0.8533506854593672,
    0.21931889240915575,
    0.7675722160891404,
    0.9999999999999998,
    1.0796415280292762,
    1.1345911001430746,
    0.8055573949396353,
    0.9508436147687414
  ],
  "time_scales": [
    1.0,
    1.0,
    1.0,
    1.0,
    1.0,
    1.0,
    1.1514298718917848,
    0.8786550804480565,
    0.8333692183122268,
    1.10639291878096,
    1.633829720513825,
    1.1742728936950337,
    0.47446219640737564,
    1.1624822366458776,
    1.2998315777415173,
    0.9816455608331863
  ],
  "detuning_offsets": [
    0.0,
    0.0,
    0.0,
    0.0,
    0.0,
    0.0,
    9251.330723879742,
    -1497.6978518787041,
    -3800.908535819618,
    -9136.219757741743,
    2149.185937567756,
    4821.422966144273,
    -5549.870357602997,
    5163.139276594126,
    368.4804205850405,
    -5518.05668469905
  ],
  "omega_lin_max_xyz": [
    20000.0,
    20000.0,
    10000.0
  ]
}