{
  "gen": 30,
  "score": 2543.461881980506,
  "score_SLM": 2650,
  "score_AOD": 2614,
  "survive_SLM": 0.7305,
  "survive_AOD": 0.7178,
  "nzbar_SLM": 43.026420260095826,
  "nzbar_AOD": 35.150181108944,
  "num_pulses": 260,
  "unique_pairs": [
    [
      0,
      -3
    ],
    [
      0,
      -2
    ],
    [
      0,
      -1
    ],
    [
      1,
      -3
    ],
    [
      1,
      -2
    ],
    [
      1,
      -1
    ],
    [
      2,
      -10
    ],
    [
      2,
      -9
    ],
    [
      2,
      -8
    ],
    [
      2,
      -7
    ],
    [
      2,
      -6
    ],
    [
      2,
      -5
    ],
    [
      2,
      -4
    ],
    [
      2,
      -3
    ],
    [
      2,
      -2
    ],
    [
      2,
      -1
    ]
  ],
  "omega_vector": [
    20000.0,
    17760.42578125,
    5926.83544921875,
    20000.0,
    10060.341796875,
    4332.263671875,
    5331.3536551711295,
    7168.180135398056,
    7367.035388269589,
    5510.660551676103,
    6627.371973474073,
    8629.976429908242,
    7376.423906348584,
    3886.881951450468,
    4717.682933785117,
    70.81756841798389
  ],
  "time_vector": [
    6.814449443481863e-05,
    7.641866250196472e-05,
    0.0001462052168790251,
    5.634267290588468e-05,
    0.00013017933815717697,
    0.0001981102832360193,
    2.0494503054071426e-05,
    4.67351858152863e-05,
    4.051848476011548e-05,
    2.8686050071092454e-05,
    0.0001234618341643265,
    0.00010594684980329241,
    0.00010940387865678689,
    0.0002452290060260101,
    0.0002460815232577761,
    5.463721583937502e-05
  ],
  "detuning_vector": [
    0.0,
    0.0,
    0.0,
    0.0,
    0.0,
    0.0,
    18663.20946680705,
    5669.300567686127,
    17300.483343659245,
    -14398.51950861601,
    -4331.543232696962,
    5455.36611689611,
    3186.4934354227553,
    14570.968089209942,
    -13930.645306766786,
    20764.285903867934
  ],
  "omega_scales": [
    1.0,
    1.0,
    1.0,
    1.0,
    1.0,
    1.0,
    0.5331353655171129,
    0.7168180135398057,
    0.7367035388269589,
    0.5510660551676103,
    0.6627371973474072,
    0.8629976429908242,
    0.8026145051050486,
    1.231754034087448,
    1.1104558919644205,
    1.0753925587826274
  ],
  "time_scales": [
    1.0,
    1.0,
    1.0,
    1.0,
    1.0,
    1.0,
    1.1144098491167376,
    1.0857203466863048,
    1.0098166379844085,
    1.5664383015294614,
    1.3960870714905371,
    0.8110077562036977,
    0.8155823204172752,
    0.9736704093097913,
    1.1183024983873922,
    1.2222771908972632
  ],
  "detuning_offsets": [
    0.0,
    0.0,
    0.0,
    0.0,
    0.0,
    0.0,
    8042.311029307048,
    -5147.943572938873,
    6555.102484284247,
    -9979.67820002226,
    -1426.2678420719626,
    2075.460599317985,
    -3.5290255147444896,
    13775.566660987286,
    -14335.104993046083,
    8274.163833555434
  ],
  "omega_lin_max_xyz": [
    20000.0,
    20000.0,
    10000.0
  ]
}