{
  "gen": 6,
  "score": -56.446397737162755,
  "n_bar": 20.25739773716275,
  "num_pulses": 480,
  "good": 0.64344,
  "survive": 0.98934,
  "unique_pairs": [
    [
      0,
      -3
    ],
    [
      0,
      -2
    ],
    [
      0,
      -1
    ],
    [
      1,
      -3
    ],
    [
      1,
      -2
    ],
    [
      1,
      -1
    ],
    [
      2,
      -10
    ],
    [
      2,
      -9
    ],
    [
      2,
      -8
    ],
    [
      2,
      -7
    ],
    [
      2,
      -6
    ],
    [
      2,
      -5
    ],
    [
      2,
      -4
    ],
    [
      2,
      -3
    ],
    [
      2,
      -2
    ],
    [
      2,
      -1
    ]
  ],
  "omega_vector": [
    9067.879439512666,
    13542.272491541244,
    9922.781527132722,
    17487.60611555632,
    13342.287970852498,
    7991.436305468384,
    9022.633863422318,
    9491.926989504473,
    14531.922222893587,
    15413.383630979457,
    7130.853528766704,
    9670.186395772751,
    2392.731670539222,
    2686.237916462172,
    1790.2619550768202,
    878.5509079276989
  ],
  "time_vector": [
    6.147926133253825e-05,
    6.579135367956607e-05,
    0.00012199482595687978,
    7.721536152204758e-05,
    8.368973094464494e-05,
    0.00013870346472811526,
    1.826191156821891e-05,
    4.359918477511234e-05,
    4.78217136055985e-05,
    2.950776770380715e-05,
    3.932071568014755e-05,
    6.531500444181961e-05,
    6.585275537837883e-05,
    8.203875168291057e-05,
    6.616650258553843e-05,
    2.7577874553417275e-05
  ],
  "omega_scales": [
    0.5667424649695416,
    1.0417132685800956,
    1.1025312807925247,
    1.0929753822222699,
    1.0263298439117305,
    0.8879373672742649,
    0.7518861552851931,
    0.7909939157920394,
    1.614658024765954,
    1.7125981812199396,
    1.188475588127784,
    1.6116977326287918,
    0.5981829176348055,
    0.671559479115543,
    0.5967539850256067,
    0.2928503026425663
  ],
  "time_scales": [
    0.7684907666567281,
    0.7310150408840674,
    1.0166235496406648,
    0.9651920190255947,
    0.9298858993849438,
    1.1558622060676271,
    0.608730385607297,
    1.4533061591704113,
    1.5940571201866165,
    0.9835922567935715,
    0.7864143136029509,
    1.3063000888363923,
    0.9407536482625549,
    1.1719821668987227,
    0.735183362061538,
    0.306420828371303
  ]
}