{
  "gen": 37,
  "fitness_penalized": 16691.0,
  "raw_survivors": 16691,
  "num_pulses": 280,
  "length_penalty": 0.0,
  "unique_pairs": [
    [
      0,
      -3
    ],
    [
      0,
      -2
    ],
    [
      0,
      -1
    ],
    [
      1,
      -3
    ],
    [
      1,
      -2
    ],
    [
      1,
      -1
    ],
    [
      2,
      -5
    ],
    [
      2,
      -4
    ],
    [
      2,
      -3
    ],
    [
      2,
      -2
    ],
    [
      2,
      -1
    ]
  ],
  "omega_vector": [
    11811.734578642046,
    23519.268513084546,
    6805.157901392208,
    10855.010557599453,
    15965.245003736267,
    8503.40136054422,
    11875.201543907498,
    18449.212571932836,
    30692.322557921052,
    6251.361977959872,
    2324.668338669269
  ],
  "time_vector": [
    0.0001261003003805862,
    6.225858057163379e-05,
    8.141992242777055e-05,
    0.0001271271427777734,
    6.799442496435872e-05,
    7.58709242674039e-05,
    0.00010131748156583198,
    0.00010030355082795884,
    6.884891997439761e-05,
    0.00033283710357464143,
    0.00028603347494597864
  ],
  "omega_scales": [
    0.8831543084953898,
    1.3677359227609165,
    1.2004298538055853,
    0.8116207893835897,
    0.9284404017557396,
    1.5,
    1.282521766742009,
    1.4232249698348183,
    1.1838467272340971,
    0.9644958480280944,
    0.3586631151089728
  ],
  "time_scales": [
    1.40111444867318,
    0.8894082938804828,
    1.1631417489681506,
    1.4125238086419267,
    0.9713489280622676,
    1.0838703466771984,
    1.4473925937975998,
    2.0060710165591766,
    1.3769783994879525,
    1.664185517873207,
    1.430167374729893
  ]
}