{
  "gen": 35,
  "score": 2677.3429048662397,
  "score_SLM": 2816,
  "score_AOD": 2769,
  "survive_SLM": 0.7077,
  "survive_AOD": 0.7035,
  "nzbar_SLM": 34.1627808393387,
  "nzbar_AOD": 29.67818052594172,
  "num_pulses": 260,
  "unique_pairs": [
    [
      0,
      -3
    ],
    [
      0,
      -2
    ],
    [
      0,
      -1
    ],
    [
      1,
      -3
    ],
    [
      1,
      -2
    ],
    [
      1,
      -1
    ],
    [
      2,
      -10
    ],
    [
      2,
      -9
    ],
    [
      2,
      -8
    ],
    [
      2,
      -7
    ],
    [
      2,
      -6
    ],
    [
      2,
      -5
    ],
    [
      2,
      -4
    ],
    [
      2,
      -3
    ],
    [
      2,
      -2
    ],
    [
      2,
      -1
    ]
  ],
  "omega_vector": [
    20000.0,
    17760.42578125,
    5926.83544921875,
    20000.0,
    10060.341796875,
    4332.263671875,
    6484.820178923723,
    6848.003397756016,
    7858.560500061009,
    5548.136005692202,
    9118.044216263725,
    8073.265872540493,
    7509.502686180873,
    3289.261556038537,
    5771.9242577083805,
    79.93771272787913
  ],
  "time_vector": [
    6.814449443481863e-05,
    7.641866250196472e-05,
    0.0001462052168790251,
    5.634267290588468e-05,
    0.00013017933815717697,
    0.0001981102832360193,
    2.8756194031843785e-05,
    5.0410451866585016e-05,
    4.4102332921773014e-05,
    3.267163022201465e-05,
    0.0001945254848171868,
    8.692666824547171e-05,
    0.00016113314827295114,
    0.0002939755501325233,
    0.0003429247921649288,
    7.283463343551612e-05
  ],
  "detuning_vector": [
    0.0,
    0.0,
    0.0,
    0.0,
    0.0,
    0.0,
    23820.322437918476,
    -6996.498739040857,
    18094.01139667227,
    -18780.87553007187,
    -1511.8532176638373,
    4344.335663240218,
    3389.3189036094673,
    14156.027509187934,
    -2127.8847732838385,
    32114.175264708723
  ],
  "omega_scales": [
    1.0,
    1.0,
    1.0,
    1.0,
    1.0,
    1.0,
    0.6484820178923723,
    0.6848003397756016,
    0.7858560500061009,
    0.5548136005692202,
    0.9118044216263725,
    0.8073265872540493,
    0.817094551313232,
    1.042367954938097,
    1.3586049316803401,
    1.2138855280412897
  ],
  "time_scales": [
    1.0,
    1.0,
    1.0,
    1.0,
    1.0,
    1.0,
    1.5636478604848332,
    1.1711016511953218,
    1.099134625146999,
    1.7840759821005998,
    2.1996636958044884,
    0.6654110273114738,
    1.2012128690324257,
    1.1672163047231272,
    1.558400837088848,
    1.6293676350074586
  ],
  "detuning_offsets": [
    0.0,
    0.0,
    0.0,
    0.0,
    0.0,
    0.0,
    13199.424000418476,
    -17813.742879665857,
    7348.630537297269,
    -14362.034221478121,
    1393.4221729611627,
    964.4301456620932,
    199.2964426719675,
    13360.626080965278,
    -2532.3444595631354,
    19624.053194396223
  ],
  "omega_lin_max_xyz": [
    20000.0,
    20000.0,
    10000.0
  ]
}