{
  "gen": 1,
  "score": 2928.0,
  "score_SLM": 3447,
  "score_AOD": 2928,
  "survive_SLM": 0.7182,
  "survive_AOD": 0.724,
  "nzbar_SLM": 28.56335282651072,
  "nzbar_AOD": 25.60621546961326,
  "num_pulses": 260,
  "unique_pairs": [
    [
      0,
      -3
    ],
    [
      0,
      -2
    ],
    [
      0,
      -1
    ],
    [
      1,
      -3
    ],
    [
      1,
      -2
    ],
    [
      1,
      -1
    ],
    [
      2,
      -10
    ],
    [
      2,
      -9
    ],
    [
      2,
      -8
    ],
    [
      2,
      -7
    ],
    [
      2,
      -6
    ],
    [
      2,
      -5
    ],
    [
      2,
      -4
    ],
    [
      2,
      -3
    ],
    [
      2,
      -2
    ],
    [
      2,
      -1
    ]
  ],
  "omega_vector": [
    20000.0,
    17760.42578125,
    5926.83544921875,
    20000.0,
    10060.341796875,
    4332.263671875,
    9999.999999999998,
    9999.999999999998,
    9999.999999999998,
    9999.999999999998,
    9999.999999999998,
    9999.999999999998,
    9190.494140625,
    3155.566650390625,
    4248.419921875,
    65.8527603149414
  ],
  "time_vector": [
    6.814449443481863e-05,
    7.641866250196472e-05,
    0.0001462052168790251,
    5.634267290588468e-05,
    0.00013017933815717697,
    0.0001981102832360193,
    1.8390453988104127e-05,
    4.304532558307983e-05,
    4.012459612567909e-05,
    1.8312914107809775e-05,
    8.843419345794246e-05,
    0.00013063605001661927,
    0.0001341420429525897,
    0.00025186038692481816,
    0.00022004915808793157,
    4.470116618904285e-05
  ],
  "detuning_vector": [
    0.0,
    0.0,
    0.0,
    0.0,
    0.0,
    0.0,
    10620.8984375,
    10817.244140625,
    10745.380859375,
    -4418.84130859375,
    -2905.275390625,
    3379.905517578125,
    3190.0224609375,
    795.4014282226562,
    404.4596862792969,
    12490.1220703125
  ],
  "omega_scales": [
    1.0,
    1.0,
    1.0,
    1.0,
    1.0,
    1.0,
    0.9999999999999998,
    0.9999999999999998,
    0.9999999999999998,
    0.9999999999999998,
    0.9999999999999998,
    0.9999999999999998,
    1.0,
    1.0,
    1.0,
    1.0
  ],
  "time_scales": [
    1.0,
    1.0,
    1.0,
    1.0,
    1.0,
    1.0,
    1.0,
    1.0,
    1.0,
    1.0,
    1.0,
    1.0,
    1.0,
    1.0,
    1.0,
    1.0
  ],
  "detuning_offsets": [
    0.0,
    0.0,
    0.0,
    0.0,
    0.0,
    0.0,
    0.0,
    0.0,
    0.0,
    0.0,
    0.0,
    0.0,
    0.0,
    0.0,
    0.0,
    0.0
  ],
  "omega_lin_max_xyz": [
    20000.0,
    20000.0,
    10000.0
  ]
}