{
  "gen": 32,
  "score": 3732.283751270795,
  "score_SLM": 3954,
  "score_AOD": 3523,
  "survive_SLM": 0.6878,
  "survive_AOD": 0.7085,
  "nzbar_SLM": 11.791799941843559,
  "nzbar_AOD": 11.957798165137614,
  "num_pulses": 260,
  "unique_pairs": [
    [
      0,
      -3
    ],
    [
      0,
      -2
    ],
    [
      0,
      -1
    ],
    [
      1,
      -3
    ],
    [
      1,
      -2
    ],
    [
      1,
      -1
    ],
    [
      2,
      -10
    ],
    [
      2,
      -9
    ],
    [
      2,
      -8
    ],
    [
      2,
      -7
    ],
    [
      2,
      -6
    ],
    [
      2,
      -5
    ],
    [
      2,
      -4
    ],
    [
      2,
      -3
    ],
    [
      2,
      -2
    ],
    [
      2,
      -1
    ]
  ],
  "omega_vector": [
    20508.373046875,
    17760.42578125,
    5926.83544921875,
    25809.142578125,
    10060.341796875,
    4332.263671875,
    13090.194886367657,
    20576.51002604324,
    38605.1800161436,
    20415.164613860776,
    15164.195122642466,
    49193.08530424476,
    9983.593309235712,
    2040.9788823590445,
    3606.4817962934267,
    100.12655074278348
  ],
  "time_vector": [
    6.814449443481863e-05,
    7.641866250196472e-05,
    0.0001462052168790251,
    5.634267290588468e-05,
    0.00013017933815717697,
    0.0001981102832360193,
    1.9074913885613524e-05,
    4.494162621565501e-05,
    5.104214104550128e-05,
    1.583516655727514e-05,
    6.245519792938829e-05,
    9.018648070120437e-05,
    0.00012706256361716056,
    0.0001824732572635395,
    0.00019706864818098271,
    3.107060924551142e-05
  ],
  "detuning_vector": [
    0.0,
    0.0,
    0.0,
    0.0,
    0.0,
    0.0,
    7913.670487109509,
    12009.997145217385,
    -6635.371037601629,
    -7596.655800216711,
    19046.18305762646,
    3448.8063053129367,
    1308.1839151477989,
    1062.0347779432386,
    -872.5609415196398,
    11324.310743669537
  ],
  "omega_scales": [
    1.0,
    1.0,
    1.0,
    1.0,
    1.0,
    1.0,
    0.9504708734752195,
    1.1913201774245359,
    1.5815162817355204,
    1.354902445977182,
    1.4867662213255337,
    2.002731471213393,
    1.553709029651033,
    0.9999294298036181,
    0.6537828130689506,
    0.5364611133358332
  ],
  "time_scales": [
    1.0,
    1.0,
    1.0,
    1.0,
    1.0,
    1.0,
    1.1970729750819449,
    1.094998424336978,
    1.0435985409426336,
    0.9285991418043231,
    1.0478108518379978,
    0.9210266734356188,
    0.9739855017190379,
    1.07918311465009,
    1.1769461509205945,
    0.6139665043834347
  ],
  "detuning_offsets": [
    0.0,
    0.0,
    0.0,
    0.0,
    0.0,
    0.0,
    8131.873139087048,
    11312.815687697854,
    -7724.263005375066,
    -6731.609657638586,
    19320.116376718255,
    2302.4638980863742,
    990.193192491549,
    49.03074962292612,
    -1316.1952188633898,
    11682.8074477711
  ]
}