{
  "gen": 1,
  "score": 9008.0,
  "n_bar": 37.44680309509265,
  "num_pulses": 260,
  "good": 0.78576,
  "unique_pairs": [
    [
      0,
      -3
    ],
    [
      0,
      -2
    ],
    [
      0,
      -1
    ],
    [
      1,
      -3
    ],
    [
      1,
      -2
    ],
    [
      1,
      -1
    ],
    [
      2,
      -10
    ],
    [
      2,
      -9
    ],
    [
      2,
      -8
    ],
    [
      2,
      -7
    ],
    [
      2,
      -6
    ],
    [
      2,
      -5
    ],
    [
      2,
      -4
    ],
    [
      2,
      -3
    ],
    [
      2,
      -2
    ],
    [
      2,
      -1
    ]
  ],
  "omega_vector": [
    21462.015473426134,
    15582.427010402533,
    9119.263416881195,
    16247.635315135503,
    15522.611476299831,
    9308.052094380044,
    11262.218189874386,
    13233.704397081772,
    8799.433376809033,
    7094.5337890990895,
    6170.111186361128,
    9524.235753527999,
    4072.335746305597,
    3383.773608013738,
    4103.441958530601,
    2983.560962281225
  ],
  "time_vector": [
    7.469379202523366e-05,
    9.731797340685766e-05,
    9.912890878202853e-05,
    8.004042701956372e-05,
    7.000976013546839e-05,
    0.0001285769624529699,
    3.788202984656908e-05,
    4.239994253629494e-05,
    3.444410430188694e-05,
    6.371004468195829e-06,
    4.642506264133477e-05,
    8.116848866769945e-05,
    7.2645282448825e-05,
    6.707931191099622e-05,
    0.00010713777866608756,
    7.094443931046519e-05
  ],
  "omega_scales": [
    1.3413759670891334,
    1.1986482315694256,
    1.013251490764577,
    1.015477207195969,
    1.1940470366384486,
    1.0342280104866715,
    0.9385181824895321,
    1.1028086997568143,
    0.9777148196454482,
    0.788281532122121,
    1.0283518643935212,
    1.5873726255879999,
    1.0180839365763992,
    0.8459434020034344,
    1.3678139861768672,
    0.9945203207604083
  ],
  "time_scales": [
    0.9336724003154206,
    1.0813108156317517,
    0.8260742398502375,
    1.0005053377445465,
    0.7778862237274266,
    1.0714746871080822,
    1.2627343282189694,
    1.4133314178764982,
    1.1481368100628981,
    0.21236681560652765,
    0.9285012528266954,
    1.623369773353989,
    1.0377897492689285,
    0.9582758844428032,
    1.1904197629565283,
    0.7882715478940576
  ]
}