{
  "gen": 16,
  "score": 2913.0,
  "score_SLM": 2996,
  "score_AOD": 2913,
  "survive_SLM": 0.7395,
  "survive_AOD": 0.7472,
  "nzbar_SLM": 34.5632183908046,
  "nzbar_AOD": 29.91595289079229,
  "num_pulses": 260,
  "unique_pairs": [
    [
      0,
      -3
    ],
    [
      0,
      -2
    ],
    [
      0,
      -1
    ],
    [
      1,
      -3
    ],
    [
      1,
      -2
    ],
    [
      1,
      -1
    ],
    [
      2,
      -10
    ],
    [
      2,
      -9
    ],
    [
      2,
      -8
    ],
    [
      2,
      -7
    ],
    [
      2,
      -6
    ],
    [
      2,
      -5
    ],
    [
      2,
      -4
    ],
    [
      2,
      -3
    ],
    [
      2,
      -2
    ],
    [
      2,
      -1
    ]
  ],
  "omega_vector": [
    20000.0,
    17760.42578125,
    5926.83544921875,
    20000.0,
    10060.341796875,
    4332.263671875,
    7735.679889763587,
    9418.463031906622,
    7946.329341915325,
    5514.212752794563,
    8026.437365820739,
    8228.338956415893,
    7018.8035341036575,
    3383.4968386511414,
    3967.9651645146996,
    57.84588413740653
  ],
  "time_vector": [
    6.814449443481863e-05,
    7.641866250196472e-05,
    0.0001462052168790251,
    5.634267290588468e-05,
    0.00013017933815717697,
    0.0001981102832360193,
    2.01114220322206e-05,
    4.0896096614189986e-05,
    4.391804055260831e-05,
    2.033724705194845e-05,
    0.00010218040658448345,
    0.00015348200670754192,
    0.00015046365910065747,
    0.0002733237741927974,
    0.00017183411442841894,
    4.146174006999984e-05
  ],
  "detuning_vector": [
    0.0,
    0.0,
    0.0,
    0.0,
    0.0,
    0.0,
    16682.0960382881,
    11054.46793434298,
    15216.359228893863,
    -8094.787137402787,
    -10045.339298319785,
    9148.272101105054,
    1541.189810546885,
    1268.1126956789192,
    484.3245412502469,
    12493.581375470258
  ],
  "omega_scales": [
    1.0,
    1.0,
    1.0,
    1.0,
    1.0,
    1.0,
    0.7735679889763587,
    0.9418463031906621,
    0.7946329341915325,
    0.5514212752794563,
    0.8026437365820739,
    0.8228338956415893,
    0.7637025198762972,
    1.0722311437257397,
    0.9339861024763003,
    0.8784124440761188
  ],
  "time_scales": [
    1.0,
    1.0,
    1.0,
    1.0,
    1.0,
    1.0,
    1.0935794214340593,
    0.9500705607455165,
    1.0945416226757103,
    1.110541278805833,
    1.1554400236948892,
    1.174882482193975,
    1.121674128325572,
    1.08521938495388,
    0.7808896699334522,
    0.9275315076715591
  ],
  "detuning_offsets": [
    0.0,
    0.0,
    0.0,
    0.0,
    0.0,
    0.0,
    6061.197600788098,
    237.2237937179791,
    4470.978369518863,
    -3675.9458288090377,
    -7140.063907694784,
    5768.366583526929,
    -1648.832650390615,
    472.711267456263,
    79.86485497095003,
    3.4593051577570577
  ],
  "omega_lin_max_xyz": [
    20000.0,
    20000.0,
    10000.0
  ]
}