{
  "gen": 38,
  "fitness_penalized": 16548.0,
  "raw_survivors": 16548,
  "num_pulses": 280,
  "length_penalty": 0.0,
  "unique_pairs": [
    [
      0,
      -3
    ],
    [
      0,
      -2
    ],
    [
      0,
      -1
    ],
    [
      1,
      -3
    ],
    [
      1,
      -2
    ],
    [
      1,
      -1
    ],
    [
      2,
      -5
    ],
    [
      2,
      -4
    ],
    [
      2,
      -3
    ],
    [
      2,
      -2
    ],
    [
      2,
      -1
    ]
  ],
  "omega_vector": [
    10249.840065411394,
    19933.82923246571,
    5982.5347050598,
    10807.710267655437,
    18331.600078079744,
    6652.607812889449,
    11823.406161432133,
    16483.333396821785,
    29675.65631787336,
    8639.972986355991,
    1350.5776638749883
  ],
  "time_vector": [
    7.443128741694764e-05,
    6.528542083193355e-05,
    0.00010815320776959202,
    0.00012655858115662183,
    7.686771232608358e-05,
    0.00010790276232152521,
    0.00011788134177198675,
    0.00010747866017219492,
    5.787663341775574e-05,
    0.0002690478866714011,
    0.0003716339372607927
  ],
  "omega_scales": [
    0.7663726571984517,
    1.1592288384418517,
    1.0553191219725486,
    0.808084183089314,
    1.0660530506944834,
    1.1735200181936987,
    1.2769278654346696,
    1.2715714334691088,
    1.1446324579751148,
    1.3330244036092098,
    0.20837483956928382
  ],
  "time_scales": [
    0.8270143046327516,
    0.9326488690276222,
    1.545045825279886,
    1.406206457295798,
    1.0981101760869085,
    1.5414680331646458,
    1.6840191681712393,
    2.1495732034438984,
    1.157532668355115,
    1.3452394333570052,
    1.8581696863039634
  ]
}