{
  "gen": 34,
  "score": 27254.0,
  "n_bar": 6.964972792958878,
  "num_pulses": 260,
  "good": 0.67262,
  "unique_pairs": [
    [
      0,
      -3
    ],
    [
      0,
      -2
    ],
    [
      0,
      -1
    ],
    [
      1,
      -3
    ],
    [
      1,
      -2
    ],
    [
      1,
      -1
    ],
    [
      2,
      -10
    ],
    [
      2,
      -9
    ],
    [
      2,
      -8
    ],
    [
      2,
      -7
    ],
    [
      2,
      -6
    ],
    [
      2,
      -5
    ],
    [
      2,
      -4
    ],
    [
      2,
      -3
    ],
    [
      2,
      -2
    ],
    [
      2,
      -1
    ]
  ],
  "omega_vector": [
    15673.054756598212,
    23449.692727062757,
    7488.127300641903,
    14436.266776122016,
    10595.505340464959,
    6341.401129541103,
    7151.5123171990745,
    29295.025418776047,
    16181.050828465246,
    5230.123553351582,
    14775.414016012122,
    11762.928804532834,
    3264.835478033963,
    6.167957382162706,
    1772.1044986018992,
    691.2709207775073
  ],
  "time_vector": [
    7.859300824555842e-05,
    5.636460319367854e-05,
    0.00013932989611157968,
    9.61245951979376e-05,
    0.00010391410395088262,
    0.00012321353640454388,
    4.695683424583156e-05,
    4.838423940965249e-05,
    5.9375838765724885e-05,
    3.0808244460803706e-05,
    8.715983218609511e-05,
    0.000188233288829715,
    0.00013960689086341097,
    7.208619423706361e-05,
    1.410129316349615e-07,
    6.908684593899359e-05
  ],
  "omega_scales": [
    0.8737814960201994,
    1.2687643015248058,
    0.8232901202126472,
    1.0252725832243046,
    0.8232902290005975,
    0.7932081659915975,
    0.7602805167795069,
    1.7845681668780582,
    1.2300739127149563,
    0.4525013046274463,
    1.722265857239146,
    0.9108716500069869,
    0.6411848889122809,
    0.001,
    0.4152958789270135,
    0.8596611265487715
  ],
  "time_scales": [
    0.9972593795293001,
    0.4991657739538871,
    1.1729927927146822,
    1.2202197822220475,
    0.9125485776227953,
    0.9093471197721259,
    1.1659742850740358,
    1.4258687439315527,
    1.4809681244078514,
    1.1698285218615476,
    1.2993313800521447,
    1.7799298240246801,
    1.5650053287179388,
    0.5902198412473055,
    0.001,
    1.6287193657954417
  ]
}